playerId,Full_Name,Team_Abbreviation,Team_Full_Name,Country,experience_years,is_drafted,total_games,total_frames,avg_frames_per_game,gravity_mean,gravity_median,gravity_std,gravity_min,gravity_max,gravity_range,gravity_iqr,gravity_consistency,onBallPerimeter_gravity_mean,offBallPerimeter_gravity_mean,onBallInterior_gravity_mean,offBallInterior_gravity_mean,onBallPerimeter_gravity_std,offBallPerimeter_gravity_std,onBallInterior_gravity_std,offBallInterior_gravity_std,pct_onBallPerimeter,pct_offBallPerimeter,pct_onBallInterior,pct_offBallInterior,gravity_early_season,gravity_late_season,gravity_trend,gravity_high_intensity_games,gravity_low_intensity_games,intensity_gravity_delta,is_trending_up,season_GravityScoreAvg,season_Gravity,season_GP,season_MPG,season_PPG,season_RPG,season_APG,sample_frames,sample_gravity_mean,sample_gravity_std,sample_gravity_max,sample_gravity_min,sample_pct_ball_handler,sample_pct_has_gravity,sample_gravity_spike_pct,pressure_efficiency,interior_preference,perimeter_preference,zone_versatility,reliability_score,surrounded_recommendation_score,gravity_p25,gravity_p75,onBallPerimeter_total_frames,offBallPerimeter_total_frames,onBallInterior_total_frames,offBallInterior_total_frames,School,Draft_Year,Draft_Round,Draft_Number,Rookie_Year,Team_ID,All_Teams_2026,Games_In_Data,In_Leaderboard,In_Sample_Game,Team_City,Team_Name,season_Frames
1629497,Marina Mabrey,TOR,Toronto Tempo,USA,7.0,1,25,123485,4939.4,12.3061,13.173,3.6126,2.858,15.4602,12.6022,5.1462,0.276,10.5174,13.2486,8.7618,13.531,7.4376,4.0625,16.6902,8.1243,0.2245,0.5962,0.0413,0.138,9.6078,12.5136,2.9058,12.7406,11.8354,0.9052,1,13.0057,13.0157,25.0,29.4,19.9,3.6,3.8,,,,,,,,,244.8913,0.1793,0.8207,1.513,0.3219,1.9725,10.314,15.4602,27724,73616,5104,17041,Notre Dame,2019,2,19,2019.0,1611661332,TOR,25,True,False,Toronto,Tempo,123485.0
1627674,Kahleah Copper,PHX,Phoenix Mercury,USA,10.0,1,34,179870,5290.2941,7.2187,7.2845,4.4013,-3.225,15.4602,18.6852,4.639,0.2267,-0.0401,8.3715,-1.1225,11.365,7.2369,5.1026,12.1348,7.7576,0.151,0.6601,0.0472,0.1417,9.113,9.0228,-0.0902,5.7081,8.7294,-3.0213,0,6.8953,7.2468,34.0,33.3,21.6,3.7,1.9,,,,,,,,,155.9249,0.1889,0.8111,1.4148,0.437,1.4635,4.7895,9.4285,27156,118738,8497,25479,Rutgers,2016,1,7,2016.0,1611661317,PHX,34,True,False,Phoenix,Mercury,179870.0
1631009,Rhyne Howard,ATL,Atlanta Dream,USA,4.0,1,35,203859,5824.5429,8.3545,8.192,3.8022,-3.168,15.4602,18.6282,4.8025,0.2623,0.3892,9.7661,4.0212,17.897,5.436,3.9835,15.8535,9.1398,0.2247,0.6271,0.032,0.1161,8.7306,7.374,-1.3566,9.084,7.5821,1.5019,0,8.6398,8.3551,35.0,34.3,18.0,3.9,3.8,,,,,,,,,150.3814,0.1481,0.8519,1.4258,0.45,1.3883,6.228,11.0305,45817,127843,6521,23678,Kentucky,2022,1,1,2022.0,1611661330,ATL,35,True,False,Atlanta,Dream,203859.0
1628932,A'ja Wilson,LVA,Las Vegas Aces,USA,8.0,1,30,157646,5254.8667,4.5597,4.399,4.4686,-5.663,11.403,17.066,6.866,0.2233,-0.2242,2.2769,4.9144,8.1751,8.3835,3.491,15.3981,5.3744,0.096,0.4194,0.086,0.3986,2.6288,3.1668,0.538,5.0654,4.0541,1.0113,1,4.6961,4.5597,30.0,32.1,25.3,9.7,3.0,,,,,,,,,115.3613,0.4846,0.5154,1.6837,0.3857,1.3807,1.3672,8.2332,15132,66115,13563,62836,South Carolina,2018,1,1,2018.0,1611661319,LVA,30,True,False,Las Vegas,Aces,157646.0
1628909,Kelsey Mitchell,IND,Indiana Fever,USA,8.0,1,34,168897,4967.5588,5.5495,5.779,6.7248,-24.7857,15.4602,40.2459,7.1572,0.1485,-4.5956,8.6626,-1.8431,9.8708,10.1205,5.8077,14.5721,9.4395,0.2009,0.5939,0.0506,0.1546,6.3042,4.5248,-1.7794,7.5119,3.5872,3.9247,0,5.88,5.5274,34.0,32.4,24.4,1.6,2.9,9728.0,10.06,29.7378,100.0,-100.0,0.2118,0.8918,0.4573,135.4089,0.2051,0.7949,1.5457,0.4366,1.3571,2.7612,9.9185,33937,100315,8539,26106,Ohio State,2018,1,2,2018.0,1611661325,IND,34,True,True,Indiana,Fever,168897.0
1642785,Sonia Citron,WAS,Washington Mystics,USA,1.0,1,33,203704,6172.8485,9.3661,8.981,4.5229,0.626,15.4602,14.8342,8.196,0.2206,1.8218,10.7097,3.8335,17.308,6.0602,4.6786,11.3984,6.373,0.2072,0.5907,0.0403,0.1618,9.8116,5.9516,-3.86,9.7735,8.9332,0.8404,0,9.6504,9.5366,33.0,33.1,16.4,3.5,4.4,,,,,,,,,153.6037,0.2021,0.7979,1.531,0.4242,1.3344,6.158,14.354,42206,120333,8206,32959,Notre Dame,2025,1,3,2025.0,1611661322,WAS,33,True,False,Washington,Mystics,203704.0
203825,Kayla McBride,MIN,Minnesota Lynx,USA,12.0,1,39,201973,5178.7949,7.4634,8.248,5.4733,-7.068,15.4602,22.5282,6.6725,0.1824,-0.5896,8.3492,-4.3399,9.1476,9.0192,5.9527,19.6412,6.8798,0.1036,0.7387,0.0215,0.1361,10.2292,8.7713,-1.4579,8.8996,5.9517,2.9479,0,7.8203,7.5201,39.0,32.5,18.5,3.0,2.2,8037.0,-4.0643,33.4927,94.4,-100.0,0.1273,0.8931,0.3291,138.0735,0.1576,0.8424,1.1725,0.5009,1.3191,3.785,10.4575,20934,149202,4345,27492,Notre Dame,2014,1,3,2014.0,1611661324,MIN,39,True,True,Minnesota,Lynx,201973.0
1642784,Paige Bueckers,DAL,Dallas Wings,USA,1.0,1,31,174082,5615.5484,3.8973,3.336,4.6449,-4.449,12.641,17.09,6.4465,0.2148,-2.5008,7.1914,0.7868,7.2712,7.0515,4.2641,14.6956,8.7561,0.3032,0.4954,0.0688,0.1327,3.7656,8.2594,4.4938,4.2196,3.5535,0.6662,1,3.9554,3.8973,31.0,33.0,20.5,4.1,5.9,,,,,,,,,79.8945,0.2015,0.7985,1.6763,0.3985,1.2681,0.962,7.4085,52777,86232,11974,23099,Connecticut,2025,1,1,2025.0,1611661321,DAL,31,True,False,Dallas,Wings,174082.0
1629524,Bridget Carleton,PDX,Portland Fire,Canada,7.0,1,36,192861,5357.25,7.5158,7.49,3.5535,1.624,15.4602,13.8362,5.6955,0.2806,-1.77,7.9932,-0.4303,13.7424,7.8648,4.0974,14.0659,4.679,0.1183,0.6754,0.0327,0.1737,7.6344,8.2886,0.6542,7.7971,7.2346,0.5624,1,7.5922,7.5225,36.0,30.6,14.2,4.5,2.1,,,,,,,,,106.7249,0.2063,0.7937,1.3466,0.4629,1.2328,4.407,10.1025,22815,130252,6303,33491,Iowa State,2019,2,21,2019.0,1611661327,PDX,36,True,False,Portland,Fire,192861.0
1642286,Caitlin Clark,IND,Indiana Fever,USA,2.0,1,31,147025,4742.7419,4.9313,3.891,6.4975,-9.981,15.3,25.281,7.428,0.1537,3.1881,7.1154,-4.8628,11.4577,5.9812,7.8767,11.6712,8.2375,0.3841,0.4521,0.0836,0.0802,5.9584,3.6668,-2.2916,4.5373,5.3516,-0.8143,0,4.7717,4.9313,31.0,29.9,21.5,3.9,8.1,9038.0,12.6455,32.9532,100.0,-100.0,0.3947,0.8743,0.4786,106.0234,0.1638,0.8362,1.6392,0.3982,1.1709,1.938,9.366,56472,66477,12289,11787,Iowa,2024,1,1,2024.0,1611661325,IND,31,True,True,Indiana,Fever,147025.0
1629477,Sabrina Ionescu,NYL,New York Liberty,USA,6.0,1,25,136035,5441.4,5.8684,5.052,4.4239,-2.115,15.157,17.272,5.922,0.2255,0.2248,8.4105,-3.1111,9.6066,6.7207,4.4592,14.4702,7.4695,0.2822,0.5037,0.0451,0.169,4.6546,5.1922,0.5376,5.8742,5.862,0.0122,1,5.7254,5.5702,26.0,30.2,14.3,4.0,4.5,,,,,,,,,83.9175,0.2141,0.7859,1.6484,0.3216,1.0783,2.649,8.571,38390,68524,6132,22989,Oregon,2020,1,1,2020.0,1611661313,NYL,26,True,False,New York,Liberty,142208.0
1628277,Allisha Gray,ATL,Atlanta Dream,USA,9.0,1,36,211047,5862.4167,5.198,6.024,6.1058,-24.7857,13.411,38.1967,3.9402,0.1635,-3.1591,5.7924,1.4456,12.3356,5.8843,6.6347,18.9144,11.2276,0.1128,0.7647,0.0352,0.0874,7.5002,4.2518,-3.2484,6.0998,4.2962,1.8036,0,5.5482,5.1518,36.0,32.8,19.2,3.4,2.7,,,,,,,,,99.8012,0.1226,0.8774,1.1282,0.4624,1.0749,3.8508,7.791,23796,161385,7424,18442,South Carolina,2017,1,4,2017.0,1611661330,ATL,36,True,False,Atlanta,Dream,211047.0
1643425,Azzi Fudd,DAL,Dallas Wings,USA,0.0,1,25,132143,5285.72,6.563,6.81,2.3208,1.245,11.078,9.833,3.801,0.429,-3.5617,8.471,-10.0301,7.9795,8.6313,3.6159,17.4539,6.5583,0.1157,0.6697,0.0294,0.1852,7.8616,6.618,-1.2436,6.4012,6.7382,-0.337,0,6.6063,6.6477,26.0,31.8,13.5,1.7,1.7,,,,,,,,,88.6005,0.2146,0.7854,1.3477,0.3227,1.0577,4.842,8.643,15289,88490,3889,24475,Connecticut,2026,1,1,2026.0,1611661321,DAL,25,True,False,Dallas,Wings,140004.0
1629498,Jackie Young,LVA,Las Vegas Aces,USA,7.0,1,30,158439,5281.3,2.8385,2.8485,3.6288,-5.259,8.589,13.848,4.316,0.2748,-0.4184,4.0348,-0.5215,8.5518,5.5097,5.385,11.4766,6.1012,0.3208,0.516,0.0505,0.1128,2.8002,3.5578,0.7576,3.6641,2.0129,1.6512,1,2.8304,2.8385,30.0,31.9,17.8,4.5,6.7,,,,,,,,,50.5259,0.1632,0.8368,1.5912,0.386,0.9412,1.0735,5.3895,50820,81756,7995,17868,Notre Dame,2019,1,1,2019.0,1611661319,LVA,31,True,False,Las Vegas,Aces,158439.0
1630996,Rae Burrell,LAS,Los Angeles Sparks,USA,4.0,1,36,170304,4730.6667,2.0198,2.3035,4.264,-8.207,10.574,18.781,5.5652,0.234,-3.2058,3.1014,-4.5661,5.0352,6.4188,4.7446,14.9392,10.1458,0.1347,0.7016,0.0607,0.103,-1.301,5.1676,6.4686,3.4714,0.5681,2.9033,1,2.3391,2.0198,36.0,29.0,14.1,2.3,2.4,,,,,,,,,28.4789,0.1637,0.8363,1.3314,0.4627,0.915,-1.017,4.5482,22939,119488,10343,17534,Tennessee,2022,1,9,2022.0,1611661320,LAS,36,True,False,Los Angeles,Sparks,170304.0
1643428,Flau'jae Johnson,SEA,Seattle Storm,USA,0.0,1,37,173613,4692.2432,3.185,3.272,4.4863,-8.618,13.018,21.636,4.669,0.2224,-2.0306,4.3924,-2.753,6.7168,9.2498,4.9315,15.5019,13.1986,0.159,0.689,0.0501,0.102,6.1406,7.6788,1.5382,3.3647,2.9953,0.3694,1,3.2814,3.185,37.0,28.5,14.3,4.9,2.9,,,,,,,,,45.5459,0.152,0.848,1.3443,0.4755,0.8634,1.224,5.893,27607,119611,8691,17704,Louisiana State,2026,1,8,2026.0,1611661328,SEA,38,True,False,Seattle,Storm,173613.0
1642808,JJ Quinerly,DAL,Dallas Wings,USA,1.0,1,3,2457,819.0,9.0617,10.79,5.8038,2.59,13.805,11.215,5.6075,0.172,-1.8157,8.1393,15.9335,-10.8749,19.5946,8.1159,17.3475,27.4651,0.3053,0.5946,0.0387,0.0615,9.0617,9.0617,0.0,8.1975,10.79,-2.5925,0,,,,,,,,,,,,,,,,0.0,0.1001,0.8999,1.3973,0.0393,0.8037,6.69,12.2975,750,1461,95,151,West Virginia,2025,3,27,2025.0,1611661321,DAL,5,False,False,Dallas,Wings,
1629567,Natisha Hiedeman,SEA,Seattle Storm,USA,7.0,1,36,189722,5270.0556,0.5949,0.9935,4.644,-10.352,11.872,22.224,3.94,0.2149,-1.4578,2.1219,-2.9743,5.5217,6.9588,4.393,15.8458,10.7884,0.3411,0.5428,0.0507,0.0654,0.187,4.3166,4.1296,0.1907,0.9991,-0.8084,1,0.6363,0.5949,36.0,30.1,15.2,2.6,5.0,,,,,,,,,9.0419,0.1161,0.8839,1.4832,0.4626,0.7455,-1.7585,2.1815,64710,102982,9623,12407,Marquette,2019,2,18,2019.0,1611661328,SEA,36,True,False,Seattle,Storm,189722.0
1627668,Breanna Stewart,NYL,New York Liberty,USA,10.0,1,35,200110,5717.4286,-0.0711,-0.031,4.772,-8.083,15.4602,23.5432,5.3925,0.2091,-6.2858,0.1419,-4.9427,5.5497,7.9155,4.595,13.7609,6.0085,0.166,0.54,0.0551,0.239,2.7818,1.493,-1.2888,-0.0054,-0.1406,0.1352,0,0.0738,-0.0147,36.0,33.0,20.2,8.1,3.4,,,,,,,,,-1.4364,0.294,0.706,1.634,0.4498,0.6927,-3.572,1.8205,33215,108053,11025,47817,Connecticut,2016,1,1,2016.0,1611661313,NYL,35,True,False,New York,Liberty,207385.0
1630446,Michaela Onyenwere,WAS,Washington Mystics,USA,5.0,1,33,155146,4701.3939,2.8239,2.672,4.292,-6.054,12.629,18.683,5.579,0.2324,-6.1161,2.6094,-3.8756,8.3995,8.1706,4.8402,22.1963,6.4839,0.061,0.7664,0.0191,0.1535,-1.3082,1.7704,3.0786,3.15,2.4774,0.6726,1,2.8009,2.8239,33.0,25.1,8.9,2.6,1.7,,,,,,,,,25.1328,0.1726,0.8274,1.0644,0.4242,0.6744,-0.23,5.349,9457,118904,2965,23820,UCLA,2021,1,6,2021.0,1611661322,WAS,34,True,False,Washington,Mystics,155146.0
1643434,Janiah Barker,LVA,Las Vegas Aces,USA,2.0,1,2,261,130.5,-24.7857,-24.7857,0.0,-24.7857,-24.7857,0.0,0.0,100.0,-45.2566,-12.1765,-68.5646,-36.088,,15.9728,,,0.1571,0.4176,0.0077,0.4176,-24.7857,-24.7857,0.0,-24.7857,-24.7857,0.0,0,,,,,,,,,,,,,,,,-0.0,0.4253,0.5747,1.5255,0.5256,0.6663,-24.7857,-24.7857,41,109,2,109,Tennessee,2026,2,29,2024.0,1611661319,LVA,5,False,False,Las Vegas,Aces,
1642767,Janelle Salaun,GSV,Golden State Valkyries,France,1.0,0,37,160312,4332.7568,1.9804,2.575,4.6072,-8.354,8.818,17.172,6.849,0.2166,-3.7165,0.6926,-5.0631,8.3084,8.3998,4.9239,20.8504,7.181,0.0816,0.6704,0.0252,0.2229,3.2362,2.7934,-0.4428,3.8134,0.0456,3.7678,0,2.5602,1.9804,37.0,22.1,12.9,3.9,1.2,,,,,,,,,25.5472,0.248,0.752,1.2981,0.4754,0.6305,-1.427,5.422,13081,107470,4035,35726,Unknown,-1,-1,-1,2025.0,1611661331,GSV,37,True,False,Golden State,Valkyries,160312.0
1642291,Angel Reese,ATL,Atlanta Dream,USA,2.0,1,35,196209,5605.9714,-0.7366,-1.016,6.2425,-24.7857,9.096,33.8817,7.007,0.1599,-12.0034,-4.1848,-6.8338,5.6571,9.1485,5.8757,17.1469,6.3432,0.0854,0.421,0.0521,0.4415,1.1926,3.1504,1.9578,0.1594,-1.6852,1.8446,1,-0.3692,-0.8404,35.0,31.1,15.9,12.2,2.8,,,,,,,,,-11.7113,0.4935,0.5065,1.5715,0.4495,0.5738,-3.93,3.077,16763,82608,10221,86617,Louisiana State,2024,1,7,2024.0,1611661330,ATL,35,True,False,Atlanta,Dream,196209.0
204319,Jewell Loyd,LVA,Las Vegas Aces,USA,11.0,1,29,127383,4392.5172,1.4271,1.417,5.6102,-20.27,11.608,31.878,4.727,0.1779,-5.5534,1.4917,-14.8669,6.1528,7.8045,6.26,21.1987,7.1677,0.0917,0.7057,0.0104,0.1921,0.5532,4.4876,3.9344,2.4453,0.3361,2.1091,1,1.5244,1.4271,29.0,26.4,8.6,2.4,1.5,,,,,,,,,12.2728,0.2025,0.7975,1.1968,0.3727,0.5606,-0.356,4.371,11687,89897,1326,24473,Notre Dame,2015,1,1,2015.0,1611661319,LVA,29,True,False,Las Vegas,Aces,127383.0
1628279,Brittney Sykes,TOR,Toronto Tempo,USA,9.0,1,13,74360,5720.0,5.313,4.711,3.0722,-0.269,9.057,9.326,4.747,0.3244,2.4918,6.1943,5.08,7.7984,5.1578,3.7923,13.2022,7.5474,0.2534,0.555,0.067,0.1245,2.9918,5.6578,2.666,4.1427,6.6783,-2.5356,1,,,,,,,,,,,,,,,,0.0,0.1916,0.8084,1.6089,0.1683,0.551,3.401,8.148,18846,41270,4983,9261,Syracuse,2017,1,7,2017.0,1611661332,TOR,13,False,False,Toronto,Tempo,
1628878,Ariel Atkins,LAS,Los Angeles Sparks,USA,8.0,1,35,159858,4567.3714,2.4391,2.593,3.366,-4.181,9.23,13.411,4.6915,0.2962,-5.5767,2.5967,-7.3518,8.1774,5.488,4.6279,15.2603,5.1896,0.1076,0.7193,0.0205,0.1526,3.8644,4.3846,0.5202,3.4115,1.4096,2.0019,1,2.662,2.4391,35.0,27.3,8.5,2.8,3.1,,,,,,,,,20.7327,0.1731,0.8269,1.217,0.4502,0.5386,0.347,5.0385,17204,114982,3282,24390,Texas-Austin,2018,1,7,2018.0,1611661320,LAS,35,True,False,Los Angeles,Sparks,159858.0
1629481,Arike Ogunbowale,DAL,Dallas Wings,USA,7.0,1,32,159043,4970.0938,1.3139,1.0875,4.0215,-8.576,9.752,18.328,4.29,0.248,-4.9938,2.3654,-8.615,7.7477,7.8337,4.7681,18.3439,6.9446,0.1668,0.6631,0.0384,0.1316,3.8544,-0.3026,-4.157,0.7774,1.8505,-1.0731,0,1.1525,1.3013,33.0,30.1,15.3,3.1,3.5,,,,,,,,,20.1032,0.17,0.83,1.3897,0.4115,0.5364,-0.882,3.408,26530,105468,6110,20935,Notre Dame,2019,1,5,2019.0,1611661321,DAL,32,True,False,Dallas,Wings,166307.0
1627675,Courtney Williams,MIN,Minnesota Lynx,USA,10.0,1,38,184761,4862.1316,0.8364,1.4315,3.8531,-7.008,7.317,14.325,4.736,0.2589,-5.2557,3.5311,-10.0866,3.8826,6.2777,4.7021,14.0169,13.7797,0.2477,0.6539,0.0298,0.0685,2.6056,0.9892,-1.6164,1.496,0.1769,1.3191,0,0.85,0.8364,38.0,30.6,13.9,5.1,4.5,9037.0,-2.6173,36.6131,100.0,-100.0,0.2486,0.8942,0.3475,11.6266,0.0983,0.9017,1.3155,0.4885,0.5245,-1.8088,2.9272,45774,120823,5508,12656,South Florida,2016,1,8,2016.0,1611661324,MIN,38,True,True,Minnesota,Lynx,184761.0
203014,Nneka Ogwumike,LAS,Los Angeles Sparks,USA,14.0,1,36,184770,5132.5,0.3089,0.0615,3.9577,-8.649,7.791,16.44,5.3108,0.252,-6.3713,-2.8765,-0.2456,7.9265,6.3251,3.6353,12.9655,5.3629,0.1064,0.5332,0.0493,0.3111,3.0358,-0.938,-3.9738,1.0516,-0.4338,1.4854,0,0.3988,0.3089,36.0,31.1,17.1,9.2,3.0,,,,,,,,,5.2815,0.3604,0.6396,1.5658,0.4628,0.5189,-1.707,3.6038,19653,98517,9109,57491,Stanford,2012,1,1,2012.0,1611661320,LAS,36,True,False,Los Angeles,Sparks,184770.0
1642792,Kiki Iriafen,WAS,Washington Mystics,USA,1.0,1,34,175356,5157.5294,-0.3211,-0.9675,4.7582,-8.784,13.519,22.303,5.0732,0.2097,-7.1381,-7.8754,-3.4903,8.0204,10.0283,5.5948,14.9675,4.6225,0.0679,0.4328,0.0467,0.4526,2.7084,2.872,0.1636,0.3642,-1.0065,1.3707,1,-0.2833,-0.3211,34.0,28.0,15.0,9.2,1.6,,,,,,,,,-4.8168,0.4993,0.5007,1.5106,0.4369,0.5184,-3.0548,2.0185,11913,75887,8192,79364,Southern California,2025,1,4,2025.0,1611661322,WAS,34,True,False,Washington,Mystics,175356.0
1642798,Dominique Malonga,SEA,Seattle Storm,France,1.0,1,31,136997,4419.2581,-0.6966,-0.038,6.0201,-15.489,13.955,29.444,6.4505,0.1658,-6.9983,-2.9307,-7.4248,4.5882,10.4603,6.1156,15.491,6.7368,0.0919,0.4801,0.0633,0.3647,0.9198,-1.3352,-2.255,-2.0687,0.7669,-2.8357,0,-0.8866,-0.6966,31.0,26.5,17.4,8.8,1.6,,,,,,,,,-12.1216,0.428,0.572,1.6075,0.3983,0.4928,-4.1815,2.269,12592,65777,8672,49956,Unknown,2025,1,2,2025.0,1611661328,SEA,31,True,False,Seattle,Storm,136997.0
1628931,Gabby Williams,GSV,Golden State Valkyries,USA,8.0,1,37,184376,4983.1351,1.2829,1.163,4.0463,-10.409,9.107,19.516,5.546,0.2465,-3.4771,2.8254,-8.2124,4.4419,7.0263,5.4508,15.8409,9.6837,0.1819,0.6918,0.0437,0.0825,2.1254,-1.9646,-4.09,1.2228,1.3464,-0.1237,0,1.3624,1.3343,36.0,24.6,13.9,3.3,2.2,,,,,,,,,17.8329,0.1262,0.8738,1.3094,0.4756,0.4818,-1.633,3.913,33543,127559,8065,15209,Connecticut,2018,1,4,2018.0,1611661331,GSV,37,True,False,Golden State,Valkyries,183308.0
1643443,Awa Fam,SEA,Seattle Storm,Spain,0.0,1,33,150805,4569.8485,0.1417,0.912,4.5579,-10.035,8.982,19.017,6.227,0.2189,-4.3287,-1.0919,-4.1578,4.6532,8.9546,4.3316,19.5001,7.5244,0.0852,0.5748,0.0314,0.3086,-0.3524,2.239,2.5914,-0.3318,0.6448,-0.9766,1,0.3496,0.1417,33.0,27.9,10.7,5.8,1.8,,,,,,,,,1.5162,0.34,0.66,1.4422,0.4242,0.4781,-2.393,3.834,12854,86682,4735,46534,Unknown,2026,1,3,2026.0,1611661328,SEA,34,True,False,Seattle,Storm,150805.0
1642796,Rayah Marshall,CON,Connecticut Sun,USA,1.0,1,4,3451,862.75,4.7778,4.5235,8.5471,-3.272,13.336,16.608,13.6972,0.1169,-1.8418,2.9787,5.5542,6.107,19.8387,12.0283,11.0194,8.2257,0.0362,0.3208,0.049,0.594,3.8075,5.748,1.9405,5.748,3.8075,1.9405,1,,,,,,,,,,,,,,,,0.0,0.643,0.357,1.359,0.0519,0.4706,-2.198,11.4992,125,1107,169,2050,Southern California,2025,2,25,2025.0,1611661323,CON,5,False,False,Connecticut,Sun,
1629546,Marine Johannes,NYL,New York Liberty,France,7.0,0,35,124301,3551.4571,2.9898,3.244,3.9855,-5.891,10.816,16.707,5.325,0.2503,-3.3862,3.6306,-8.6348,9.5411,7.0812,4.9868,21.647,6.6756,0.1959,0.6556,0.0168,0.1318,3.6568,0.143,-3.5138,3.6627,2.2774,1.3853,0,3.2185,2.9898,35.0,20.8,8.7,2.1,2.3,,,,,,,,,26.0115,0.1485,0.8515,1.3442,0.45,0.4593,0.6735,5.9985,24353,81488,2083,16377,                                   ,-1,-1,-1,2019.0,1611661313,NYL,35,True,False,New York,Liberty,124301.0
1641649,Diamond Miller,CON,Connecticut Sun,USA,3.0,1,36,128158,3559.9444,0.8511,1.867,4.8587,-13.561,12.121,25.682,5.1368,0.2054,-6.0859,0.9666,0.6848,5.6219,9.4455,5.5451,20.5874,9.8362,0.1142,0.6898,0.0376,0.1584,0.5494,1.5524,1.003,1.6096,0.0927,1.5168,1,1.0911,0.8511,36.0,22.3,9.4,2.6,1.4,,,,,,,,,8.0007,0.196,0.804,1.326,0.4626,0.4396,-1.623,3.5138,14633,88409,4818,20298,Maryland,2023,1,2,2023.0,1611661323,CON,36,True,False,Connecticut,Sun,128158.0
201886,DeWanna Bonner,ATL,Atlanta Dream,USA,17.0,1,34,148710,4373.8235,1.019,1.256,4.8929,-10.484,11.15,21.634,7.0705,0.204,-9.7447,0.7767,-8.2148,8.7745,6.9199,5.2713,16.601,7.986,0.0859,0.7323,0.0239,0.158,2.603,1.7208,-0.8822,-0.0708,2.1088,-2.1796,0,0.8468,1.019,34.0,27.5,10.6,6.0,1.6,,,,,,,,,10.8011,0.1818,0.8182,1.1825,0.4369,0.4375,-2.152,4.9185,12767,108901,3551,23491,Auburn,2009,1,5,2009.0,1611661330,PHX / ATL,34,True,False,Atlanta,Dream,148710.0
1629491,Jessica Shepard,DAL,Dallas Wings,USA,7.0,1,30,162175,5405.8333,-5.3378,-3.64,6.5411,-18.18,4.926,23.106,9.2372,0.1526,-11.8701,-5.7526,-16.439,-0.9538,9.0905,7.0594,14.3786,5.6859,0.1471,0.3464,0.0742,0.4322,-11.275,0.8506,12.1256,-6.9179,-3.7577,-3.1603,1,-5.5886,-5.265,31.0,32.0,14.4,11.5,5.7,,,,,,,,,-76.8643,0.5065,0.4935,1.7382,0.3854,0.4336,-9.6838,-0.4465,23861,56179,12039,70096,Notre Dame,2019,2,16,2019.0,1611661321,DAL,30,True,False,Dallas,Wings,169308.0
1643426,Olivia Miles,MIN,Minnesota Lynx,USA,0.0,1,36,180629,5017.4722,-2.7145,-2.5915,5.1963,-13.424,10.111,23.535,5.704,0.1921,-6.0998,1.1523,-11.2863,1.1441,8.1761,4.8404,11.9092,12.3985,0.3916,0.4726,0.0803,0.0554,-3.6254,-5.0108,-1.3854,-1.92,-3.5091,1.5891,0,-2.6765,-2.7145,36.0,31.2,19.9,4.7,6.2,8777.0,16.0716,35.9445,100.0,-100.0,0.3683,0.8934,0.5512,-54.0191,0.1357,0.8643,1.5642,0.4625,0.4323,-6.4455,-0.7415,70742,85370,14502,10015,TCU,2026,1,2,2026.0,1611661324,MIN,36,True,True,Minnesota,Lynx,180629.0
1642802,Lucy Olsen,WAS,Washington Mystics,USA,1.0,1,19,23997,1263.0,3.7913,1.998,4.3936,-1.114,15.038,16.152,5.541,0.2271,-3.0399,4.8098,-7.9147,10.2351,10.4186,5.0245,18.8621,11.9854,0.277,0.5906,0.0244,0.1081,1.302,4.4244,3.1224,3.2321,4.4126,-1.1805,1,,,,,,,,,,,,,,,,0.0,0.1324,0.8676,1.4392,0.2447,0.4225,0.449,5.99,6646,14173,585,2593,Iowa,2025,2,23,2025.0,1611661322,WAS,20,False,False,Washington,Mystics,
203833,Chelsea Gray,LVA,Las Vegas Aces,USA,11.0,1,30,164294,5476.4667,-0.378,-0.7495,3.1463,-6.166,5.814,11.98,5.2227,0.3168,-1.8824,-0.625,-1.4341,6.389,5.613,3.9099,11.1611,8.4834,0.3073,0.5673,0.0435,0.0819,-0.5404,-0.0792,0.4612,-0.0097,-0.7989,0.7892,1,-0.3369,-0.378,30.0,33.1,12.0,3.0,6.9,,,,,,,,,-4.536,0.1254,0.8746,1.4795,0.3862,0.4109,-3.1518,2.071,50491,93203,7152,13448,Duke,2014,1,11,2015.0,1611661319,LVA,30,True,False,Las Vegas,Aces,164294.0
1629568,Kennedy Burke,CON,Connecticut Sun,USA,7.0,1,33,123758,3750.2424,0.2279,1.072,5.518,-16.041,7.196,23.237,5.959,0.1809,-5.6628,-0.753,-0.8481,4.974,9.9025,5.3338,24.905,11.5655,0.0876,0.6519,0.0232,0.2373,-0.4882,2.6302,3.1184,2.3101,-1.9843,4.2944,1,0.959,0.2279,33.0,23.7,8.3,3.2,1.5,,,,,,,,,1.8919,0.2605,0.7395,1.3286,0.424,0.4104,-1.767,4.192,10845,80679,2872,29362,UCLA,2019,2,22,2019.0,1611661323,CON,33,True,False,Connecticut,Sun,123758.0
1643458,Saylor Poffenbarger,PHX,Phoenix Mercury,Unknown,0.0,0,5,7266,1453.2,1.7262,2.23,4.8309,-3.71,9.088,12.798,3.577,0.2066,-9.7846,3.406,-24.2133,0.5798,16.1179,5.4183,62.7222,12.7109,0.0725,0.8003,0.0059,0.1212,-2.4935,5.694,8.1875,2.536,0.5115,2.0245,1,,,,,,,,,,,,,,,,0.0,0.1272,0.8728,0.9446,0.0651,0.402,-1.277,2.3,527,5815,43,881,Maryland,-1,-1,-1,2026.0,1611661317,CHI / PHX,5,False,False,Phoenix,Mercury,
1631022,Shakira Austin,WAS,Washington Mystics,USA,4.0,1,35,187147,5347.0571,-1.6173,-2.423,5.6108,-10.515,11.719,22.234,8.3175,0.1779,-8.0155,-5.9991,-4.0169,6.0981,8.8927,5.6656,15.7748,6.2611,0.1186,0.4487,0.0751,0.3575,4.0952,2.625,-1.4702,-0.8806,-2.3974,1.5168,0,-1.6271,-1.6173,35.0,29.2,16.4,9.4,2.5,,,,,,,,,-26.5244,0.4327,0.5673,1.6947,0.4496,0.3959,-6.4635,1.854,22195,83974,14064,66914,Mississippi,2022,1,3,2022.0,1611661322,WAS,35,True,False,Washington,Mystics,187147.0
1642790,Sania Feagin,PDX,Portland Fire,USA,1.0,1,4,6089,1522.25,3.6282,4.8025,4.7318,-3.012,7.92,10.932,4.1948,0.2109,-0.8885,-4.703,-1.7495,10.1782,0.4518,14.2992,6.7408,6.9561,0.0675,0.6029,0.0236,0.306,2.454,4.8025,2.3485,4.8025,2.454,2.3485,1,,,,,,,,,,,,,,,,0.0,0.3296,0.6704,1.3531,0.0523,0.3807,2.118,6.3128,411,3671,144,1863,South Carolina,2025,2,21,2025.0,1611661327,LAS / PDX,5,False,False,Portland,Fire,
1642289,Kamilla Cardoso,CHI,Chicago Sky,Brazil,2.0,1,35,144068,4116.2286,0.1201,1.251,8.0474,-24.7857,15.4602,40.2459,8.7115,0.1241,-10.4618,-4.173,-4.0847,5.2093,9.4064,7.9589,21.6305,10.4834,0.0653,0.4166,0.0447,0.4734,4.37,-0.6688,-5.0388,-0.3754,0.6448,-1.0202,0,0.6318,-0.4479,35.0,26.6,14.6,8.6,2.5,,,,,,,,,1.7539,0.5181,0.4819,1.4944,0.4493,0.3652,-3.9935,4.718,9407,60024,6435,68202,South Carolina,2024,1,3,2024.0,1611661329,CHI,35,True,False,Chicago,Sky,144068.0
1643441,Raegan Beers,CON,Connecticut Sun,USA,0.0,0,30,63232,2107.7333,0.3685,1.86,7.4299,-22.755,15.4602,38.2152,9.3655,0.1344,-3.7577,-1.8207,-0.161,1.6671,11.2047,8.2917,19.6038,8.511,0.0488,0.3102,0.0407,0.6003,-8.4502,2.1818,10.632,-0.7121,1.4492,-2.1613,1,,,,,,,,,,,,,,,,0.0,0.641,0.359,1.3665,0.3853,0.3567,-4.11,5.2555,3087,19612,2574,37959,Oklahoma,-1,-1,-1,2026.0,1611661323,CON,33,False,False,Connecticut,Sun,
1643505,Jovana Nogic,PHX,Phoenix Mercury,Serbia,0.0,0,13,46764,3597.2308,4.0718,4.762,3.6981,-4.497,8.343,12.84,2.421,0.2697,-1.8936,5.5503,-6.3438,9.2625,7.3751,4.1787,13.2822,10.6681,0.2419,0.6136,0.0372,0.1073,5.4072,5.2526,-0.1546,5.3653,2.5627,2.8026,0,,,,,,,,,,,,,,,,0.0,0.1445,0.8555,1.4498,0.168,0.3388,3.684,6.105,11311,28695,1740,5018,Providence,-1,-1,-1,2026.0,1611661317,PHX,13,False,False,Phoenix,Mercury,
1642814,Taylor Thierry,SEA,Seattle Storm,USA,1.0,1,16,15679,979.9375,4.2842,4.696,7.6499,-9.162,15.4602,24.6222,9.4705,0.1305,-2.2163,4.1986,-7.2279,11.314,16.9007,8.3757,13.0279,12.409,0.0696,0.7437,0.0235,0.1632,5.1922,4.2716,-0.9206,5.115,3.4533,1.6618,0,,,,,,,,,,,,,,,,0.0,0.1867,0.8133,1.1393,0.2058,0.3284,-0.0625,9.408,1092,11660,368,2559,Ohio State,2025,3,36,2025.0,1611661328,SEA,19,False,False,Seattle,Storm,
1628317,Karlie Samuelson,PDX,Portland Fire,USA,8.0,0,26,68456,2632.9231,3.596,4.017,2.8779,-1.209,7.859,9.068,4.4065,0.3463,-2.0271,3.1153,-14.3446,9.718,8.3328,3.8398,35.964,5.4435,0.0599,0.7784,0.0088,0.1529,3.1982,3.4882,0.29,4.1171,3.0749,1.0422,1,,,,,,,,,,,,,,,,0.0,0.1617,0.8383,0.999,0.3351,0.3121,1.2588,5.6652,4103,53286,602,10465,Stanford,-1,-1,-1,2018.0,1611661327,PDX,26,False,False,Portland,Fire,
1629484,Megan DiLeo,PDX,Portland Fire,USA,7.0,1,35,150884,4310.9714,-0.8624,-0.949,2.9748,-5.652,5.2,10.852,3.841,0.335,-4.3299,-3.2485,-9.9771,3.351,10.7279,3.3313,19.7058,4.4246,0.0413,0.5792,0.0183,0.3612,0.4158,-1.905,-2.3208,-1.177,-0.5292,-0.6478,0,-0.7793,-0.8624,35.0,24.3,13.0,4.2,1.0,,,,,,,,,-11.2108,0.3795,0.6205,1.2823,0.4504,0.3108,-2.9395,0.9015,6232,87395,2755,54502,Iowa,2019,2,17,2019.0,1611661327,PDX,35,True,False,Portland,Fire,150884.0
1643462,Chance Gray,LAS,Los Angeles Sparks,USA,0.0,1,33,51514,1561.0303,-0.0157,0.486,7.2953,-24.7857,12.386,37.1717,7.267,0.1369,-10.7693,1.2236,-12.2806,3.5782,14.7741,7.488,28.9454,13.0858,0.1286,0.7379,0.0183,0.1151,-4.4653,5.8016,10.2669,0.3022,-0.3534,0.6556,1,,,,,,,,,,,,,,,,-0.0,0.1334,0.8666,1.1688,0.4238,0.3088,-3.768,3.499,6626,38014,943,5931,Ohio State,2026,2,24,2026.0,1611661320,LAS,35,False,False,Los Angeles,Sparks,
1628276,Kelsey Plum,PHX,Phoenix Mercury,USA,9.0,1,17,86863,5109.5882,5.2902,4.582,6.1367,-4.476,15.4602,19.9362,9.048,0.1627,0.677,9.1296,-1.0008,11.2262,8.7701,4.2747,18.6272,6.9834,0.3315,0.4746,0.0768,0.117,5.1932,0.8104,-4.3828,6.2573,4.2022,2.0552,0,,,,,,,,,,,,,,,,0.0,0.1939,0.8061,1.685,0.2188,0.3054,0.628,9.676,28793,41229,6675,10166,Washington,2017,1,1,2017.0,1611661317,LAS / PHX,18,False,False,Phoenix,Mercury,
1641660,Zia Cooke,SEA,Seattle Storm,USA,3.0,1,38,87552,2304.0,2.8507,2.551,6.6816,-24.7857,15.4602,40.2459,4.9552,0.1494,-1.2639,3.5544,-3.9904,6.5375,11.4298,7.0291,20.1511,15.2618,0.1552,0.7048,0.0421,0.0979,2.1756,4.2668,2.0912,1.9105,3.7908,-1.8804,1,,,,,,,,,,,,,,,,0.0,0.14,0.86,1.2935,0.4879,0.2981,0.6988,5.654,13587,61708,3688,8569,South Carolina,2023,1,10,2023.0,1611661328,SEA,38,False,False,Seattle,Storm,
1630142,Leonie Fiebich,NYL,New York Liberty,Germany,2.0,1,18,91440,5080.0,4.8153,4.893,3.2226,-1.407,11.178,12.585,3.9935,0.3093,-3.1052,5.3028,-11.9804,7.7062,4.432,3.7144,12.3996,4.0897,0.0919,0.6655,0.0162,0.2264,6.734,3.099,-3.635,6.4233,3.2072,3.2161,0,,,,,,,,,,,,,,,,0.0,0.2426,0.7574,1.2889,0.2323,0.2911,2.353,6.3465,8402,60856,1481,20701,                                   ,2020,2,22,2024.0,1611661313,NYL,19,False,False,New York,Liberty,
1642791,Zaay Green,TOR,Toronto Tempo,USA,0.0,1,3,7210,2403.3333,3.5277,0.657,5.5625,-0.013,9.939,9.952,4.976,0.1795,-5.9757,3.2983,-10.0075,11.547,7.3468,5.4686,13.2448,7.612,0.0914,0.7872,0.0284,0.0929,3.5277,3.5277,0.0,0.322,9.939,-9.617,0,,,,,,,,,,,,,,,,0.0,0.1214,0.8786,1.0517,0.0394,0.2909,0.322,5.298,659,5676,205,670,Alabama,2025,3,32,2026.0,1611661332,TOR,3,False,False,Toronto,Tempo,
1628915,Kia Nurse,TOR,Toronto Tempo,Canada,8.0,1,30,66568,2218.9333,4.2761,4.8225,4.9712,-7.395,14.779,22.174,4.8802,0.2008,1.6862,4.2498,-2.329,7.2655,12.9004,4.9425,17.1195,11.0315,0.1157,0.7649,0.0197,0.0998,6.8276,4.6552,-2.1724,3.0132,5.539,-2.5258,0,,,,,,,,,,,,,,,,0.0,0.1195,0.8805,1.099,0.3856,0.2874,2.1905,7.0708,7700,50916,1309,6643,Connecticut,2018,1,10,2018.0,1611661332,TOR,30,False,False,Toronto,Tempo,
1629576,Maria Conde,TOR,Toronto Tempo,Spain,0.0,1,26,118163,4544.7308,-1.5824,-1.4595,2.7675,-7.462,4.21,11.672,3.2832,0.36,-4.2271,-1.9837,-2.253,2.3979,5.5857,4.0642,15.0792,7.7177,0.1079,0.7256,0.031,0.1356,-2.9894,0.3724,3.3618,-1.4883,-1.6765,0.1882,1,-1.537,-1.5824,26.0,26.2,8.6,4.8,2.3,,,,,,,,,-13.6088,0.1666,0.8334,1.2285,0.3351,0.2678,-3.2032,0.08,12744,85737,3661,16021,Florida State,2019,3,27,2026.0,1611661332,TOR,26,True,False,Toronto,Tempo,118163.0
1629482,Sophie Cunningham,IND,Indiana Fever,USA,7.0,1,33,106932,3240.3636,2.2876,1.971,5.9191,-12.634,15.211,27.845,6.54,0.1687,-6.5996,2.2812,-7.9157,6.4834,15.2524,5.2482,26.484,10.3248,0.063,0.7973,0.0097,0.1301,4.8956,-1.8272,-6.7228,3.6142,0.8781,2.7361,0,2.5346,2.2876,33.0,22.5,8.3,2.4,1.3,6338.0,-0.9337,25.2653,97.8,-100.0,0.0658,0.9105,0.2685,18.9871,0.1397,0.8603,0.9593,0.4239,0.2677,-1.206,5.334,6737,85252,1033,13910,Missouri,2019,2,13,2019.0,1611661325,IND,34,True,True,Indiana,Fever,106932.0
203827,Natasha Howard,MIN,Minnesota Lynx,USA,12.0,1,39,176692,4530.5641,-4.9975,-4.121,6.049,-20.762,7.372,28.134,8.5125,0.165,-11.0107,-5.6753,-14.2661,-1.4191,7.4636,7.0961,12.374,6.6228,0.0954,0.4179,0.0593,0.4275,-7.4894,-1.9214,5.568,-4.5222,-5.4978,0.9756,1,-4.6045,-4.9975,39.0,29.1,14.9,7.8,3.3,6121.0,-3.5215,34.5233,100.0,-100.0,0.1719,0.8847,0.2947,-74.4622,0.4867,0.5133,1.6151,0.5008,0.2627,-8.832,-0.3195,16851,73843,10471,75527,Florida State,2014,1,5,2014.0,1611661324,MIN,39,True,True,Minnesota,Lynx,176692.0
1631039,Miela Sowah,GSV,Golden State Valkyries,Australia,0.0,0,6,4363,727.1667,1.267,2.1585,10.8127,-13.206,15.4602,28.6662,14.4055,0.0924,-3.6378,1.4835,-45.07,14.0542,11.4343,13.2236,1.574,13.1922,0.2001,0.6816,0.0069,0.1114,-1.4357,3.9697,5.4054,-4.0583,6.5924,-10.6507,1,,,,,,,,,,,,,,,,0.0,0.1183,0.8817,1.2435,0.0774,0.2618,-6.2765,8.129,873,2974,30,486,Duke,-1,-1,-1,2026.0,1611661331,GSV,8,False,False,Golden State,Valkyries,
1643706,Ornella Bankole,TOR,Toronto Tempo,France,0.0,0,6,9685,1614.1667,1.417,1.804,5.2078,-5.711,7.736,13.447,7.0962,0.1917,-6.274,0.8792,-9.342,7.6008,15.2171,4.951,20.096,8.7418,0.0667,0.7529,0.0171,0.1632,-0.9473,3.7813,4.7287,3.2543,-0.4203,3.6747,1,,,,,,,,,,,,,,,,0.0,0.1804,0.8196,1.0962,0.0779,0.2557,-2.0213,5.075,646,7292,166,1581,Unknown,-1,-1,-1,2026.0,1611661332,TOR,6,False,False,Toronto,Tempo,
1642782,Sarah Ashlee Barker,PDX,Portland Fire,USA,1.0,1,26,108262,4163.9231,4.1958,4.1235,3.589,-5.564,10.348,15.912,3.5432,0.2779,-2.5386,4.8606,-6.8831,10.1586,9.9853,3.5518,15.9715,9.0895,0.1135,0.6826,0.0387,0.1651,5.3434,2.1418,-3.2016,6.4282,1.9634,4.4648,0,,,,,,,,,,,,,,,,0.0,0.2038,0.7962,1.343,0.3347,0.2474,2.4012,5.9445,12291,73904,4190,17877,Alabama,2025,1,9,2025.0,1611661327,PDX,27,False,False,Portland,Fire,
1631019,NaLyssa Smith,LVA,Las Vegas Aces,USA,4.0,1,28,119370,4263.2143,-1.5398,-0.643,4.0541,-9.42,4.624,14.044,6.521,0.2461,-13.4867,-6.4258,-11.2483,1.9279,11.0502,5.4306,16.1143,4.7881,0.0402,0.2861,0.0349,0.6388,-0.4444,-0.9036,-0.4592,-1.6999,-1.3797,-0.3201,0,-1.6944,-1.5398,28.0,24.4,11.4,6.5,0.9,,,,,,,,,-17.5536,0.6737,0.3263,1.2848,0.3602,0.2468,-4.82,1.701,4798,34149,4165,76258,Baylor,2022,1,2,2022.0,1611661319,LVA,28,True,False,Las Vegas,Aces,119370.0
203398,Brittney Griner,CON,Connecticut Sun,USA,13.0,1,17,63773,3751.3529,3.8425,5.257,8.5255,-15.122,15.4602,30.5822,8.624,0.1172,-5.7898,-3.3985,13.3072,8.1674,11.906,6.2304,19.5543,10.9993,0.0513,0.2703,0.0629,0.6155,7.3072,5.143,-2.1642,7.6659,-0.4588,8.1247,0,,,,,,,,,,,,,,,,0.0,0.6783,0.3217,1.4119,0.2185,0.2449,0.193,8.817,3272,17241,4009,39251,Baylor,2013,1,1,2013.0,1611661323,CON,20,False,False,Connecticut,Sun,
1642794,Juste Jocyte,GSV,Golden State Valkyries,Lithuania,0.0,1,17,19980,1175.2941,1.1666,2.364,8.5991,-24.7857,15.4602,40.2459,7.949,0.1162,-0.5235,2.6151,-12.0573,4.3623,13.7392,8.3129,20.9433,16.1883,0.2008,0.6695,0.0227,0.107,-1.2985,3.5802,4.8788,0.9893,1.3659,-0.3766,1,,,,,,,,,,,,,,,,0.0,0.1297,0.8703,1.3217,0.2185,0.2353,-2.759,5.19,4012,13376,454,2138,Unknown,2025,1,5,2026.0,1611661331,GSV,20,False,False,Golden State,Valkyries,
1629479,Teaira McCowan,MIN,Minnesota Lynx,USA,7.0,1,10,12722,1272.2,2.5238,3.3535,8.5286,-10.624,15.36,25.984,11.5955,0.1171,-19.4018,-2.391,-2.8787,9.466,17.3141,7.8646,24.3951,8.8072,0.0714,0.4172,0.016,0.4954,1.9482,3.0994,1.1512,6.1834,-1.1358,7.3192,1,,,,,,,,,,,,,,,,0.0,0.5115,0.4885,1.3956,0.1288,0.235,-2.6058,8.9898,908,5307,204,6303,Mississippi State,2019,1,3,2019.0,1611661324,MIN,10,False,False,Minnesota,Lynx,
1643449,Charlisse Leger-Walker,CON,Connecticut Sun,New Zealand,0.0,1,36,138753,3854.25,0.2078,0.015,4.1161,-10.343,9.699,20.042,4.414,0.2424,-1.8626,0.2909,-4.9795,5.0538,8.0696,4.9342,16.5449,12.0857,0.2891,0.5616,0.0379,0.1114,1.929,1.5012,-0.4278,1.2121,-0.7964,2.0085,0,0.6682,0.2078,36.0,23.2,6.8,2.4,3.6,,,,,,,,,1.4131,0.1493,0.8507,1.5166,0.4628,0.2325,-2.1112,2.3027,40118,77926,5255,15454,UCLA,2026,2,18,2026.0,1611661323,CON,36,True,False,Connecticut,Sun,138753.0
1627673,Jonquel Jones,NYL,New York Liberty,Bahamas,10.0,1,36,172351,4787.5278,-2.6407,-3.1465,3.1672,-8.394,4.868,13.262,3.3465,0.3147,-5.4979,-4.2136,-8.2386,2.1957,5.2073,3.4471,16.2484,5.5882,0.1325,0.5453,0.033,0.2893,-0.288,-2.3328,-2.0448,-2.7978,-2.4836,-0.3142,0,-2.6954,-2.5841,37.0,28.2,15.0,9.2,2.6,,,,,,,,,-39.61,0.3222,0.6778,1.5434,0.4631,0.2318,-4.4905,-1.144,22837,93980,5681,49853,George Washington,2016,1,6,2016.0,1611661313,NYL,36,True,False,New York,Liberty,178252.0
203400,Skylar Diggins,CHI,Chicago Sky,USA,13.0,1,17,76982,4528.3529,3.8924,4.469,4.3523,-5.485,10.398,15.883,4.614,0.2292,-1.3654,6.7744,1.3161,5.2109,8.7068,3.6743,12.8848,9.042,0.3151,0.5476,0.0571,0.0803,5.358,2.3534,-3.0046,4.1691,3.581,0.5881,0,,,,,,,,,,,,,,,,0.0,0.1373,0.8627,1.5286,0.2191,0.2245,2.214,6.828,24256,42154,4393,6179,Notre Dame,2013,1,3,2013.0,1611661329,CHI,17,False,False,Chicago,Sky,
1630097,Kaila Charles,GSV,Golden State Valkyries,USA,6.0,1,39,146977,3768.641,1.9016,3.39,4.2893,-7.129,8.707,15.836,6.227,0.2326,-6.0979,2.1509,-8.4422,6.8472,13.6394,4.5572,20.6217,7.9925,0.0737,0.7736,0.0204,0.1323,3.401,-1.4566,-4.8576,2.3418,1.4384,0.9034,0,2.2462,1.9016,39.0,19.5,6.1,4.4,1.4,,,,,,,,,11.6,0.1527,0.8473,1.0645,0.5012,0.2123,-1.1545,5.0725,10833,113698,2999,19447,Maryland,2020,2,23,2020.0,1611661331,GSV,39,True,False,Golden State,Valkyries,146977.0
1643453,Grace VanSlooten,IND,Indiana Fever,USA,0.0,1,15,16076,1071.7333,-0.6645,-0.341,9.0201,-21.955,15.4602,37.4152,10.5165,0.1107,-2.6782,0.8521,-7.0412,1.5021,16.1965,9.9494,21.3579,14.3608,0.0723,0.6649,0.0349,0.2279,-3.3324,5.8296,9.162,-0.9469,-0.3417,-0.6052,1,,,,,,,,,,,,,,,,-0.0,0.2628,0.7372,1.3206,0.1929,0.2105,-5.547,4.9695,1162,10689,561,3664,Michigan State,2026,3,39,2026.0,1611661325,SEA / IND,18,False,False,Indiana,Fever,
1628508,Cecilia Zandalasini,GSV,Golden State Valkyries,Italy,9.0,0,34,132353,3892.7353,3.7935,4.126,3.2625,-5.975,10.125,16.1,3.4108,0.3056,-2.2595,4.6992,-2.9547,9.6389,7.1091,3.7809,18.1459,10.6672,0.1504,0.7312,0.0364,0.0819,4.6818,1.398,-3.2838,3.6364,3.9506,-0.3142,0,,,,,,,,,,,,,,,,0.0,0.1183,0.8817,1.2111,0.4374,0.2081,2.0125,5.4232,19909,96782,4822,10840,PF Schio,-1,-1,-1,2017.0,1611661331,GSV,34,False,False,Golden State,Valkyries,
1643473,Taina Mair,SEA,Seattle Storm,USA,0.0,1,8,7607,950.875,1.06,1.16,5.7161,-6.434,10.105,16.539,8.8463,0.1746,0.0341,1.0672,0.9812,5.4076,9.6805,9.8389,22.5208,23.6194,0.3599,0.525,0.0448,0.0702,-1.06,3.18,4.24,-0.714,2.834,-3.548,1,,,,,,,,,,,,,,,,0.0,0.115,0.885,1.4885,0.1034,0.2056,-3.6805,5.1658,2738,3994,341,534,Duke,2026,1,14,2026.0,1611661328,SEA,8,False,False,Seattle,Storm,
1631007,Veronica Burton,GSV,Golden State Valkyries,USA,4.0,1,39,213026,5462.2051,-2.6005,-2.828,4.9984,-14.706,8.55,23.256,6.469,0.1997,-6.6876,0.6423,-12.1881,4.0186,7.0558,4.9535,13.7716,9.3468,0.3863,0.4833,0.0568,0.0737,-2.6282,-2.3938,0.2344,-3.5814,-1.5678,-2.0136,1,-2.7666,-2.6005,39.0,28.2,11.9,3.5,5.7,,,,,,,,,-30.9455,0.1304,0.8696,1.5493,0.501,0.1898,-5.771,0.698,82293,102945,12091,15697,Northwestern,2022,1,7,2022.0,1611661331,GSV,39,True,False,Golden State,Valkyries,213026.0
1630108,Mariella Fasoula,TOR,Toronto Tempo,Greece,0.0,0,3,932,310.6667,2.3493,-0.368,6.4022,-2.246,9.662,11.908,5.954,0.156,-29.6783,5.269,43.9181,-0.099,22.0311,12.5891,,1.0936,0.0376,0.3391,0.0343,0.5891,2.3493,2.3493,0.0,-1.307,9.662,-10.969,0,,,,,,,,,,,,,,,,0.0,0.6234,0.3766,1.3236,0.0392,0.181,-1.307,4.647,35,316,32,549,Vanderbilt,-1,-1,-1,2026.0,1611661332,TOR,3,False,False,Toronto,Tempo,
1642288,Rickea Jackson,CHI,Chicago Sky,USA,2.0,1,5,19900,3980.0,2.6212,2.279,1.7135,0.776,4.914,4.138,2.433,0.5802,-0.5126,1.8842,10.4935,11.6114,6.6625,2.2295,14.5826,3.2959,0.2129,0.6181,0.0672,0.1018,3.5965,2.2805,-1.316,2.8483,2.2805,0.5678,0,,,,,,,,,,,,,,,,0.0,0.169,0.831,1.5016,0.067,0.1744,1.352,3.785,4236,12300,1338,2026,Tennessee,2024,1,4,2024.0,1611661329,CHI,7,False,False,Chicago,Sky,
1641648,Aliyah Boston,IND,Indiana Fever,USA,3.0,1,30,120987,4032.9,-4.8312,-5.1905,5.7168,-24.7857,6.801,31.5867,4.519,0.1746,-9.9363,-5.4136,-16.0013,2.0813,11.1806,5.3582,15.6976,8.6938,0.1614,0.5189,0.0737,0.246,-2.733,-2.8354,-0.1024,-4.2983,-5.3641,1.0658,0,-5.6462,-5.7323,30.0,27.0,17.1,7.9,3.0,8658.0,5.2776,29.9213,100.0,-100.0,0.2751,0.8795,0.3747,-82.6133,0.3197,0.6803,1.6909,0.3855,0.1712,-7.2448,-2.7258,19528,62780,8922,29757,South Carolina,2023,1,1,2023.0,1611661325,IND,30,True,True,Indiana,Fever,120987.0
1643493,Noemie Brochant,PHX,Phoenix Mercury,France,0.0,0,35,135559,3873.1143,-0.125,0.806,4.5344,-21.153,5.324,26.477,3.236,0.2201,-8.3875,0.1687,-13.5361,5.4829,8.5259,5.1034,18.3183,8.1639,0.0965,0.7345,0.0212,0.1477,0.3364,-0.1148,-0.4512,0.4656,-0.7503,1.2159,0,0.1542,-0.125,35.0,22.9,5.7,1.9,1.7,,,,,,,,,-0.7123,0.1689,0.8311,1.178,0.4498,0.1578,-1.5175,1.7185,13085,99573,2873,20028,Unknown,-1,-1,-1,2026.0,1611661317,PHX,35,True,False,Phoenix,Mercury,135559.0
1630096,DiJonai Carrington,CHI,Chicago Sky,USA,5.0,1,13,23590,1814.6154,4.2997,4.532,4.9639,-5.264,15.4602,20.7242,4.56,0.201,-5.8566,3.1048,0.3566,14.6533,14.0201,4.4017,15.582,10.8366,0.1058,0.6809,0.0577,0.1555,7.3222,0.7712,-6.551,2.9087,5.9225,-3.0138,0,,,,,,,,,,,,,,,,0.0,0.2132,0.7868,1.3755,0.1677,0.1413,2.277,6.837,2497,16063,1361,3669,Baylor,2021,2,20,2021.0,1611661329,CHI,15,False,False,Chicago,Sky,
1643420,Laura Juskaite,TOR,Toronto Tempo,Lithuania,0.0,0,31,126930,4094.5161,-4.293,-3.995,4.4965,-13.915,6.573,20.488,6.621,0.2219,-6.4126,-5.8349,-9.7807,1.7079,7.2488,4.8644,14.5998,8.3459,0.0886,0.6401,0.0429,0.2284,-4.4396,1.2658,5.7054,-2.8132,-5.8713,3.0581,1,-3.7476,-4.293,31.0,24.9,9.8,4.4,1.7,,,,,,,,,-42.0711,0.2713,0.7287,1.4032,0.3985,0.1379,-7.487,-0.866,11242,81253,5448,28987,Unknown,-1,-1,-1,2026.0,1611661332,TOR,31,True,False,Toronto,Tempo,126930.0
1643686,Nadia Fingall,GSV,Golden State Valkyries,USA,0.0,0,8,5570,696.25,-0.5927,1.192,11.8378,-24.7857,15.4602,40.2459,9.643,0.0844,-14.1729,2.2195,6.3545,0.656,21.9106,12.078,30.8148,15.7893,0.032,0.5472,0.0178,0.4031,-3.9709,2.7856,6.7565,-0.3773,-0.8081,0.4309,1,,,,,,,,,,,,,,,,-0.0,0.4208,0.5792,1.2665,0.103,0.1349,-4.0228,5.6202,178,3048,99,2245,Stanford,-1,-1,-1,2026.0,1611661331,GSV,9,False,False,Golden State,Valkyries,
1628244,Sami Whitcomb,PHX,Phoenix Mercury,Australia,9.0,0,17,43584,2563.7647,2.7492,4.237,4.3449,-4.213,9.826,14.039,6.388,0.2296,-4.6299,3.6426,-8.8694,11.6769,6.5451,4.5817,19.0395,9.6512,0.2168,0.6193,0.0178,0.1461,2.526,-0.047,-2.573,3.5198,1.8824,1.6374,0,,,,,,,,,,,,,,,,0.0,0.1639,0.8361,1.415,0.2191,0.1331,-1.14,5.248,9449,26992,774,6369,Washington,-1,-1,-1,2017.0,1611661317,PHX,18,False,False,Phoenix,Mercury,
1643429,Gianna Kneepkens,CON,Connecticut Sun,USA,0.0,1,29,43578,1502.6897,2.1973,2.717,7.3408,-14.686,15.4602,30.1462,8.115,0.136,-0.1639,1.9197,-0.5915,7.1795,12.8019,7.9669,29.5123,12.8231,0.1005,0.701,0.026,0.1724,3.9926,2.7556,-1.237,3.0863,1.2447,1.8417,0,,,,,,,,,,,,,,,,0.0,0.1985,0.8015,1.2667,0.3725,0.1244,-1.976,6.139,4379,30550,1135,7514,UCLA,2026,1,15,2026.0,1611661323,CON,30,False,False,Connecticut,Sun,
1642793,Aziaha James,DAL,Dallas Wings,USA,1.0,1,27,55714,2063.4815,-0.3545,0.325,6.416,-14.614,15.396,30.01,7.632,0.1556,-5.7,2.4211,-14.658,0.0614,13.7225,6.4768,21.4803,12.6854,0.1407,0.6573,0.0523,0.1497,-1.4408,3.8052,5.246,-1.1324,0.4832,-1.6155,1,,,,,,,,,,,,,,,,-0.0,0.202,0.798,1.4288,0.3469,0.1079,-4.313,3.319,7840,36619,2913,8342,North Carolina State,2025,1,12,2025.0,1611661321,DAL,28,False,False,Dallas,Wings,
1627671,Rachel Banham,CHI,Chicago Sky,USA,10.0,1,34,78390,2305.5882,3.6192,3.5945,5.4049,-8.264,15.4602,23.7242,6.947,0.1847,-2.3471,4.8636,-5.2856,7.9106,11.0417,6.0046,18.4102,14.4774,0.1381,0.7567,0.014,0.0912,4.6506,-1.09,-5.7406,3.0954,4.1431,-1.0477,0,,,,,,,,,,,,,,,,0.0,0.1053,0.8947,1.1002,0.4368,0.1052,0.1917,7.1388,10824,59315,1098,7153,Minnesota,2016,1,4,2016.0,1611661329,CHI,34,False,False,Chicago,Sky,
1642304,Carla Leite,PDX,Portland Fire,France,1.0,1,34,152770,4493.2353,-4.6495,-4.236,5.0636,-16.665,5.881,22.546,5.6123,0.1971,-5.7269,-3.0419,-9.5438,0.9953,6.8966,6.9252,11.3614,11.0022,0.5327,0.3152,0.0811,0.071,-3.5406,-4.8986,-1.358,-4.7696,-4.5294,-0.2402,0,-4.907,-4.6495,34.0,25.7,15.9,2.2,6.2,,,,,,,,,-73.927,0.1521,0.8479,1.574,0.4369,0.0999,-7.7992,-2.187,81374,48153,12395,10848,Unknown,2024,1,9,2025.0,1611661327,PDX,34,True,False,Portland,Fire,152770.0
1629496,Ezi Magbegor,SEA,Seattle Storm,Australia,6.0,1,13,45759,3519.9231,0.0802,0.397,5.1015,-13.769,7.276,21.045,4.228,0.1956,-3.8255,-1.4474,-6.5909,6.6255,12.8452,3.5994,13.6258,7.6611,0.0815,0.6487,0.046,0.2238,-1.6884,1.8122,3.5006,0.3154,-0.1943,0.5098,1,,,,,,,,,,,,,,,,0.0,0.2698,0.7302,1.3875,0.1676,0.0903,-1.556,2.672,3731,29684,2104,10240,Melbourne,2019,1,12,2020.0,1611661328,SEA,17,False,False,Seattle,Storm,
1642292,Jacy Sheldon,CHI,Chicago Sky,USA,2.0,1,36,112474,3124.2778,0.7207,1.572,6.134,-20.418,8.318,28.736,6.682,0.1628,-4.5918,2.6716,-5.9365,2.1719,9.152,4.9346,19.9987,15.0891,0.1441,0.7319,0.0285,0.0955,3.3214,-2.426,-5.7474,3.1487,-1.7072,4.8559,0,1.9768,0.7207,36.0,21.1,6.6,1.3,1.6,,,,,,,,,4.7568,0.124,0.876,1.2021,0.4624,0.0898,-1.6157,5.0662,16206,82322,3202,10744,Ohio State,2024,1,5,2024.0,1611661329,CHI,36,True,False,Chicago,Sky,112474.0
1642307,Mackenzie Holmes,SEA,Seattle Storm,USA,1.0,1,24,43002,1791.75,0.5458,-0.294,7.5053,-12.327,15.4602,27.7872,8.3118,0.1331,-8.0188,-1.1493,-8.5347,5.7099,13.2886,8.2591,24.3698,10.3423,0.0615,0.57,0.0398,0.3286,-2.0334,0.2112,2.2446,-2.411,3.5025,-5.9135,1,,,,,,,,,,,,,,,,0.0,0.3685,0.6315,1.4225,0.3084,0.0891,-4.054,4.2578,2645,24512,1713,14132,Indiana,2024,3,26,2025.0,1611661328,SEA,24,False,False,Seattle,Storm,
203866,Kayla Thornton,GSV,Golden State Valkyries,USA,11.0,0,39,184263,4724.6923,-1.009,-1.595,3.9433,-10.478,5.794,16.272,6.305,0.253,-7.2779,-1.7123,-17.2797,4.797,9.1633,4.1387,22.6905,7.0257,0.041,0.7949,0.0091,0.1551,2.3252,0.1508,-2.1744,0.2392,-2.323,2.5622,0,-0.8624,-1.009,39.0,23.7,7.5,4.3,0.6,,,,,,,,,-7.5677,0.1642,0.8358,0.9305,0.5013,0.0879,-4.2465,2.0585,7548,146467,1668,28580,Texas-El Paso,-1,-1,-1,2015.0,1611661331,GSV,39,True,False,Golden State,Valkyries,184263.0
204329,Kiah Stokes,GSV,Golden State Valkyries,USA,11.0,1,38,163556,4304.1053,-1.5201,-1.118,6.7365,-18.13,11.61,29.74,7.1735,0.1482,-9.7744,-3.3195,-20.0453,2.5621,13.1644,6.8857,21.612,8.5418,0.0616,0.524,0.0101,0.4043,-0.6798,2.8534,3.5332,-2.2903,-0.7498,-1.5405,1,-1.7631,-1.5201,38.0,22.2,3.6,5.6,1.2,,,,,,,,,-5.4722,0.4144,0.5856,1.3316,0.4879,0.0804,-4.6532,2.5202,10072,85701,1660,66123,Connecticut,2015,1,11,2015.0,1611661331,GSV,38,True,False,Golden State,Valkyries,163556.0
1643427,Lauren Betts,WAS,Washington Mystics,USA,0.0,1,36,101927,2831.3056,1.8859,2.249,6.5479,-19.827,14.035,33.862,5.996,0.1525,-6.0032,-4.0994,1.4159,6.5441,11.7062,7.8463,16.9652,8.4671,0.0702,0.3378,0.0484,0.5436,5.0928,3.3854,-1.7074,2.9602,0.8116,2.1486,0,,,,,,,,,,,,,,,,0.0,0.5921,0.4079,1.4874,0.4623,0.0801,0.4715,6.4675,7152,34428,4937,55410,UCLA,2026,1,4,2026.0,1611661322,WAS,36,False,False,Washington,Mystics,
1631118,Lexi Held,PHX,Phoenix Mercury,USA,1.0,0,35,82929,2369.4,1.0624,1.512,7.5349,-24.7857,15.125,39.9107,6.074,0.1325,-0.187,1.1943,-7.7147,5.7729,9.9563,7.5412,23.4864,14.6779,0.2014,0.6596,0.0321,0.107,3.4546,3.4608,0.0062,1.8834,0.193,1.6904,1,,,,,,,,,,,,,,,,0.0,0.1391,0.8609,1.3659,0.4494,0.0612,-1.1175,4.9565,16698,54696,2665,8870,DePaul,-1,-1,-1,2025.0,1611661317,TOR / PHX,35,False,False,Phoenix,Mercury,
1628922,Azura Stevens,CHI,Chicago Sky,USA,8.0,1,27,120952,4479.7037,0.2285,1.141,4.3741,-7.342,6.89,14.232,7.2455,0.2281,-6.0053,-1.8194,-2.7455,9.5149,7.8522,3.8325,21.0527,7.633,0.0981,0.6406,0.0403,0.2211,0.3738,2.453,2.0792,0.8324,-0.4218,1.2542,1,,,,,,,,,,,,,,,,0.0,0.2614,0.7386,1.4082,0.3473,0.0569,-4.068,3.1775,11860,77478,4873,26741,Connecticut,2018,1,6,2018.0,1611661329,CHI,27,False,False,Chicago,Sky,
1642321,Sydney Taylor,CHI,Chicago Sky,USA,0.0,0,30,106026,3534.2,-0.0329,0.4435,7.0128,-24.7857,10.083,34.8687,4.9422,0.1424,-3.9328,0.5626,-0.3215,8.0203,7.6802,6.4328,17.6689,14.9128,0.1509,0.7145,0.0296,0.105,-3.12,-0.8882,2.2318,0.4739,-0.5397,1.0136,1,,,,,,,,,,,,,,,,-0.0,0.1346,0.8654,1.2499,0.3853,0.0353,-1.1682,3.774,16000,75757,3135,11134,Louisville,-1,-1,-1,2026.0,1611661329,CHI,30,False,False,Chicago,Sky,
1630150,Chennedy Carter,LVA,Las Vegas Aces,USA,6.0,1,8,20893,2611.625,-1.504,-0.4705,5.5716,-10.687,7.427,18.114,4.8678,0.1792,-2.1223,-0.7699,-6.4399,0.0474,9.3701,6.4978,9.2469,4.7944,0.3043,0.5379,0.0657,0.0921,-4.5885,1.5805,6.169,-4.5885,1.5805,-6.169,1,,,,,,,,,,,,,,,,-0.0,0.1578,0.8422,1.5785,0.1035,0.0334,-3.8505,1.0172,6358,11238,1373,1924,Texas A&M,2020,1,4,2020.0,1611661319,LVA,8,False,False,Las Vegas,Aces,
204333,Natasha Cloud,CHI,Chicago Sky,USA,11.0,1,35,170978,4885.0857,-4.0992,-2.816,3.8625,-14.575,2.575,17.15,4.5865,0.2582,-9.4394,-1.9313,-7.6814,1.9046,7.5599,4.2287,12.1205,8.5459,0.3073,0.5769,0.0409,0.0749,-4.1372,-3.5668,0.5704,-4.6763,-3.4881,-1.1882,1,-3.9361,-4.0992,35.0,28.6,11.1,3.6,5.0,,,,,,,,,-45.5008,0.1158,0.8842,1.4497,0.45,0.0332,-6.507,-1.9205,52547,98629,6994,12808,St. Joseph's (PA),2015,2,15,2015.0,1611661329,CHI,35,True,False,Chicago,Sky,170978.0
204324,Dearica Hamby,LAS,Los Angeles Sparks,USA,11.0,1,37,174802,4724.3784,-3.7025,-3.77,5.8189,-24.7857,6.737,31.5227,8.216,0.1716,-10.0076,-6.8976,-6.8722,2.7412,7.6554,5.3669,14.3239,10.0655,0.0936,0.5085,0.0435,0.3545,-1.0334,-5.9542,-4.9208,-2.2021,-5.2863,3.0842,0,-2.9498,-4.0806,37.0,28.9,14.6,7.1,2.4,,,,,,,,,-54.057,0.3979,0.6021,1.5431,0.4752,0.0162,-7.473,0.743,16362,88879,7602,61959,Wake Forest,2015,1,6,2015.0,1611661320,LAS,37,True,False,Los Angeles,Sparks,174802.0
1643495,Justine Pissott,LVA,Las Vegas Aces,USA,0.0,1,7,12785,1826.4286,-0.3677,0.096,5.1946,-6.909,8.959,15.868,3.784,0.1921,-2.4837,-1.608,-23.5975,3.9445,9.6672,6.348,26.0696,10.7032,0.0576,0.6463,0.0115,0.2846,-1.686,0.7153,2.4013,-1.7095,1.4213,-3.1308,1,,,,,,,,,,,,,,,,-0.0,0.2961,0.7039,1.2341,0.0907,0.0115,-3.072,0.712,736,8263,147,3639,Vanderbilt,2026,2,25,2026.0,1611661319,IND / LVA,8,False,False,Las Vegas,Aces,
1629483,Napheesa Collier,MIN,Minnesota Lynx,USA,7.0,1,13,57566,4428.1538,-2.058,0.484,9.191,-24.7857,9.988,34.7737,9.398,0.1087,-11.5619,-2.9256,3.6417,1.6534,8.4941,8.0883,14.9462,15.8137,0.0989,0.595,0.056,0.25,-6.0731,1.0298,7.1029,2.5116,-7.3891,9.9007,1,,,,,,,,8565.0,-3.2058,33.7967,100.0,-100.0,0.1602,0.8935,0.3036,-0.0,0.306,0.694,1.5087,0.1672,0.0115,-5.51,3.888,5696,34254,3223,14393,Connecticut,2019,1,6,2019.0,1611661324,MIN,13,False,True,Minnesota,Lynx,
1631083,Emily Engstler,PDX,Portland Fire,USA,4.0,1,37,160709,4343.4865,-2.5097,-1.593,5.7391,-18.806,5.66,24.466,6.377,0.1739,-8.4851,-3.7039,-15.7971,3.9155,8.698,5.092,17.7769,8.0768,0.0597,0.6397,0.0416,0.259,3.0872,-0.2264,-3.3136,-2.3219,-2.708,0.3861,0,-2.3333,-2.5097,37.0,24.4,9.6,5.6,2.1,,,,,,,,,-24.0934,0.3007,0.6993,1.3507,0.4752,-0.0113,-5.192,1.185,9587,102801,6690,41631,Louisville,2022,1,4,2022.0,1611661327,PDX,37,True,False,Portland,Fire,160709.0
203822,Rebekah Gardner,NYL,New York Liberty,USA,4.0,0,35,91431,2612.3143,0.8581,1.458,4.7765,-9.461,13.22,22.681,5.4555,0.2089,-10.8265,1.7493,-18.7956,4.9274,11.9706,5.5906,21.9938,8.1332,0.1016,0.6325,0.0269,0.239,1.5822,-0.0984,-1.6806,1.263,0.4293,0.8337,0,,,,,,,,,,,,,,,,0.0,0.2659,0.7341,1.3871,0.4498,-0.0126,-1.9335,3.522,9285,57831,2464,21851,UCLA,-1,-1,-1,2022.0,1611661313,NYL,36,False,False,New York,Liberty,
1631136,Pauline Astier,NYL,New York Liberty,France,0.0,0,37,154314,4170.6486,-2.6965,-2.532,3.9432,-15.322,5.137,20.459,3.989,0.253,-7.4429,-1.7345,-9.0617,3.6382,4.7413,5.0555,12.281,6.0173,0.2491,0.5085,0.0587,0.1837,-1.897,-3.3848,-1.4878,-3.6933,-1.6443,-2.049,0,-2.9834,-2.8119,38.0,23.1,8.3,2.5,3.4,,,,,,,,,-22.3806,0.2424,0.7576,1.6849,0.4756,-0.0145,-4.689,-0.7,38432,78470,9065,28347,Unknown,-1,-1,-1,2026.0,1611661313,NYL,37,True,False,New York,Liberty,158774.0
1642303,Leila Lacan,CON,Connecticut Sun,France,1.0,1,25,107529,4301.16,-3.5588,-3.3,5.0406,-15.131,8.115,23.246,4.019,0.198,-7.995,-3.161,2.2846,6.8554,6.7734,6.1804,11.1433,9.3851,0.365,0.4906,0.0495,0.0949,-4.0156,-6.4082,-2.3926,-0.6511,-6.7089,6.0578,0,-2.8,-3.5588,25.0,28.0,11.2,1.9,4.3,,,,,,,,,-39.859,0.1443,0.8557,1.5717,0.3215,-0.015,-5.941,-1.922,39253,52756,5319,10201,Unknown,2024,1,10,2025.0,1611661323,CON,25,True,False,Connecticut,Sun,107529.0
1631135,Olivia Nelson-Ododa,CON,Connecticut Sun,USA,4.0,1,29,96127,3314.7241,1.7823,3.667,9.0044,-24.151,13.63,37.781,7.74,0.1109,-4.156,-1.3524,-2.4833,4.0345,10.9607,7.7927,13.6478,13.2174,0.0625,0.3389,0.06,0.5385,4.3844,0.0396,-4.3448,2.7766,0.717,2.0596,0,,,,,,,,,,,,,,,,0.0,0.5986,0.4014,1.5035,0.3723,-0.0201,0.017,7.757,6007,32579,5772,51769,Connecticut,2022,2,19,2022.0,1611661323,CON,29,False,False,Connecticut,Sun,
1628882,Lexie Brown,SEA,Seattle Storm,USA,8.0,1,9,23975,2663.8889,1.1788,3.051,5.385,-11.031,6.504,17.535,6.043,0.1854,-4.6484,2.5497,-5.669,7.366,10.6586,3.2412,26.7977,10.554,0.0954,0.7744,0.0278,0.1024,2.0928,-0.6842,-2.777,2.6692,-0.6842,3.3534,0,,,,,,,,,,,,,,,,0.0,0.1302,0.8698,1.0894,0.1163,-0.0207,-1.261,4.782,2288,18566,666,2455,Duke,2018,1,9,2018.0,1611661328,SEA,9,False,False,Seattle,Storm,
1643494,Frieda Buhner,PDX,Portland Fire,Germany,0.0,1,30,69715,2323.8333,0.6501,0.818,5.6468,-13.848,11.723,25.571,6.3108,0.1768,-4.2703,-0.847,-11.6364,6.3933,12.8324,4.9792,25.6644,8.3176,0.0664,0.6756,0.0226,0.2353,2.7208,0.9988,-1.722,1.2596,0.0405,1.2191,0,,,,,,,,,,,,,,,,0.0,0.258,0.742,1.257,0.3855,-0.0342,-3.1402,3.1705,4629,47100,1579,16407,Unknown,2026,2,17,2026.0,1611661327,PDX,31,False,False,Portland,Fire,
1643439,Tonie Morgan,LAS,Los Angeles Sparks,USA,0.0,1,6,14895,2482.5,-2.3153,-1.9995,4.2308,-9.705,2.238,11.943,3.7938,0.2358,-8.245,0.8553,-6.007,7.5147,4.4607,5.5041,7.9381,13.5218,0.3482,0.5247,0.0549,0.0722,-5.2983,0.6677,5.966,-4.568,-0.0627,-4.5053,1,,,,,,,,,,,,,,,,-0.0,0.1271,0.8729,1.5217,0.0781,-0.047,-3.3065,0.4873,5186,7816,817,1076,Kentucky,2026,3,32,2026.0,1611661320,LAS,6,False,False,Los Angeles,Sparks,
1643433,Raven Johnson,IND,Indiana Fever,USA,0.0,1,27,47470,1758.1481,-2.8311,-1.031,8.2573,-20.038,13.721,33.759,10.4515,0.121,-7.9976,-2.9124,-10.3092,5.3636,10.6536,8.6419,21.0819,12.1457,0.2009,0.6202,0.0392,0.1396,-5.2052,2.2472,7.4524,-5.0649,-0.4255,-4.6393,1,,,,,,,,993.0,0.0108,32.2273,84.9,-100.0,0.1219,0.9577,0.3787,-0.0,0.1789,0.8211,1.4725,0.3468,-0.048,-9.323,1.1285,9539,29440,1862,6629,South Carolina,2026,1,10,2026.0,1611661325,IND,30,False,True,Indiana,Fever,
1642781,Georgia Amoore,WAS,Washington Mystics,Australia,0.0,1,36,152279,4229.9722,-2.0922,-3.406,4.8404,-13.057,6.439,19.496,7.3895,0.2062,-6.0859,-0.3147,-3.8819,4.1641,6.8046,3.917,14.2889,11.1391,0.3781,0.5142,0.0375,0.0702,-0.0558,-2.376,-2.3202,-1.8119,-2.3724,0.5604,0,-1.9705,-2.0922,36.0,23.0,6.7,1.5,3.4,,,,,,,,,-14.0175,0.1077,0.8923,1.4707,0.4626,-0.0497,-5.0207,2.3688,57580,78299,5716,10684,Kentucky,2025,1,6,2026.0,1611661322,WAS,36,True,False,Washington,Mystics,152279.0
1643457,Teonni Key,TOR,Toronto Tempo,USA,0.0,1,26,47318,1819.9231,-3.3339,-3.0555,6.6527,-18.371,6.169,24.54,10.6778,0.1501,-13.9627,-5.7825,2.8496,1.3538,15.4575,7.3007,26.5101,8.6598,0.0394,0.5607,0.0206,0.3793,-5.3186,2.6284,7.947,-3.7438,-2.924,-0.8198,1,,,,,,,,,,,,,,,,-0.0,0.3999,0.6001,1.2975,0.3341,-0.0769,-8.051,2.6268,1863,26532,974,17949,Kentucky,2026,2,22,2026.0,1611661332,TOR,29,False,False,Toronto,Tempo,
204296,Rebecca Allen,NYL,New York Liberty,Australia,11.0,0,23,75070,3263.913,-0.7607,0.126,4.0954,-8.863,5.492,14.355,6.364,0.2436,-9.2585,-0.1932,-12.2424,3.7638,6.4129,4.3256,27.8578,9.4238,0.069,0.7332,0.013,0.1847,0.0896,0.6498,0.5602,-0.9181,-0.5891,-0.329,1,,,,,,,,,,,,,,,,-0.0,0.1978,0.8022,1.126,0.2961,-0.0857,-4.094,2.27,5179,55045,977,13869,Melbourne,-1,-1,-1,2015.0,1611661313,NYL,24,False,False,New York,Liberty,
1643448,Nell Angloma,CON,Connecticut Sun,France,0.0,1,33,65958,1998.7273,-4.0945,-3.554,6.1493,-24.7857,5.314,30.0997,5.993,0.1624,-5.3143,-4.176,-7.3485,-0.0899,9.8114,6.6149,22.0744,13.3393,0.0965,0.6524,0.0511,0.2,-13.6011,-4.1172,9.4839,-3.0499,-5.2044,2.1545,1,,,,,,,,,,,,,,,,-0.0,0.2511,0.7489,1.4113,0.4239,-0.095,-5.716,0.277,6365,43028,3372,13193,Unknown,2026,1,12,2026.0,1611661323,CON,33,False,False,Connecticut,Sun,
1641656,Laeticia Amihere,GSV,Golden State Valkyries,Canada,3.0,1,33,64338,1949.6364,-2.3709,-3.113,6.7155,-16.527,9.42,25.947,8.295,0.1487,-11.0421,-3.5637,-19.6152,-0.3438,10.8588,9.0138,21.423,9.0951,0.084,0.4849,0.0285,0.4026,-5.0886,-0.4122,4.6764,-3.3065,-1.3769,-1.9297,1,,,,,,,,,,,,,,,,-0.0,0.4311,0.5689,1.4813,0.4238,-0.0985,-5.812,2.483,5404,31200,1834,25900,South Carolina,2023,1,8,2023.0,1611661331,GSV,33,False,False,Golden State,Valkyries,
1642769,Mai Yamamoto,LVA,Las Vegas Aces,Japan,0.0,0,8,21270,2658.75,0.8772,0.292,7.6666,-10.957,15.4602,26.4172,5.726,0.1303,-2.5094,2.0999,-7.1991,-0.0825,11.6667,6.1094,32.5144,11.9393,0.3102,0.566,0.0271,0.0967,3.0001,-1.2458,-4.2458,-2.5613,4.3156,-6.8768,0,,,,,,,,,,,,,,,,0.0,0.1238,0.8762,1.4556,0.1032,-0.1,-2.4015,3.3245,6599,12038,577,2056,Unknown,-1,-1,-1,2026.0,1611661319,LVA,8,False,False,Las Vegas,Aces,
204335,Betnijah Laney-Hamilton,WAS,Washington Mystics,USA,11.0,1,23,67198,2921.6522,-0.4098,0.056,7.0545,-24.7857,9.419,34.2047,7.095,0.1416,-6.3765,0.7059,-11.5012,5.3521,8.0701,6.5309,20.0642,12.5555,0.1208,0.6903,0.0407,0.1482,1.8588,1.0792,-0.7796,0.9511,-1.8943,2.8454,0,,,,,,,,,,,,,,,,-0.0,0.1889,0.8111,1.3338,0.2956,-0.1016,-2.692,4.403,8117,46384,2736,9961,Rutgers,2015,2,17,2015.0,1611661322,NYL / WAS,23,False,False,Washington,Mystics,
1642809,Saniya Rivers,CON,Connecticut Sun,USA,1.0,1,31,115133,3713.9677,-4.8885,-3.963,5.5661,-19.316,13.429,32.745,4.351,0.1793,-9.9193,-4.4166,-5.6167,2.3302,7.722,6.0003,16.7286,12.6864,0.1974,0.6816,0.0397,0.0813,-7.8948,-4.2878,3.607,-4.7459,-5.0407,0.2948,1,-5.4275,-4.8885,31.0,22.5,6.8,2.4,3.0,,,,,,,,,-33.2419,0.121,0.879,1.3181,0.3983,-0.1052,-7.031,-2.68,22730,78474,4572,9357,North Carolina State,2025,1,8,2025.0,1611661323,CON,32,True,False,Connecticut,Sun,115133.0
1631044,Naz Hillmon,ATL,Atlanta Dream,USA,4.0,1,35,179241,5121.1714,-4.4246,-3.935,5.1884,-21.981,6.433,28.414,4.4025,0.1924,-12.8561,-5.8056,-9.5565,3.443,9.5594,5.2779,22.2397,8.1312,0.0708,0.7061,0.0156,0.2076,-3.0362,-3.9688,-0.9326,-3.5544,-5.3459,1.7916,0,-4.3772,-4.4246,35.0,29.4,9.5,4.7,1.5,,,,,,,,,-42.0334,0.2231,0.7769,1.1893,0.4497,-0.1115,-6.2705,-1.868,12691,126557,2790,37203,Michigan,2022,2,15,2022.0,1611661330,ATL,35,True,False,Atlanta,Dream,179241.0
1642290,Aaliyah Edwards,CON,Connecticut Sun,Canada,2.0,1,24,70190,2924.5833,-1.035,-0.3055,5.9835,-24.7857,4.924,29.7097,3.9492,0.1668,-6.4505,-4.0324,-0.8845,3.8742,9.9603,4.5316,18.6642,8.6116,0.0678,0.4388,0.0637,0.4296,-0.91,-0.326,0.584,1.4594,-3.5294,4.9888,1,,,,,,,,,,,,,,,,-0.0,0.4933,0.5067,1.5616,0.3085,-0.1127,-1.4838,2.4655,4762,30801,4473,30154,Connecticut,2024,1,6,2024.0,1611661323,CON,25,False,False,Connecticut,Sun,
1643470,Shay Ciezki,PHX,Phoenix Mercury,USA,0.0,0,5,10221,2044.2,-0.78,0.704,5.931,-9.097,6.28,15.377,6.239,0.1683,-10.6496,4.8698,-11.9665,7.2738,8.3763,5.2393,5.2467,6.7371,0.3234,0.52,0.0661,0.0905,-1.4085,-1.6545,-0.246,-0.361,-1.4085,1.0475,0,,,,,,,,,,,,,,,,-0.0,0.1566,0.8434,1.5901,0.0649,-0.1171,-4.013,2.226,3305,5315,676,925,Indiana,-1,-1,-1,2026.0,1611661317,PHX,6,False,False,Phoenix,Mercury,
1642296,Nyadiew Puoch,PDX,Portland Fire,Australia,0.0,1,36,110800,3077.7778,0.8505,1.891,5.4309,-11.002,10.08,21.082,7.7102,0.1838,-7.6548,-0.7533,-12.2334,7.4561,14.6704,5.9827,24.9545,7.7735,0.0413,0.6929,0.0168,0.249,3.2202,-1.8616,-5.0818,-0.1571,1.8582,-2.0153,0,,,,,,,,,,,,,,,,0.0,0.2658,0.7342,1.1552,0.4625,-0.1292,-2.7985,4.9117,4576,76775,1865,27584,Southside,2024,1,12,2026.0,1611661327,PDX,36,False,False,Portland,Fire,
203026,Tiffany Hayes,GSV,Golden State Valkyries,USA,14.0,1,37,124726,3370.973,-0.3291,0.254,5.765,-12.533,10.91,23.443,6.656,0.1732,-4.9252,1.7661,-2.8928,2.9592,8.4277,5.9184,21.2186,10.7849,0.2455,0.6015,0.0511,0.1019,-0.6388,-2.483,-1.8442,2.0387,-2.8284,4.8672,0,,,,,,,,,,,,,,,,-0.0,0.153,0.847,1.4937,0.4752,-0.1292,-3.47,3.186,30620,75018,6379,12709,Connecticut,2012,2,14,2012.0,1611661331,GSV,37,False,False,Golden State,Valkyries,
1630461,Kiana Williams,TOR,Toronto Tempo,USA,5.0,1,20,40107,2005.35,-2.6255,-2.209,5.4992,-15.841,6.034,21.875,6.3422,0.1815,-7.9935,-0.5126,-21.5785,2.9678,8.1138,5.4184,23.052,17.9686,0.2684,0.6129,0.0234,0.0953,-2.7628,1.4702,4.233,-0.891,-4.36,3.469,1,,,,,,,,,,,,,,,,-0.0,0.1186,0.8814,1.3919,0.2573,-0.1361,-5.778,0.5642,10766,24583,937,3821,Stanford,2021,2,18,2021.0,1611661332,PHX / LAS / TOR,23,False,False,Toronto,Tempo,
1643436,Serah Williams,PDX,Portland Fire,Canada,0.0,1,32,73361,2292.5312,0.2964,1.439,6.8567,-18.901,11.948,30.849,8.305,0.1456,-7.4954,-2.0998,-7.2592,2.8947,15.9827,8.373,22.3753,7.1818,0.058,0.3617,0.0362,0.5441,6.3788,2.6202,-3.7586,0.6673,-0.0744,0.7418,0,,,,,,,,,,,,,,,,0.0,0.5804,0.4196,1.42,0.411,-0.1369,-3.755,4.55,4253,26532,2657,39919,Connecticut,2026,3,33,2026.0,1611661327,PDX,32,False,False,Portland,Fire,
1643527,Jordan Harrison,PDX,Portland Fire,USA,0.0,0,12,19538,1628.1667,-0.7233,-1.784,9.3362,-15.481,15.4602,30.9412,10.7272,0.107,-4.7465,-0.0841,-10.7593,7.7639,7.8185,9.5074,15.9474,17.6961,0.427,0.4001,0.091,0.0819,-1.706,-2.65,-0.944,-3.125,1.6784,-4.8034,0,,,,,,,,,,,,,,,,-0.0,0.1729,0.8271,1.6633,0.1544,-0.1373,-5.8722,4.855,8342,7818,1777,1601,West Virginia,-1,-1,-1,2026.0,1611661327,PDX,14,False,False,Portland,Fire,
204468,Valeriane Ayayi,PHX,Phoenix Mercury,France,11.0,0,31,72246,2330.5161,-2.6082,-1.063,8.0075,-24.7857,8.456,33.2417,6.977,0.1247,-7.2299,-2.1047,-5.8863,1.8131,12.6317,7.2684,20.5033,16.3726,0.1203,0.6652,0.0276,0.1869,-5.4723,-1.287,4.1853,-0.3574,-5.0092,4.6518,1,,,,,,,,,,,,,,,,-0.0,0.2145,0.7855,1.3539,0.3981,-0.1378,-5.427,1.55,8689,48058,1994,13505,France,-1,-1,-1,2015.0,1611661317,PHX,31,False,False,Phoenix,Mercury,
1643447,Gabriela Jaquez,CHI,Chicago Sky,USA,0.0,1,31,87881,2834.871,0.459,-0.154,5.0077,-9.42,11.788,21.208,6.5705,0.1993,-5.6163,0.3126,-5.9374,5.6053,11.0082,5.5914,17.6451,13.1509,0.0951,0.7234,0.0341,0.1474,2.5998,-1.9596,-4.5594,2.2675,-1.4701,3.7376,0,,,,,,,,,,,,,,,,0.0,0.1815,0.8185,1.2341,0.3984,-0.1474,-3.3775,3.193,8358,63574,2999,12950,UCLA,2026,1,5,2026.0,1611661329,CHI,31,False,False,Chicago,Sky,
1630112,Tyasha Harris,IND,Indiana Fever,USA,6.0,1,29,64336,2218.4828,-1.8456,-0.651,6.7412,-24.723,7.781,32.504,7.499,0.1481,-10.4891,0.3482,-14.8323,8.1663,13.4284,5.7411,24.6534,12.4922,0.2955,0.5976,0.0247,0.0823,-3.394,-1.8608,1.5332,-2.6403,-0.9941,-1.6462,1,,,,,,,,2826.0,5.4845,29.8132,100.0,-100.0,0.3478,0.9275,0.4133,-0.0,0.1069,0.8931,1.3918,0.3725,-0.1562,-5.16,2.339,19009,38447,1588,5292,South Carolina,2020,1,7,2020.0,1611661325,IND,29,False,True,Indiana,Fever,
1642210,Julie Vanloo,NYL,New York Liberty,Belgium,2.0,0,4,8956,2239.0,-1.171,-1.2525,0.8378,-2.028,-0.151,1.877,1.067,1.1795,-0.2842,-1.293,-7.4995,-3.9962,5.3611,2.7813,26.7246,9.8054,0.334,0.5563,0.0313,0.0785,-0.5025,-1.8395,-1.337,-1.0895,-1.2525,0.163,0,,,,,,,,,,,,,,,,-0.0,0.1098,0.8902,1.4436,0.0572,-0.1599,-1.7452,-0.6782,2991,4982,280,703,Unknown,-1,-1,-1,2024.0,1611661313,NYL,4,False,False,New York,Liberty,
1643445,Kiki Rice,TOR,Toronto Tempo,USA,0.0,1,22,90074,4094.2727,-1.8261,-0.5965,7.1932,-24.7857,6.758,31.5437,3.9975,0.1388,-1.5714,-2.0128,-6.9282,4.9554,7.2046,7.8146,13.9118,12.4746,0.2606,0.604,0.0472,0.0882,0.0094,1.065,1.0556,-0.4397,-3.2124,2.7727,1,,,,,,,,,,,,,,,,-0.0,0.1354,0.8646,1.4619,0.2827,-0.1709,-2.9402,1.0572,23470,54405,4251,7948,UCLA,2026,1,6,2026.0,1611661332,TOR,27,False,False,Toronto,Tempo,
1627700,Julie Allemand,TOR,Toronto Tempo,Belgium,6.0,1,21,100314,4776.8571,-4.534,-4.992,3.7988,-13.076,2.89,15.966,3.936,0.2626,-7.6566,-3.1889,-19.6567,1.8049,6.1016,4.0206,19.2912,8.315,0.3135,0.6046,0.0271,0.0548,-3.1432,-2.3954,0.7478,-4.9052,-4.1258,-0.7794,1,-4.5548,-4.534,21.0,29.1,6.6,2.9,5.4,,,,,,,,,-29.9247,0.0819,0.9181,1.3342,0.2705,-0.1743,-6.388,-2.452,31453,60646,2716,5499,Castors Braine,2016,3,33,2020.0,1611661332,TOR,21,True,False,Toronto,Tempo,100314.0
1643437,Ashlon Jackson,CON,Connecticut Sun,USA,0.0,1,15,34437,2295.8,-1.415,-1.313,4.2239,-7.577,8.037,15.614,5.0345,0.2362,-5.7639,-1.0235,1.8627,-0.0725,7.7921,4.3183,26.3607,10.3974,0.153,0.7319,0.013,0.1021,-2.2466,-2.509,-0.2624,-2.3066,-0.396,-1.9106,0,,,,,,,,,,,,,,,,-0.0,0.1151,0.8849,1.1615,0.1935,-0.1745,-3.991,1.0435,5270,25204,448,3515,Duke,2026,2,23,2026.0,1611661323,CON,18,False,False,Connecticut,Sun,
1628920,Mercedes Russell,IND,Indiana Fever,USA,8.0,1,4,4901,1225.25,-1.7335,-1.8755,1.8064,-3.785,0.602,4.387,1.4065,0.5506,0.0023,-4.4208,-35.8407,-0.5442,13.1213,8.1301,22.916,5.0919,0.0941,0.4113,0.0124,0.4821,-1.8755,-1.5915,0.284,-1.5915,-1.8755,0.284,1,,,,,,,,,,,,,,,,-0.0,0.4946,0.5054,1.4341,0.054,-0.176,-2.5077,-1.1012,461,2016,61,2363,Tennessee,2018,2,22,2018.0,1611661325,IND,4,False,False,Indiana,Fever,
1642775,Alex Wilson,WAS,Washington Mystics,Australia,0.0,0,4,9287,2321.75,-0.5703,0.707,7.4949,-10.843,7.148,17.991,4.9178,0.1332,-12.011,0.3442,-0.607,7.0852,4.2401,9.907,16.2088,5.5249,0.0884,0.7212,0.0064,0.184,0.707,-1.8475,-2.5545,0.707,-1.8475,2.5545,0,,,,,,,,,,,,,,,,-0.0,0.1904,0.8096,1.1452,0.0519,-0.1769,-2.3905,2.5272,821,6698,59,1709,Unknown,-1,-1,-1,2026.0,1611661322,WAS,4,False,False,Washington,Mystics,
1643430,Cotie McMahon,WAS,Washington Mystics,USA,0.0,1,33,99770,3023.3333,-0.3647,0.066,5.1737,-13.319,8.837,22.156,6.118,0.1929,-8.3385,-0.2308,-1.5524,5.5757,8.1206,5.8972,18.13,6.9946,0.1036,0.7358,0.0351,0.1255,1.9778,-1.5676,-3.5454,0.4247,-1.2034,1.6281,0,,,,,,,,,,,,,,,,-0.0,0.1606,0.8394,1.2098,0.424,-0.1896,-2.547,3.571,10334,73413,3499,12524,Mississippi,2026,1,11,2026.0,1611661322,WAS,34,False,False,Washington,Mystics,
1628242,Emma Cannon,LAS,Los Angeles Sparks,USA,9.0,0,15,16180,1078.6667,-1.3675,-0.427,7.0085,-14.787,8.076,22.863,9.364,0.1425,-7.7937,-6.7389,6.4714,7.5395,17.3989,8.5392,17.5659,8.5462,0.0716,0.6008,0.0242,0.3034,-0.9434,-1.7334,-0.79,-0.9711,-1.8204,0.8493,0,,,,,,,,,,,,,,,,-0.0,0.3276,0.6724,1.3659,0.193,-0.1907,-5.7855,3.5785,1159,9721,391,4909,Florida Southern,-1,-1,-1,2017.0,1611661320,LAS,15,False,False,Los Angeles,Sparks,
203024,Damiris Dantas,IND,Indiana Fever,Brazil,12.0,1,10,14694,1469.4,-3.5792,-3.269,9.1154,-19.38,11.381,30.761,9.8102,0.1096,-1.1323,-4.448,-16.5306,1.0788,8.5326,8.9029,17.647,18.179,0.1137,0.6005,0.0203,0.2654,-6.1936,-0.9648,5.2288,-1.4724,-5.686,4.2136,1,,,,,,,,,,,,,,,,-0.0,0.2858,0.7142,1.4207,0.1288,-0.1929,-8.0683,1.742,1671,8824,299,3900,Real Celta Vigo,2012,1,12,2014.0,1611661325,IND,12,False,False,Indiana,Fever,
1643444,Ta'Niya Latson,LVA,Las Vegas Aces,USA,0.0,1,11,7911,719.1818,-1.1495,0.372,11.7222,-24.7857,14.582,39.3677,12.434,0.0852,-3.7263,0.0525,-6.0187,3.6392,9.0766,10.4367,32.781,24.5338,0.1728,0.6555,0.0408,0.1308,-0.6002,-2.0031,-1.4029,-5.7819,4.4094,-10.1914,0,,,,,,,,,,,,,,,,-0.0,0.1717,0.8283,1.4093,0.1415,-0.193,-4.915,7.519,1367,5186,323,1035,South Carolina,2026,2,20,2026.0,1611661319,LAS / LVA,15,False,False,Las Vegas,Aces,
1631141,Jade Melbourne,SEA,Seattle Storm,Australia,3.0,1,38,165366,4351.7368,-4.1115,-3.9725,5.5831,-22.652,4.992,27.644,6.7002,0.1788,-7.7418,-2.7488,-7.7297,0.1999,9.346,5.1666,18.3868,11.8212,0.318,0.5597,0.0418,0.0806,-2.3968,-6.6976,-4.3008,-3.8271,-4.3959,0.5688,0,-3.7984,-4.1115,38.0,24.9,9.6,2.1,3.8,,,,,,,,,-39.4701,0.1223,0.8777,1.4784,0.4881,-0.1931,-7.582,-0.8818,52582,92552,6905,13327,                                   ,2022,3,33,2023.0,1611661328,SEA,38,True,False,Seattle,Storm,165366.0
1642302,Isobel Borlase,ATL,Atlanta Dream,Australia,0.0,1,36,79504,2208.4444,-0.6878,0.295,6.9925,-24.7857,15.4602,40.2459,6.4815,0.1428,-8.0554,-0.62,-10.0159,10.3155,11.8518,7.1497,17.7103,14.2473,0.1162,0.7605,0.0377,0.0856,2.6652,-0.172,-2.8372,-0.7126,-0.663,-0.0496,0,,,,,,,,,,,,,,,,-0.0,0.1233,0.8767,1.1432,0.4623,-0.197,-3.3645,3.117,9238,60461,3000,6805,Adelaide,2024,2,20,2026.0,1611661330,ATL,36,False,False,Atlanta,Dream,
1629478,Katie Lou Samuelson,SEA,Seattle Storm,USA,7.0,1,31,81723,2636.2258,0.215,1.335,6.0518,-24.7857,7.68,32.4657,6.5565,0.165,-2.7165,0.477,-17.0837,4.8937,11.9173,5.8111,29.0968,13.6495,0.0602,0.8376,0.0106,0.0916,0.4554,-4.9773,-5.4327,1.2976,-0.9398,2.2375,0,,,,,,,,,,,,,,,,0.0,0.1022,0.8978,0.8434,0.3983,-0.2006,-2.3795,4.177,4920,68453,863,7487,Connecticut,2019,1,4,2019.0,1611661328,SEA,31,False,False,Seattle,Storm,
1641683,Holly Winterburn,PDX,Portland Fire,United Kingdom,0.0,0,23,45678,1986.0,-1.871,-0.675,5.8976,-13.624,12.191,25.815,7.946,0.1693,-6.2614,-0.9096,-9.2317,4.4272,8.9304,7.4108,18.5026,15.1648,0.2494,0.5879,0.0395,0.1232,0.0048,0.2466,0.2418,-1.5975,-2.1694,0.5719,1,,,,,,,,,,,,,,,,-0.0,0.1627,0.8373,1.5065,0.2957,-0.2017,-6.388,1.558,11392,26855,1805,5626,Oregon,-1,-1,-1,2026.0,1611661327,ATL / PDX,25,False,False,Portland,Fire,
204365,Erica Wheeler,LAS,Los Angeles Sparks,USA,11.0,0,37,165978,4485.8919,-5.0822,-5.263,3.7276,-13.512,1.946,15.458,3.967,0.2675,-8.7591,-4.0499,-9.5505,4.654,5.864,4.3768,13.4677,6.7586,0.3317,0.5695,0.0406,0.0582,-4.416,-5.6678,-1.2518,-5.6521,-4.4806,-1.1715,0,-5.1868,-5.0822,37.0,26.8,8.9,1.9,5.2,,,,,,,,,-45.2312,0.0988,0.9012,1.417,0.4757,-0.2041,-7.228,-3.261,55058,94528,6733,9659,Rutgers,-1,-1,-1,2015.0,1611661320,LAS,37,True,False,Los Angeles,Sparks,165978.0
1642777,Monique Akoa Makani,LAS,Los Angeles Sparks,Cameroon,1.0,0,24,77309,3221.2083,-1.1282,-0.5175,5.4469,-10.422,13.719,24.141,6.614,0.1833,-4.6562,-1.0621,-11.3499,7.7492,8.8173,5.4249,20.1017,9.7336,0.2836,0.5828,0.0303,0.1033,0.287,-1.731,-2.018,-1.7891,-0.4674,-1.3217,0,,,,,,,,,,,,,,,,-0.0,0.1336,0.8664,1.4608,0.3086,-0.2089,-4.838,1.776,21926,45054,2343,7986,Unknown,-1,-1,-1,2025.0,1611661320,PHX / LAS,25,False,False,Los Angeles,Sparks,
1642820,Liatu King,MIN,Minnesota Lynx,USA,1.0,1,9,12847,1427.4444,-3.6532,-4.056,6.6065,-15.096,7.8,22.896,5.858,0.1511,-15.0794,-4.5441,-21.9828,3.4253,14.1177,8.8399,14.5049,6.5299,0.0779,0.6275,0.0326,0.262,-5.7542,-0.8492,4.905,-6.69,0.1427,-6.8328,1,,,,,,,,,,,,,,,,-0.0,0.2946,0.7054,1.3761,0.1161,-0.2095,-6.465,-0.607,1001,8061,419,3366,Notre Dame,2025,3,28,2025.0,1611661324,MIN,10,False,False,Minnesota,Lynx,
1641650,Haley Jones,DAL,Dallas Wings,USA,3.0,1,6,9011,1501.8333,0.335,-0.237,6.7625,-8.263,11.744,20.007,5.0988,0.1477,-5.1985,-0.6157,-2.474,7.1596,8.5728,6.7651,27.0541,16.9211,0.0674,0.6612,0.0275,0.2439,3.3813,-2.7113,-6.0927,0.0723,0.5977,-0.5253,0,,,,,,,,,,,,,,,,0.0,0.2714,0.7286,1.296,0.0777,-0.2123,-2.9825,2.1162,607,5958,248,2198,Stanford,2023,1,6,2023.0,1611661321,PDX / DAL,6,False,False,Dallas,Wings,
1643469,Indya Nivar,ATL,Atlanta Dream,USA,0.0,1,16,14051,878.1875,-1.7078,-0.185,9.4021,-24.7857,15.4602,40.2459,10.3585,0.1062,0.3114,-2.1166,-7.0762,0.899,11.8494,9.5402,34.0961,12.6496,0.1714,0.6819,0.0401,0.1066,-4.5456,-5.1571,-0.6115,-3.7122,0.2967,-4.0089,0,,,,,,,,,,,,,,,,-0.0,0.1467,0.8533,1.3432,0.2057,-0.2173,-6.263,4.0955,2409,9581,563,1498,North Carolina,2026,2,28,2026.0,1611661330,ATL,20,False,False,Atlanta,Dream,
1642287,Cameron Brink,LAS,Los Angeles Sparks,USA,2.0,1,27,78180,2895.5556,-2.5341,-1.914,5.0412,-13.92,10.083,24.003,6.2655,0.198,-4.1964,-4.8127,-9.6323,3.1155,9.2403,5.5011,15.0192,7.8042,0.0694,0.6063,0.0428,0.2815,-1.8546,-0.2852,1.5694,-1.9807,-3.1302,1.1494,1,,,,,,,,,,,,,,,,-0.0,0.3243,0.6757,1.4142,0.3471,-0.2173,-6.7365,-0.471,5424,47404,3348,22004,Stanford,2024,1,2,2024.0,1611661320,LAS,28,False,False,Los Angeles,Sparks,
1642800,Aneesah Morrow,TOR,Toronto Tempo,USA,1.0,1,23,77122,3353.1304,-1.9609,-0.327,7.5325,-24.7857,6.967,31.7527,8.1015,0.1326,-5.0672,-4.9264,-0.2511,2.6002,9.9391,6.5935,19.2438,11.2995,0.0911,0.4845,0.0398,0.3846,-0.5378,-0.5298,0.008,-0.7605,-3.2705,2.51,1,,,,,,,,,,,,,,,,-0.0,0.4244,0.5756,1.5366,0.2955,-0.219,-4.321,3.7805,7027,37365,3067,29663,Louisiana State,2025,1,7,2025.0,1611661332,CON / TOR,24,False,False,Toronto,Tempo,
203405,Kayla Alexander,TOR,Toronto Tempo,Canada,13.0,1,2,5054,2527.0,-2.008,-2.008,4.2356,-5.003,0.987,5.99,2.995,0.2355,8.385,-5.185,-11.375,-2.338,3.7562,0.3917,36.8756,7.3879,0.0649,0.3884,0.0059,0.5408,-2.008,-2.008,0.0,-5.003,0.987,-5.99,0,,,,,,,,,,,,,,,,-0.0,0.5467,0.4533,1.3095,0.0268,-0.2206,-3.5055,-0.5105,328,1963,30,2733,Syracuse,2013,1,8,2013.0,1611661332,TOR,3,False,False,Toronto,Tempo,
1629539,Amy Okonkwo,PDX,Portland Fire,USA,1.0,0,5,5889,1177.8,-8.2073,-6.932,10.259,-24.7857,2.087,26.8727,7.212,0.0974,-0.9163,-11.2178,-6.143,7.2412,13.8056,9.8939,10.0138,7.6345,0.034,0.7597,0.0082,0.1982,-17.0473,-0.005,17.0424,-2.314,-17.0473,14.7333,1,,,,,,,,,,,,,,,,-0.0,0.2063,0.7937,0.9862,0.0646,-0.2223,-9.309,-2.097,200,4474,48,1167,TCU,-1,-1,-1,2025.0,1611661327,ATL / PDX,8,False,False,Portland,Fire,
1641657,Dorka Juhasz,MIN,Minnesota Lynx,Hungary,3.0,1,17,39573,2327.8235,-6.1805,-6.348,6.7921,-16.859,7.649,24.508,9.52,0.147,-12.5162,-7.897,-18.2654,-1.352,12.344,6.8274,27.1335,8.0639,0.094,0.5751,0.0192,0.3117,-10.3504,1.044,11.3944,-5.6138,-6.818,1.2042,1,,,,,,,,2825.0,-7.1151,32.6051,96.4,-100.0,0.086,0.8885,0.2612,-0.0,0.3309,0.6691,1.4134,0.2187,-0.2242,-11.237,-1.717,3721,22759,760,12333,Connecticut,2023,2,16,2023.0,1611661324,MIN,17,False,True,Minnesota,Lynx,
1643489,Antonia Delaere,MIN,Minnesota Lynx,Belgium,0.0,0,36,67156,1865.4444,-0.8707,0.1135,6.2721,-19.105,11.388,30.493,5.6565,0.1592,-5.1561,-1.0687,-4.1464,1.857,12.2008,6.1306,22.7639,17.0961,0.0704,0.798,0.0151,0.1164,3.2002,0.0342,-3.166,1.2998,-3.0412,4.3411,0,,,,,,,,2298.0,-1.0528,33.7672,98.5,-100.0,0.0879,0.8877,0.3477,-0.0,0.1315,0.8685,0.9821,0.4623,-0.2246,-3.932,1.7245,4731,53591,1017,7817,Unknown,-1,-1,-1,2026.0,1611661324,MIN,36,False,True,Minnesota,Lynx,
1643455,Angela Dugalic,WAS,Washington Mystics,USA,0.0,1,29,58157,2005.4138,-2.3098,-1.673,7.7287,-22.268,13.586,35.854,7.218,0.1292,-4.6726,-5.5796,-7.8585,4.5104,10.6168,7.5754,23.7011,9.7656,0.1036,0.587,0.0299,0.2796,2.9432,3.4088,0.4656,-1.5634,-3.1094,1.546,1,,,,,,,,,,,,,,,,-0.0,0.3094,0.6906,1.4553,0.3724,-0.236,-5.631,1.587,6023,34138,1738,16258,UCLA,2026,1,9,2026.0,1611661322,WAS,29,False,False,Washington,Mystics,
1630134,Sug Sutton,DAL,Dallas Wings,USA,6.0,1,16,25585,1599.0625,-3.3598,-4.657,6.4329,-17.379,11.614,28.993,6.1125,0.1552,-7.4039,-1.5814,-3.8329,0.2178,8.4447,7.6632,25.2696,21.9131,0.3581,0.5179,0.0354,0.0886,-4.232,-1.002,3.23,-5.8208,-0.8987,-4.922,1,,,,,,,,,,,,,,,,-0.0,0.1239,0.8761,1.5024,0.2059,-0.2389,-6.2125,-0.1,9163,13251,905,2266,University of Texas at Austin,2020,3,36,2020.0,1611661321,PDX / DAL,17,False,False,Dallas,Wings,
1628269,Nia Brodie,MIN,Minnesota Lynx,USA,9.0,1,39,144294,3699.8462,-5.1058,-4.57,5.2034,-24.7857,3.73,28.5157,5.837,0.1918,-11.2832,-5.3194,-22.8093,-0.7905,9.4465,5.5809,25.0092,8.1247,0.0715,0.7316,0.0179,0.1789,-1.8854,-1.2714,0.614,-4.0566,-6.2101,2.1534,1,-4.9539,-5.2343,39.0,23.0,6.4,4.5,1.8,4321.0,-0.673,34.319,98.6,-100.0,0.1037,0.9095,0.3673,-32.6769,0.1968,0.8032,1.1503,0.501,-0.2417,-7.7575,-1.9205,10323,105569,2589,25813,Northwestern,2017,1,5,2017.0,1611661324,MIN,39,True,True,Minnesota,Lynx,144294.0
1642293,Alissa Pili,LAS,Los Angeles Sparks,USA,2.0,1,4,3033,758.25,-4.352,-4.952,6.8564,-11.696,4.192,15.888,7.851,0.1456,-33.5157,-3.0237,-5.8515,3.37,13.2318,5.9104,32.8967,21.6517,0.033,0.7019,0.0264,0.2387,-7.031,-1.673,5.358,-9.617,0.913,-10.53,1,,,,,,,,,,,,,,,,-0.0,0.2651,0.7349,1.1524,0.052,-0.2591,-8.5775,-0.7265,100,2129,80,724,Utah,2024,1,8,2024.0,1611661320,LAS,4,False,False,Los Angeles,Sparks,
1631064,Chloe Bibby,MIN,Minnesota Lynx,Australia,1.0,0,8,16296,2037.0,-1.207,0.527,8.9604,-17.246,10.253,27.499,9.2697,0.1115,-0.0751,-1.5143,-9.7736,0.3825,6.6271,10.1469,22.6268,12.1857,0.0876,0.7178,0.0133,0.1813,0.445,-2.859,-3.304,3.3088,-5.7227,9.0315,0,,,,,,,,,,,,,,,,-0.0,0.1945,0.8055,1.1804,0.1031,-0.2619,-5.8135,3.4562,1428,11698,216,2954,Maryland,-1,-1,-1,2025.0,1611661324,CHI / MIN,8,False,False,Minnesota,Lynx,
1642324,Kate Martin,LAS,Los Angeles Sparks,USA,2.0,1,15,18352,1223.4667,-2.451,-3.202,4.1865,-10.591,4.34,14.931,3.337,0.2383,-4.7283,-2.8701,-4.3024,2.8164,10.6165,4.2425,20.8735,15.3462,0.0808,0.7542,0.0209,0.1442,-1.6428,-1.813,-0.1702,-4.0168,-0.6616,-3.3552,0,,,,,,,,,,,,,,,,-0.0,0.1651,0.8349,1.1195,0.1935,-0.2673,-3.7525,-0.4155,1482,13841,383,2646,Iowa,2024,2,18,2024.0,1611661320,LAS,18,False,False,Los Angeles,Sparks,
1631086,Lexie Hull,IND,Indiana Fever,USA,4.0,1,34,109677,3225.7941,-1.1926,0.051,7.1222,-24.7857,14.914,39.6997,6.3582,0.1402,-11.1693,-1.1365,-8.3807,2.9468,11.8753,6.7701,20.9296,12.5316,0.0495,0.7879,0.0181,0.1445,2.8734,-1.4728,-4.3462,-1.4431,-0.9421,-0.501,0,,,,,,,,3600.0,-2.3958,28.6666,100.0,-100.0,0.05,0.8367,0.2653,-0.0,0.1626,0.8374,0.9937,0.4366,-0.295,-3.6478,2.7105,5430,86414,1986,15847,Stanford,2022,1,6,2022.0,1611661325,IND,34,False,True,Indiana,Fever,
1642801,Aaliyah Nye,ATL,Atlanta Dream,USA,1.0,1,14,6511,465.0714,3.3752,7.497,13.2626,-24.7857,15.4602,40.2459,17.1625,0.0753,-8.1884,4.7173,-5.3962,0.5906,18.0242,12.3071,31.3011,25.0023,0.09,0.7667,0.0241,0.1192,11.3715,-5.4357,-16.8072,2.9452,3.8052,-0.8599,0,,,,,,,,,,,,,,,,0.0,0.1433,0.8567,1.1018,0.1799,-0.2955,-3.167,13.9955,586,4992,157,776,Alabama,2025,2,13,2025.0,1611661330,ATL,17,False,False,Atlanta,Dream,
1643467,Cassandre Prosper,WAS,Washington Mystics,Canada,0.0,1,31,57798,1864.4516,-1.843,-1.192,8.9289,-24.7857,14.665,39.4507,8.25,0.1119,-10.2931,-2.2163,-8.5038,-0.475,13.8858,9.7817,25.9703,15.9672,0.0735,0.7431,0.0248,0.1586,-0.4972,-3.2511,-2.7539,-0.0271,-3.78,3.7529,0,,,,,,,,,,,,,,,,-0.0,0.1833,0.8167,1.1486,0.398,-0.3022,-4.5785,3.6715,4249,42952,1432,9165,Notre Dame,2026,2,19,2026.0,1611661322,WAS,32,False,False,Washington,Mystics,
204330,Isabelle Harrison,TOR,Toronto Tempo,USA,10.0,1,21,74469,3546.1429,-2.4777,-1.941,5.2459,-11.482,9.842,21.324,7.524,0.1903,-7.7682,-3.2526,-10.5693,1.3814,9.0955,5.3165,14.7707,7.4659,0.1179,0.5143,0.0453,0.3225,-1.3162,-2.4758,-1.1596,-3.4634,-1.3935,-2.0699,0,,,,,,,,,,,,,,,,-0.0,0.3678,0.6322,1.5857,0.2702,-0.3047,-6.708,0.816,8779,38303,3372,24015,Tennessee,2015,1,12,2016.0,1611661332,TOR,22,False,False,Toronto,Tempo,
1630471,Maya Caldwell,MIN,Minnesota Lynx,USA,4.0,1,39,83967,2153.0,-3.0803,-2.635,5.2837,-21.201,6.341,27.542,4.78,0.1889,-10.5324,-1.8951,-10.6921,2.9362,10.2132,5.8041,24.9697,11.4244,0.1302,0.7549,0.0208,0.0941,-1.4008,-1.317,0.0838,-2.8123,-3.3624,0.5501,1,,,,,,,,4599.0,-2.2552,36.3501,100.0,-100.0,0.2383,0.8963,0.3364,-0.0,0.1149,0.8851,1.1263,0.5009,-0.3185,-4.991,-0.211,10934,63384,1746,7903,Georgia,2021,3,33,2022.0,1611661324,MIN,39,False,True,Minnesota,Lynx,
1628886,Jordin Canada,ATL,Atlanta Dream,USA,8.0,1,36,193149,5365.25,-7.1174,-6.4895,4.9458,-16.728,1.006,17.734,7.488,0.2018,-11.6748,-4.9231,-9.5837,0.8574,7.6378,5.0607,12.9648,10.6396,0.3311,0.5361,0.0673,0.0655,-5.016,-7.121,-2.105,-6.8553,-7.3794,0.5241,0,-7.0595,-7.1174,36.0,31.5,11.5,3.6,7.1,,,,,,,,,-81.85,0.1328,0.8672,1.5298,0.4625,-0.3235,-10.7702,-3.2822,63945,103550,12998,12656,UCLA,2018,1,5,2018.0,1611661330,ATL,36,True,False,Atlanta,Dream,193149.0
1643431,Madina Okot,ATL,Atlanta Dream,Kenya,0.0,1,34,52604,1547.1765,-0.6437,-0.7335,8.6187,-24.7857,15.4602,40.2459,9.5815,0.1159,-13.9234,-5.5212,-13.8724,4.3942,18.3684,9.5588,25.1609,9.8071,0.0616,0.3426,0.0569,0.5389,3.7182,-3.1038,-6.822,-3.8833,2.596,-6.4793,0,,,,,,,,,,,,,,,,-0.0,0.5957,0.4043,1.4931,0.4365,-0.3287,-3.4892,6.0922,3243,18024,2991,28346,South Carolina,2026,1,13,2026.0,1611661330,ATL,35,False,False,Atlanta,Dream,
1630149,Satou Sabally,NYL,New York Liberty,Germany,6.0,1,14,37588,2684.8571,-1.5623,-0.0035,7.08,-24.7857,3.236,28.0217,2.5445,0.141,-5.6409,0.1713,-0.7897,2.261,7.1888,2.5706,13.8256,14.1413,0.1619,0.6242,0.0295,0.1844,0.4564,-3.9121,-4.3685,-0.099,-3.0257,2.9267,0,,,,,,,,,,,,,,,,-0.0,0.2139,0.7861,1.4494,0.1802,-0.33,-0.821,1.7235,6086,23462,1109,6931,Oregon,2020,1,2,2020.0,1611661313,NYL,16,False,False,New York,Liberty,
1631263,Nikolina Milic,TOR,Toronto Tempo,Bosnia and Herzegovina,4.0,0,7,10530,1504.2857,-1.061,-0.346,3.9517,-7.145,4.135,11.28,4.9025,0.2524,-5.8201,-1.2873,-6.197,0.9067,11.8716,3.3967,35.4457,8.3388,0.0701,0.4568,0.0214,0.4518,1.2753,-4.6943,-5.9697,1.0792,-3.9147,4.9939,0,,,,,,,,,,,,,,,,-0.0,0.4731,0.5269,1.4216,0.091,-0.3344,-3.469,1.4335,738,4810,225,4757,                                   ,-1,-1,-1,2022.0,1611661332,TOR,7,False,False,Toronto,Tempo,
202664,Courtney Vandersloot,CHI,Chicago Sky,USA,15.0,1,19,81934,4312.3158,-2.3676,-2.303,3.0304,-7.687,2.767,10.454,3.9995,0.3289,-7.093,-1.1665,-4.9313,5.4129,7.3625,3.5226,14.044,10.2248,0.306,0.5649,0.0551,0.074,-1.1774,-3.6586,-2.4812,-2.2015,-2.5521,0.3506,0,,,,,,,,,,,,,,,,-0.0,0.1292,0.8708,1.4967,0.2452,-0.3351,-4.47,-0.4705,25068,46284,4516,6066,Gonzaga,2011,1,3,2011.0,1611661329,CHI,21,False,False,Chicago,Sky,
1642788,Bree Hall,IND,Indiana Fever,USA,1.0,1,4,4554,1138.5,1.4323,1.249,8.8513,-9.008,12.239,21.247,8.5262,0.1129,1.4787,-2.4058,12.617,4.5905,11.4198,8.0533,37.4748,21.1115,0.1054,0.7075,0.0283,0.1588,7.8155,-4.951,-12.7665,5.6725,-2.808,8.4805,0,,,,,,,,,,,,,,,,0.0,0.1871,0.8129,1.2625,0.0518,-0.3376,-2.9225,5.6038,480,3222,129,723,South Carolina,2025,2,20,2025.0,1611661325,IND,6,False,False,Indiana,Fever,
1629488,Brianna Turner,LVA,Las Vegas Aces,USA,7.0,1,29,63797,2199.8966,-2.9569,-3.671,7.4267,-21.698,15.4602,37.1582,7.27,0.1345,-5.9383,-3.7198,-16.4426,-1.7927,15.9469,8.9927,25.1022,7.0401,0.0295,0.3641,0.0142,0.5923,-2.2632,-3.1428,-0.8796,-1.6989,-4.3048,2.606,0,,,,,,,,,,,,,,,,-0.0,0.6064,0.3936,1.215,0.3725,-0.3413,-6.719,0.551,1880,23228,903,37786,Notre Dame,2019,1,11,2019.0,1611661319,LVA,29,False,False,Las Vegas,Aces,
1642786,Aicha Coulibaly,CHI,Chicago Sky,Mali,0.0,1,25,47531,1901.24,-4.422,-4.282,5.7091,-13.911,7.883,21.794,8.295,0.1749,-7.6065,-6.2312,-5.678,-0.1765,10.7186,5.7096,21.8309,13.5909,0.0549,0.6891,0.0344,0.2217,-4.7544,-1.7408,3.0136,-5.5115,-3.2417,-2.2699,1,,,,,,,,,,,,,,,,-0.0,0.256,0.744,1.249,0.3214,-0.3441,-9.613,-1.318,2609,32752,1633,10537,Texas A&M,2025,2,22,2026.0,1611661329,CHI,25,False,False,Chicago,Sky,
1643440,Darianna Littlepage-Buggs,WAS,Washington Mystics,USA,0.0,1,4,3621,905.25,0.9123,-0.479,10.9321,-10.853,15.4602,26.3132,8.8523,0.0914,6.1768,2.0017,9.354,4.3917,20.4945,11.7381,,15.8486,0.4292,0.4794,0.0331,0.0583,6.7326,-4.908,-11.6406,-0.479,2.3036,-2.7826,0,,,,,,,,,,,,,,,,0.0,0.0914,0.9086,1.4341,0.0517,-0.3484,-4.2095,4.6428,1554,1736,120,211,Baylor,2026,2,30,2026.0,1611661322,WAS,7,False,False,Washington,Mystics,
204322,Elizabeth Williams,CHI,Chicago Sky,United Kingdom,11.0,1,36,108054,3001.5,-0.7198,-0.082,8.0763,-23.915,15.4602,39.3752,9.024,0.1237,-7.9709,-2.8794,-7.1348,3.3074,11.6398,8.9503,17.6331,8.7767,0.0626,0.4507,0.0478,0.439,4.4122,-2.9196,-7.3318,-0.4451,-0.9944,0.5493,0,,,,,,,,,,,,,,,,-0.0,0.4868,0.5132,1.4994,0.4622,-0.3528,-4.5175,4.5065,6760,48695,5163,47436,Duke,2015,1,4,2015.0,1611661329,CHI,36,False,False,Chicago,Sky,
1641651,Jordan Horston,SEA,Seattle Storm,USA,3.0,1,35,107720,3077.7143,-2.8455,-3.259,5.0476,-13.357,6.411,19.768,6.5125,0.1977,-8.2911,-4.063,-12.6773,2.2629,12.5971,5.4378,24.1157,8.8728,0.0589,0.7079,0.0272,0.206,-2.3536,-4.0006,-1.647,-4.3255,-1.2784,-3.0471,0,,,,,,,,,,,,,,,,-0.0,0.2332,0.7668,1.2045,0.4497,-0.3551,-6.3305,0.182,6345,76255,2931,22189,Tennessee,2023,1,9,2023.0,1611661328,SEA,35,False,False,Seattle,Storm,
1628280,Brionna Jones,ATL,Atlanta Dream,USA,9.0,1,9,21438,2382.0,-2.3679,0.476,11.1101,-24.7857,11.008,35.7937,13.034,0.0899,-10.732,-4.9114,1.6427,3.2359,8.2638,4.8876,15.5683,19.4999,0.0614,0.3961,0.0527,0.4897,-2.0502,-5.0929,-3.0427,4.5368,-10.9987,15.5355,0,,,,,,,,,,,,,,,,-0.0,0.5424,0.4576,1.5047,0.1158,-0.3613,-8.507,4.527,1317,8492,1130,10499,Maryland,2017,1,8,2017.0,1611661330,ATL,9,False,False,Atlanta,Dream,
1631006,Kierstan Bell,LVA,Las Vegas Aces,USA,4.0,1,21,36053,1716.8095,-5.4987,-4.506,6.4488,-19.37,6.392,25.762,6.094,0.1548,-9.9497,-6.2277,-14.8524,1.0877,13.599,8.0019,30.7009,16.1923,0.0754,0.7843,0.0084,0.1319,-7.706,-2.339,5.367,-5.0927,-5.9453,0.8526,1,,,,,,,,,,,,,,,,-0.0,0.1403,0.8597,0.9994,0.27,-0.3648,-7.729,-1.635,2719,28277,302,4755,Florida Gulf Coast,2022,1,11,2022.0,1611661319,LVA,23,False,False,Las Vegas,Aces,
1630148,Jihyun Park,LAS,Los Angeles Sparks,South Korea,0.0,0,32,47249,1476.5312,-1.878,-0.6985,6.7055,-14.727,11.897,26.624,8.924,0.1489,-10.3282,-1.9202,-10.7287,7.5283,15.874,7.4432,30.9751,13.293,0.0985,0.7494,0.0206,0.1315,-2.1712,-6.9688,-4.7976,-2.3016,-1.4544,-0.8472,0,,,,,,,,,,,,,,,,-0.0,0.1522,0.8478,1.1417,0.411,-0.3736,-6.996,1.928,4652,35407,975,6215,Unknown,-1,-1,-1,2026.0,1611661320,LAS,32,False,False,Los Angeles,Sparks,
1642822,Kaitlyn Chen,GSV,Golden State Valkyries,USA,1.0,1,39,125947,3229.4103,-2.9416,-2.797,5.0871,-18.823,6.939,25.762,6.327,0.1962,-7.5951,-0.9026,-12.905,5.0402,6.5613,5.0636,15.8271,11.0886,0.3052,0.5675,0.0461,0.0812,-2.8666,-4.8678,-2.0012,-2.0508,-3.8792,1.8284,0,,,,,,,,,,,,,,,,-0.0,0.1273,0.8727,1.4852,0.501,-0.3761,-5.5385,0.7885,38434,71478,5810,10225,Connecticut,2025,3,30,2025.0,1611661331,GSV,39,False,False,Golden State,Valkyries,
1643490,Eliska Joklova,MIN,Minnesota Lynx,Czech Republic,0.0,0,17,16004,941.4118,-5.4915,-7.066,8.8718,-24.523,9.818,34.341,12.595,0.1126,-9.9912,-5.4381,-7.5041,-2.2818,12.5022,7.6513,25.1939,24.9395,0.2835,0.6143,0.0522,0.05,-7.16,-2.3174,4.8426,-5.3179,-5.6869,0.369,1,,,,,,,,,,,,,,,,-0.0,0.1022,0.8978,1.3857,0.2185,-0.3832,-11.023,1.572,4537,9832,835,800,Unknown,-1,-1,-1,2026.0,1611661324,MIN,19,False,False,Minnesota,Lynx,
1630469,Marine Fauthoux,NYL,New York Liberty,France,0.0,1,17,35337,2078.6471,-1.8849,-0.085,5.4133,-15.348,6.265,21.613,3.967,0.1844,-6.2232,-0.0545,-8.5541,1.255,6.2663,6.2702,12.3346,14.5194,0.2975,0.509,0.0408,0.1527,-0.6298,-5.7368,-5.107,-0.206,-3.7736,3.5676,0,,,,,,,,,,,,,,,,-0.0,0.1935,0.8065,1.6185,0.2189,-0.3836,-2.59,1.377,10514,17985,1441,5397,                                   ,2021,3,29,2026.0,1611661313,NYL,17,False,False,New York,Liberty,
1643461,Laura Ziegler,LAS,Los Angeles Sparks,USA,0.0,0,3,4818,1606.0,-3.891,-4.951,2.6023,-5.796,-0.926,4.87,2.435,0.3828,-0.6277,-5.956,-9.705,2.4727,15.9441,1.814,11.3058,4.7147,0.0652,0.644,0.039,0.2518,-3.891,-3.891,0.0,-2.9385,-5.796,2.8575,0,,,,,,,,,,,,,,,,-0.0,0.2908,0.7092,1.3491,0.0404,-0.3907,-5.3735,-2.9385,314,3103,188,1213,Louisville,-1,-1,-1,2026.0,1611661320,LAS,4,False,False,Los Angeles,Sparks,
204323,Cheyenne Parker-Tyus,LVA,Las Vegas Aces,USA,11.0,1,21,29652,1412.0,-2.5351,-2.105,6.2456,-15.922,6.391,22.313,8.019,0.1599,-2.782,-3.1494,-9.9637,-1.4526,15.3184,6.0997,26.1376,8.3774,0.0559,0.4537,0.0378,0.4525,-1.2012,-4.8192,-3.618,-3.1881,-1.8168,-1.3713,0,,,,,,,,,,,,,,,,-0.0,0.4903,0.5097,1.4463,0.27,-0.3942,-5.335,2.684,1659,13454,1121,13418,Middle Tennessee,2015,1,5,2015.0,1611661319,LVA,21,False,False,Las Vegas,Aces,
1642818,Maddy Westbeld,PHX,Phoenix Mercury,USA,1.0,1,6,14615,2435.8333,-0.9798,-0.4835,6.5753,-7.901,10.023,17.924,6.4568,0.1519,-7.6342,-1.616,-15.9007,5.7767,14.0794,5.657,14.0648,13.1308,0.1029,0.6241,0.0493,0.2237,3.0187,-4.9783,-7.997,-2.2313,0.2717,-2.503,0,,,,,,,,,,,,,,,,-0.0,0.273,0.727,1.4595,0.0777,-0.3986,-5.987,0.4698,1504,9121,721,3269,Notre Dame,2025,2,16,2025.0,1611661317,CHI / PHX,6,False,False,Phoenix,Mercury,
1642815,Makayla Timpson,IND,Indiana Fever,USA,1.0,1,33,83758,2538.1212,-5.1872,-5.619,6.6895,-24.7857,12.111,36.8967,7.639,0.1493,-15.3227,-7.5001,-10.4113,-2.905,20.1815,6.4309,26.3108,9.0387,0.0202,0.4396,0.0261,0.5141,-7.0466,-3.6616,3.385,-5.5665,-4.7842,-0.7824,1,,,,,,,,5663.0,-3.9063,33.1704,100.0,-100.0,0.0775,0.9144,0.2403,-0.0,0.5401,0.4599,1.2657,0.4238,-0.4032,-8.947,-1.308,1693,36824,2184,43057,Florida State,2025,2,19,2025.0,1611661325,IND,33,False,True,Indiana,Fever,
1642817,Hailey Van Lith,CON,Connecticut Sun,USA,1.0,1,18,47142,2619.0,-2.9562,-0.782,7.456,-23.457,6.861,30.318,8.7498,0.1339,-4.9371,-1.7534,-6.6058,-0.5132,7.8583,6.1632,23.3796,16.7668,0.3586,0.5105,0.041,0.0899,-0.9788,-3.851,-2.8722,-0.8894,-5.023,4.1336,0,,,,,,,,,,,,,,,,-0.0,0.1309,0.8691,1.527,0.2314,-0.4088,-6.7662,1.9835,16906,24067,1931,4238,TCU,2025,1,11,2025.0,1611661323,CON,23,False,False,Connecticut,Sun,
203828,Stefanie Dolson,SEA,Seattle Storm,USA,12.0,1,39,103991,2666.4359,-0.6893,-0.888,4.7784,-14.372,7.776,22.148,5.974,0.2088,-0.0365,-1.4596,-7.3638,1.6922,8.3181,4.7886,23.6483,12.7228,0.0723,0.6976,0.0129,0.2173,3.4974,-6.0888,-9.5862,0.4424,-1.8804,2.3228,0,,,,,,,,,,,,,,,,-0.0,0.2301,0.7699,1.1956,0.501,-0.4237,-3.5155,2.4585,7515,72545,1337,22594,Connecticut,2014,1,6,2014.0,1611661328,SEA,39,False,False,Seattle,Storm,
1642835,Morgan Maly,CHI,Chicago Sky,USA,0.0,0,2,785,392.5,-4.198,-4.198,16.897,-16.146,7.75,23.896,11.948,0.0591,,3.036,,-10.9205,,5.9425,,29.4064,0.0,0.7274,0.0,0.2726,-4.198,-4.198,0.0,7.75,-16.146,23.896,0,,,,,,,,,,,,,,,,-0.0,0.2726,0.7274,0.8452,0.0259,-0.4289,-10.172,1.776,0,571,0,214,Creighton,-1,-1,-1,2026.0,1611661329,CHI,2,False,False,Chicago,Sky,
202252,Alysha Clark,DAL,Dallas Wings,USA,14.0,1,20,41322,2066.1,-2.8497,-1.076,8.2048,-19.296,15.4602,34.7562,8.872,0.1217,-9.6061,-2.5731,-20.4767,-2.0,14.6779,8.2739,23.6963,16.2683,0.0814,0.7167,0.0172,0.1847,-0.2564,-4.3296,-4.0732,-4.1484,-1.551,-2.5974,0,,,,,,,,,,,,,,,,-0.0,0.2019,0.7981,1.1901,0.257,-0.4399,-7.588,1.284,3364,29614,712,7632,Middle Tennessee,2010,2,17,2012.0,1611661321,DAL,21,False,False,Dallas,Wings,
203826,Alyssa Thomas,PHX,Phoenix Mercury,USA,12.0,1,35,183501,5242.8857,-6.4368,-6.158,6.5761,-24.7857,6.563,31.3487,8.1025,0.1518,-11.809,-5.7458,-10.1561,-1.6452,8.4471,6.3182,13.0572,7.4323,0.2568,0.3941,0.086,0.2631,-1.3944,-11.6768,-10.2824,-4.1796,-8.8267,4.6472,0,-5.8493,-6.4587,35.0,33.5,13.7,7.8,8.3,,,,,,,,,-88.1837,0.3491,0.6509,1.8443,0.4495,-0.454,-10.4615,-2.359,47123,72309,15783,48286,Maryland,2014,1,4,2014.0,1611661317,PHX,35,True,False,Phoenix,Mercury,183501.0
1643647,Tima Pouye,TOR,Toronto Tempo,France,0.0,0,12,18256,1521.3333,-3.2533,-2.932,5.1822,-11.694,7.951,19.645,4.226,0.1926,-10.2898,-0.6307,-10.584,0.8179,7.1516,6.3362,14.5574,18.0632,0.2147,0.6368,0.0395,0.1089,-1.0164,-4.6226,-3.6062,-2.8087,-3.698,0.8893,0,,,,,,,,,,,,,,,,-0.0,0.1484,0.8516,1.4238,0.1548,-0.4594,-5.8962,-1.6702,3920,11626,722,1988,Unknown,-1,-1,-1,2026.0,1611661332,TOR,12,False,False,Toronto,Tempo,
1627701,Temi Fagbenle,TOR,Toronto Tempo,United Kingdom,9.0,1,16,45478,2842.375,-4.9914,-5.324,5.0655,-17.525,1.93,19.455,6.5575,0.197,-10.0254,-7.3764,-4.523,0.1794,11.8403,5.8556,16.7763,7.8421,0.085,0.5261,0.0305,0.3583,-4.8126,-3.8416,0.971,-3.0957,-6.8871,3.7914,1,,,,,,,,,,,,,,,,-0.0,0.3888,0.6112,1.4739,0.2061,-0.4654,-7.236,-0.6785,3866,23928,1387,16297,Harvard,2016,3,35,2017.0,1611661332,TOR,16,False,False,Toronto,Tempo,
1630386,Awak Kuier,DAL,Dallas Wings,Finland,5.0,1,28,89188,3185.2857,-6.7938,-6.302,5.5793,-18.092,3.941,22.033,8.901,0.1789,-16.2225,-8.4016,-22.4898,-1.3178,13.2075,6.3651,23.328,6.9961,0.0659,0.5669,0.0155,0.3517,-9.7556,-4.0672,5.6884,-6.3222,-7.2654,0.9431,1,,,,,,,,,,,,,,,,-0.0,0.3672,0.6328,1.3463,0.3599,-0.4733,-11.4885,-2.5875,5876,50560,1385,31367,Ragusa,2021,1,2,2021.0,1611661321,DAL,28,False,False,Dallas,Wings,
1630993,Anneli Maley,NYL,New York Liberty,Australia,4.0,0,7,11216,1602.2857,-2.873,-1.007,5.5881,-10.576,3.204,13.78,9.347,0.1786,-6.6153,-4.0826,-8.4522,3.6717,12.0439,9.2379,19.3666,9.7076,0.079,0.6778,0.0259,0.2174,-1.3277,-6.444,-5.1163,-0.266,-6.349,6.083,0,,,,,,,,,,,,,,,,-0.0,0.2432,0.7568,1.2845,0.0906,-0.4757,-7.6065,1.7405,886,7602,290,2438,                                   ,-1,-1,-1,2022.0,1611661313,PHX / NYL,9,False,False,New York,Liberty,
1629501,Alanna Smith,DAL,Dallas Wings,Australia,7.0,1,24,73735,3072.2917,-5.3847,-5.0685,5.7199,-17.963,3.871,21.834,8.3825,0.1745,-10.239,-6.4708,-17.7922,-0.927,11.2505,6.5897,19.5525,5.7615,0.0825,0.5629,0.0216,0.333,-6.4094,-4.8012,1.6082,-3.9174,-6.852,2.9346,1,,,,,,,,,,,,,,,,-0.0,0.3546,0.6454,1.4113,0.3086,-0.481,-9.1848,-0.8022,6085,41506,1590,24554,Stanford,2019,1,8,2019.0,1611661321,DAL,24,False,False,Dallas,Wings,
1630384,Raquel Carrera,NYL,New York Liberty,Spain,0.0,1,22,28027,1273.9545,-4.3524,-2.682,10.0993,-24.7857,10.729,35.5147,11.3948,0.0989,-6.4236,-1.2981,-23.9978,-5.4658,12.1266,9.1132,24.9536,16.9278,0.0689,0.4305,0.0244,0.4762,-4.3196,-5.5968,-1.2772,-3.9677,-4.7371,0.7693,0,,,,,,,,,,,,,,,,-0.0,0.5006,0.4994,1.4299,0.2825,-0.4852,-8.3438,3.051,1931,12065,685,13346,Valencia BC,2021,2,15,2026.0,1611661313,NYL,23,False,False,New York,Liberty,
1642804,Te-Hina Paopao,ATL,Atlanta Dream,Unknown,1.0,1,28,57839,2065.6786,-1.5264,0.1315,7.3075,-24.7857,8.918,33.7037,4.576,0.1367,-9.0004,0.8835,-9.6379,5.6995,9.9947,7.7601,23.2049,18.6347,0.2524,0.6435,0.0373,0.0668,2.0768,-7.0197,-9.0965,-0.2151,-2.8377,2.6226,0,,,,,,,,,,,,,,,,-0.0,0.1042,0.8958,1.3485,0.3597,-0.4869,-1.8245,2.7515,14596,37218,2159,3866,South Carolina,2025,2,18,2025.0,1611661330,ATL,30,False,False,Atlanta,Dream,
1629574,Li Yueru,DAL,Dallas Wings,China,4.0,1,25,40946,1637.84,-6.2379,-4.937,10.4046,-24.7857,13.599,38.3847,14.681,0.096,-12.8196,-8.594,-22.9747,-3.2478,20.0285,10.7789,34.2422,10.5759,0.0466,0.4718,0.0149,0.4666,-12.1447,-8.4147,3.73,-6.2721,-6.2009,-0.0712,1,,,,,,,,,,,,,,,,-0.0,0.4816,0.5184,1.3214,0.321,-0.4906,-12.935,1.746,1910,19318,612,19106,                                   ,2019,3,35,2022.0,1611661321,DAL,25,False,False,Dallas,Wings,
1630442,Natasha Mack,PHX,Phoenix Mercury,USA,5.0,1,29,111238,3835.7931,-5.8053,-4.756,4.6873,-14.635,0.757,15.392,7.785,0.2129,-12.7879,-8.735,-14.4975,-1.526,11.93,4.8112,19.3833,5.9304,0.0398,0.4508,0.0309,0.4785,-9.1316,-7.1314,2.0002,-4.4896,-7.215,2.7254,1,,,,,,,,,,,,,,,,-0.0,0.5094,0.4906,1.3671,0.3729,-0.5055,-10.298,-2.513,4431,50145,3434,53228,Oklahoma State,2021,2,16,2021.0,1611661317,PHX,30,False,False,Phoenix,Mercury,
1630389,Dana Evans,LVA,Las Vegas Aces,USA,5.0,1,10,24188,2418.8,-7.4247,-3.6265,9.3854,-24.7857,3.02,27.8057,12.6435,0.1064,-9.0783,-5.0975,-7.1818,-8.7141,12.8146,10.2865,13.5551,22.1583,0.2837,0.5815,0.0402,0.0946,-10.6327,-4.2166,6.4161,-2.5278,-12.3215,9.7937,1,,,,,,,,,,,,,,,,-0.0,0.1348,0.8652,1.4786,0.1287,-0.5093,-14.2062,-1.5627,6863,14065,972,2288,Louisville,2021,2,13,2021.0,1611661319,LVA,13,False,False,Las Vegas,Aces,
1643479,Ndjakalenga Mwenentanda,GSV,Golden State Valkyries,USA,0.0,0,5,2222,444.4,-3.7074,-3.816,4.9275,-10.386,3.459,13.845,1.466,0.2025,-13.4215,-7.0746,43.9181,5.0856,13.7539,11.7355,,21.8057,0.032,0.6607,0.0077,0.2997,-3.49,-7.508,-4.018,-1.6623,-6.775,5.1127,0,,,,,,,,,,,,,,,,-0.0,0.3074,0.6926,1.1286,0.0651,-0.5151,-4.63,-3.164,71,1468,17,666,Vanderbilt,-1,-1,-1,2026.0,1611661331,GSV,5,False,False,Golden State,Valkyries,
203855,Stephanie Talbot,LVA,Las Vegas Aces,Australia,9.0,1,31,89690,2893.2258,-4.7661,-4.278,4.5744,-15.934,4.632,20.566,5.4955,0.2181,-10.1293,-5.4189,-17.307,1.3753,13.149,5.0364,23.3775,8.8206,0.0535,0.7771,0.0144,0.155,-2.7446,-3.9764,-1.2318,-4.3014,-5.2618,0.9604,0,,,,,,,,,,,,,,,,-0.0,0.1694,0.8306,1.0136,0.3985,-0.5185,-7.6255,-2.13,4795,69701,1293,13901,Adelaide,2014,3,33,2017.0,1611661319,LVA,31,False,False,Las Vegas,Aces,
1643488,Emma Cechova,MIN,Minnesota Lynx,Czech Republic,0.0,0,2,7379,3689.5,-5.579,-5.579,1.8583,-6.893,-4.265,2.628,1.314,0.5353,-14.9145,-5.8365,-11.1565,-3.3675,6.4453,2.9522,7.39,0.6668,0.0594,0.477,0.0405,0.4231,-5.579,-5.579,0.0,-4.265,-6.893,2.628,0,,,,,,,,,,,,,,,,-0.0,0.4636,0.5364,1.4637,0.0283,-0.5426,-6.236,-4.922,438,3520,299,3122,Czech Republic,-1,-1,-1,2026.0,1611661324,MIN,3,False,False,Minnesota,Lynx,
1643438,Marta Suarez,PHX,Phoenix Mercury,Spain,0.0,1,15,20899,1393.2667,-4.9006,-5.642,7.8411,-18.221,13.219,31.44,9.781,0.1274,-6.9016,-7.6271,-10.6799,0.2602,11.3875,5.8727,22.3605,10.4106,0.099,0.543,0.0512,0.3068,-3.6348,-5.4382,-1.8034,-3.1976,-6.8469,3.6492,0,,,,,,,,,,,,,,,,-0.0,0.358,0.642,1.5512,0.1929,-0.553,-9.682,0.099,2069,11348,1070,6412,TCU,2026,2,16,2026.0,1611661317,PHX,15,False,False,Phoenix,Mercury,
1643506,Teja Oblak,PDX,Portland Fire,Slovenia,0.0,0,28,68388,2442.4286,-3.7157,-3.211,6.1485,-16.589,7.662,24.251,8.6295,0.1624,-4.239,-1.758,-11.0923,-1.1953,8.3397,6.7445,15.3054,10.7948,0.4975,0.3827,0.0735,0.0463,-1.1206,-6.4426,-5.322,-3.8834,-3.5481,-0.3353,0,,,,,,,,,,,,,,,,-0.0,0.1198,0.8802,1.5135,0.3598,-0.5613,-8.0812,0.5482,34022,26171,5029,3166,Unknown,-1,-1,-1,2026.0,1611661327,PDX,28,False,False,Portland,Fire,
1628278,Shatori Walker-Kimbrough,ATL,Atlanta Dream,USA,9.0,1,11,4397,399.7273,-1.4649,0.471,13.7802,-24.7857,15.4602,40.2459,15.7725,0.0725,-5.2897,-2.7478,-1.6823,4.3251,8.9264,13.3908,7.9342,20.1463,0.108,0.7717,0.0143,0.106,4.0941,-7.411,-11.5051,0.9789,-4.3973,5.3762,0,,,,,,,,,,,,,,,,-0.0,0.1203,0.8797,1.0663,0.1414,-0.5647,-7.3455,8.427,475,3393,63,466,Maryland,2017,1,6,2017.0,1611661330,IND / ATL,11,False,False,Atlanta,Dream,
1642826,Aubrey Griffin,NYL,New York Liberty,Unknown,0.0,1,2,895,447.5,-5.709,-5.709,8.8233,-11.948,0.53,12.478,6.239,0.1132,-15.048,-0.8345,-19.086,-11.7255,,12.1757,,13.6606,0.1888,0.667,0.0469,0.0972,-5.709,-5.709,0.0,0.53,-11.948,12.478,0,,,,,,,,,,,,,,,,-0.0,0.1441,0.8559,1.3778,0.0262,-0.5673,-8.8285,-2.5895,169,597,42,87,Connecticut,2025,3,37,2026.0,1611661313,NYL,2,False,False,New York,Liberty,
1631055,Nyara Sabally,TOR,Toronto Tempo,Germany,3.0,1,19,77115,4058.6842,-4.0488,-3.705,4.4251,-15.007,3.695,18.702,4.8055,0.2255,-10.2292,-4.6768,-12.7337,0.6868,8.4244,3.9998,14.727,5.1415,0.1049,0.5756,0.0443,0.2752,-1.5826,-6.9994,-5.4168,-5.9438,-1.9433,-4.0005,0,,,,,,,,,,,,,,,,-0.0,0.3195,0.6805,1.5116,0.2447,-0.5935,-6.388,-1.5825,8091,44384,3420,21220,Oregon,2022,1,5,2023.0,1611661332,TOR,19,False,False,Toronto,Tempo,
1641652,Maddy Siegrist,DAL,Dallas Wings,USA,3.0,1,30,70727,2357.5667,-4.2792,-3.1895,7.512,-24.7857,8.805,33.5907,8.7635,0.1329,-8.0917,-4.3483,-22.4572,-2.2244,11.5712,7.9187,27.1235,11.5446,0.0566,0.5802,0.0232,0.34,-3.251,-8.0181,-4.7671,-5.2433,-3.3151,-1.9282,0,,,,,,,,,,,,,,,,-0.0,0.3633,0.6367,1.3454,0.3853,-0.5956,-8.3895,0.374,4001,41034,1643,24049,Villanova,2023,1,3,2023.0,1611661321,DAL,30,False,False,Dallas,Wings,
1629581,Emese Hof,MIN,Minnesota Lynx,Netherlands,0.0,0,3,3246,1082.0,-6.2237,-7.226,3.4185,-9.029,-2.416,6.613,3.3065,0.2917,0.6587,-8.727,6.4293,-5.8363,7.1325,4.6913,34.3219,5.4525,0.0977,0.3567,0.037,0.5086,-6.2237,-6.2237,0.0,-4.821,-9.029,4.208,0,,,,,,,,,,,,,,,,-0.0,0.5456,0.4544,1.5302,0.0399,-0.6097,-8.1275,-4.821,317,1158,120,1651,Miami,-1,-1,-1,2026.0,1611661324,MIN,3,False,False,Minnesota,Lynx,
1631021,Sika Kone,ATL,Atlanta Dream,Mali,3.0,1,27,27348,1012.8889,-7.2065,-10.075,9.2681,-24.7857,15.4602,40.2459,7.556,0.1078,-19.6485,-6.2536,-20.1962,-0.4264,15.8183,9.8526,26.9274,14.3577,0.0792,0.7116,0.025,0.1841,-9.8646,-8.112,1.7526,-8.2543,-6.0782,-2.1761,1,,,,,,,,,,,,,,,,-0.0,0.2092,0.7908,1.2216,0.3467,-0.647,-11.9205,-4.3645,2166,19462,684,5036,Spain,2022,3,29,2023.0,1611661330,ATL,27,False,False,Atlanta,Dream,
1629566,Han Xu,NYL,New York Liberty,China,7.0,1,37,97060,2623.2432,-4.9874,-4.158,4.1161,-14.088,2.595,16.683,5.474,0.2424,-8.7854,-6.6678,-7.5673,-1.9602,8.6393,4.6335,20.9334,5.8242,0.0766,0.5335,0.0234,0.3665,-1.541,-6.52,-4.979,-5.3559,-4.5984,-0.7575,0,,,,,,,,,,,,,,,,-0.0,0.3899,0.6101,1.4252,0.4756,-0.6651,-7.593,-2.119,7436,51777,2274,35573,                                   ,2019,2,14,2019.0,1611661313,NYL,37,False,False,New York,Liberty,
1630143,Luisa Geiselsoder,PDX,Portland Fire,Germany,1.0,1,21,60545,2883.0952,-3.5214,-2.434,6.2903,-24.7857,5.535,30.3207,4.707,0.1587,-9.9927,-4.6403,-6.3132,3.3513,9.8749,6.0326,17.0049,5.9511,0.0571,0.6602,0.0221,0.2606,0.7206,-8.4403,-9.1609,-2.066,-5.1224,3.0564,0,,,,,,,,,,,,,,,,-0.0,0.2827,0.7173,1.2586,0.27,-0.6734,-5.825,-1.118,3459,39972,1339,15775,                                   ,2020,2,21,2025.0,1611661327,PDX,22,False,False,Portland,Fire,
1628881,Monique Billings,IND,Indiana Fever,USA,8.0,1,33,107885,3269.2424,-4.8827,-4.456,5.8842,-24.7857,8.778,33.5637,7.844,0.1697,-9.1725,-6.8805,-16.7376,-2.6143,12.1697,6.4456,15.7895,8.9515,0.0426,0.4504,0.0261,0.4808,0.4998,-5.0994,-5.5992,-5.2781,-4.4626,-0.8155,0,,,,,,,,6281.0,-2.614,31.6916,100.0,-100.0,0.0658,0.868,0.2549,-0.0,0.507,0.493,1.3577,0.4239,-0.6786,-8.749,-0.905,4599,48593,2820,51873,UCLA,2018,2,15,2018.0,1611661325,IND,33,False,True,Indiana,Fever,
1643644,Alicia Florez,WAS,Washington Mystics,Spain,0.0,0,30,64887,2162.9,-5.012,-1.962,8.2655,-24.7857,8.355,33.1407,10.6228,0.1208,-8.471,-4.9019,-2.5745,-0.1449,11.0845,8.485,17.6033,19.6852,0.3295,0.4964,0.0587,0.1154,-0.178,-5.636,-5.458,-3.4153,-6.6088,3.1935,0,,,,,,,,,,,,,,,,-0.0,0.1741,0.8259,1.6289,0.3852,-0.6873,-9.8712,0.7515,21378,32212,3808,7489,Unknown,-1,-1,-1,2026.0,1611661322,WAS,31,False,False,Washington,Mystics,
1641695,Ashten Prechtel,GSV,Golden State Valkyries,USA,0.0,1,8,2894,361.75,-4.1513,1.1675,11.143,-24.7857,6.715,31.5007,15.4642,0.0897,-21.1865,-0.7747,-35.7988,1.4994,23.0805,12.7973,9.4802,14.6033,0.1227,0.5187,0.0131,0.3455,0.3072,-8.6099,-8.9172,-4.3948,-3.9079,-0.4868,0,,,,,,,,,,,,,,,,-0.0,0.3587,0.6413,1.4744,0.103,-0.7256,-12.009,3.4552,355,1501,38,1000,Stanford,2023,3,34,2026.0,1611661331,GSV,12,False,False,Golden State,Valkyries,
1642797,Anastasiia Olairi Kosu,MIN,Minnesota Lynx,Russia,1.0,1,27,46336,1716.1481,-7.4368,-5.726,8.9028,-24.7857,9.478,34.2637,8.3285,0.1122,-10.7794,-7.3082,-16.3556,-5.3639,15.1451,9.4922,31.18,14.1611,0.0579,0.5876,0.0296,0.3248,-5.7602,-6.9208,-1.1606,-7.4705,-7.4005,-0.07,0,,,,,,,,,,,,,,,,-0.0,0.3545,0.6455,1.366,0.3467,-0.7668,-11.4325,-3.104,2682,27229,1373,15052,Unknown,2025,2,15,2025.0,1611661324,MIN,28,False,False,Minnesota,Lynx,
1643450,Rori Harmon,WAS,Washington Mystics,USA,0.0,1,12,12159,1013.25,-7.5945,-8.639,7.092,-22.046,4.876,26.922,9.0732,0.1408,-14.9888,-5.497,-0.9386,3.1128,15.2815,8.408,23.7615,12.3247,0.4,0.4802,0.0286,0.0911,-6.3662,-8.0936,-1.7274,-6.1885,-9.0005,2.812,0,,,,,,,,,,,,,,,,-0.0,0.1197,0.8803,1.4986,0.1546,-0.7998,-11.1448,-2.0715,4864,5839,348,1108,Texas,2026,3,34,2026.0,1611661322,WAS,17,False,False,Washington,Mystics,
1642768,Kyara Linskens,PHX,Phoenix Mercury,Belgium,1.0,0,16,26355,1647.1875,-6.4671,-5.9795,7.7013,-20.635,8.049,28.684,7.6833,0.1297,-6.9704,-8.4346,-9.9048,-3.3554,13.8315,8.4407,19.3073,15.065,0.0964,0.611,0.0198,0.2728,-4.7092,-10.9282,-6.219,-7.0275,-5.9068,-1.1207,0,,,,,,,,,,,,,,,,-0.0,0.2926,0.7074,1.3829,0.2058,-0.8477,-10.4488,-2.7655,2541,16103,522,7189,Unknown,-1,-1,-1,2025.0,1611661317,PHX,17,False,False,Phoenix,Mercury,
1643487,Quionche Carter,PHX,Phoenix Mercury,USA,0.0,0,11,9294,844.9091,-6.1342,-7.236,8.9126,-18.211,15.4602,33.6712,5.2085,0.1121,-2.9609,-7.0913,-6.5179,2.9693,17.3462,10.8003,28.068,15.0518,0.0706,0.7716,0.0291,0.1288,-2.0654,-9.4242,-7.3588,-8.7935,-2.943,-5.8505,0,,,,,,,,,,,,,,,,-0.0,0.1578,0.8422,1.0878,0.1416,-0.8559,-9.749,-4.5405,656,7171,270,1197,Florida Gulf Coast,-1,-1,-1,2026.0,1611661317,PHX,11,False,False,Phoenix,Mercury,
203824,Odyssey Sims,DAL,Dallas Wings,USA,12.0,1,23,52220,2270.4348,-8.0689,-7.413,7.1611,-24.7857,4.631,29.4167,5.503,0.1394,-10.351,-6.445,-9.3764,-6.1804,11.1921,7.0814,31.265,16.9108,0.2998,0.5791,0.0297,0.0915,-5.4134,-7.5524,-2.139,-8.2009,-7.9249,-0.2761,0,,,,,,,,,,,,,,,,-0.0,0.1211,0.8789,1.4436,0.2956,-0.8577,-9.4645,-3.9615,15653,30241,1550,4776,Baylor,2014,1,2,2014.0,1611661321,DAL,25,False,False,Dallas,Wings,
1628899,Myisha Hines-Allen,IND,Indiana Fever,USA,8.0,1,33,66780,2023.6364,-9.2199,-8.717,6.2834,-21.867,12.399,34.266,5.185,0.1589,-12.4458,-10.8941,-18.281,-3.257,12.0842,7.4113,21.7203,9.552,0.1119,0.5738,0.0383,0.276,-8.0578,-10.703,-2.6452,-9.5729,-8.8448,-0.7282,0,,,,,,,,855.0,1.3215,40.8068,100.0,-100.0,0.2737,0.9567,0.3567,-0.0,0.3143,0.6857,1.5063,0.4239,-0.981,-11.844,-6.659,7475,38318,2557,18430,Louisville,2018,2,19,2018.0,1611661325,IND,34,False,True,Indiana,Fever,
1642803,Michelle Onyiah,IND,Indiana Fever,USA,0.0,0,2,2219,1109.5,-11.3063,-11.3063,19.0627,-24.7857,2.173,26.9587,13.4794,0.0524,17.931,3.101,8.358,-14.9505,,,,20.6963,0.0162,0.5665,0.0054,0.4119,-11.3063,-11.3063,0.0,2.173,-24.7857,26.9587,0,,,,,,,,,,,,,,,,-0.0,0.4173,0.5827,1.1287,0.0259,-1.088,-18.046,-4.5667,36,1257,12,914,California-Berkeley,-1,-1,-1,2026.0,1611661325,IND,2,False,False,Indiana,Fever,
1642320,Jaylyn Sherrod,ATL,Atlanta Dream,USA,2.0,0,8,10573,1321.625,-11.4239,-9.8745,3.7439,-18.626,-7.943,10.683,5.0113,0.2664,-15.9865,-10.8262,-17.8399,6.3237,12.4711,7.4631,23.5743,26.4531,0.3595,0.5397,0.0488,0.052,-9.9692,-12.8785,-2.9093,-10.4252,-12.4225,1.9973,0,,,,,,,,,,,,,,,,-0.0,0.1008,0.8992,1.4453,0.1039,-1.191,-13.92,-8.9088,3801,5706,516,550,Colorado,-1,-1,-1,2024.0,1611661330,ATL,8,False,False,Atlanta,Dream,
1629480,Kalani Brown,LVA,Las Vegas Aces,USA,7.0,1,1,658,658.0,10.542,10.542,,10.542,10.542,0.0,0.0,,7.086,-0.244,-8.315,19.194,,,,,0.0106,0.3374,0.0714,0.5805,10.542,10.542,0.0,10.542,,,0,,,,,,,,,,,,,,,,0.0,0.652,0.348,1.326,,,10.542,10.542,7,222,47,382,Baylor,2019,1,7,2019.0,1611661319,LVA,1,False,False,Las Vegas,Aces,
1629490,Kitija Laksa,DAL,Dallas Wings,Latvia,1.0,1,1,1591,1591.0,-10.978,-10.978,,-10.978,-10.978,0.0,0.0,,-8.102,-5.878,-2.558,-24.421,,,,,0.0811,0.6292,0.0207,0.269,-10.978,-10.978,0.0,-10.978,,,0,,,,,,,,,,,,,,,,-0.0,0.2898,0.7102,1.34,,,-10.978,-10.978,129,1001,33,428,South Florida,2020,1,11,2025.0,1611661321,DAL,1,False,False,Dallas,Wings,
1630115,Joyner Holmes,SEA,Seattle Storm,USA,6.0,1,1,823,823.0,-9.485,-9.485,,-9.485,-9.485,0.0,0.0,,1.261,-17.454,7.373,3.788,,,,,0.1021,0.6209,0.0486,0.2284,-9.485,-9.485,0.0,-9.485,,,0,,,,,,,,,,,,,,,,-0.0,0.277,0.723,1.4616,,,-9.485,-9.485,84,511,40,188,University of Texas at Austin,2020,2,19,2020.0,1611661328,SEA,1,False,False,Seattle,Storm,
1630154,Kamiah Smalls,PDX,Portland Fire,USA,6.0,1,1,2236,2236.0,-10.178,-10.178,,-10.178,-10.178,0.0,0.0,,-15.094,-7.205,-21.464,13.251,,,,,0.5394,0.3001,0.0577,0.1029,-10.178,-10.178,0.0,-10.178,,,0,,,,,,,,,,,,,,,,-0.0,0.1606,0.8394,1.5765,,,-10.178,-10.178,1206,671,129,230,James Madison,2020,3,28,2020.0,1611661327,PDX,1,False,False,Portland,Fire,
1630462,Aari McDonald,MIN,Minnesota Lynx,USA,5.0,1,1,4188,4188.0,2.085,2.085,,2.085,2.085,0.0,0.0,,-12.513,9.683,-4.089,4.515,,,,,0.3032,0.5862,0.0344,0.0762,2.085,2.085,0.0,2.085,,,0,,,,,,,,,,,,,,,,0.0,0.1106,0.8894,1.4238,,,2.085,2.085,1270,2455,144,319,Arizona,2021,1,3,2021.0,1611661324,MIN,1,False,False,Minnesota,Lynx,
1631090,Christyn Williams,DAL,Dallas Wings,USA,1.0,1,1,153,153.0,-11.998,-11.998,,-11.998,-11.998,0.0,0.0,,,-11.998,,,,,,,0.0,1.0,0.0,0.0,-11.998,-11.998,0.0,-11.998,,,0,,,,,,,,,,,,,,,,-0.0,0.0,1.0,0.0,,,-11.998,-11.998,0,153,0,0,Connecticut,2022,2,14,2025.0,1611661321,DAL,1,False,False,Dallas,Wings,
1643424,Costanza Verona,DAL,Dallas Wings,Italy,0.0,0,1,482,482.0,-4.572,-4.572,,-4.572,-4.572,0.0,0.0,,-2.268,-2.553,-30.57,,,,,,0.4606,0.4627,0.0768,0.0,-4.572,-4.572,0.0,-4.572,,,0,,,,,,,,,,,,,,,,-0.0,0.0768,0.9232,1.3139,,,-4.572,-4.572,222,223,37,0,Unknown,-1,-1,-1,2026.0,1611661321,DAL,1,False,False,Dallas,Wings,
1643454,Kara Dunn,PHX,Phoenix Mercury,USA,0.0,0,1,1204,1204.0,-5.239,-5.239,,-5.239,-5.239,0.0,0.0,,-5.217,-8.403,,7.462,,,,,0.0872,0.7309,0.0,0.1819,-5.239,-5.239,0.0,-5.239,,,0,,,,,,,,,,,,,,,,-0.0,0.1819,0.8181,1.0847,,,-5.239,-5.239,105,880,0,219,Southern California,-1,-1,-1,2026.0,1611661317,PHX,2,False,False,Phoenix,Mercury,
1643525,Alex Fowler,NYL,New York Liberty,Australia,0.0,0,1,2312,2312.0,-0.568,-0.568,,-0.568,-0.568,0.0,0.0,,2.338,-2.257,,4.024,,,,,0.0294,0.7232,0.0,0.2474,-0.568,-0.568,0.0,-0.568,,,0,,,,,,,,,,,,,,,,-0.0,0.2474,0.7526,0.9863,,,-0.568,-0.568,68,1672,0,572,Portland,-1,-1,-1,2026.0,1611661313,NYL,1,False,False,New York,Liberty,
1643832,Aminata Gueye,GSV,Golden State Valkyries,France,0.0,0,1,705,705.0,6.49,6.49,,6.49,6.49,0.0,0.0,,-45.2566,-1.291,-5.282,17.307,,,,,0.0681,0.3277,0.0156,0.5887,6.49,6.49,0.0,6.49,,,0,,,,,,,,,,,,,,,,0.0,0.6043,0.3957,1.3351,,,6.49,6.49,48,231,11,415,Unknown,-1,-1,-1,2026.0,1611661331,GSV,1,False,False,Golden State,Valkyries,
