Game_ID,teamId,playerId,frames,averageGravity,onBallPerimeter_Frames,onBallPerimeter_averageGravity,offBallPerimeter_Frames,offBallPerimeter_averageGravity,onBallInterior_Frames,onBallInterior_averageGravity,offBallInterior_Frames,offBallInterior_averageGravity,league_id,Season_ID
1022600001,1611661323,203398,4696,6.8100000000,167,-18.7930000000,1162,-8.1290000000,396,11.1220000000,2971,13.5180000000,10,22026
1022600001,1611661313,203822,2962,1.4590000000,185,-10.1930000000,1792,-0.7580000000,82,7.5430000000,903,7.6940000000,10,22026
1022600001,1611661313,204335,4826,0.4000000000,434,-3.3730000000,3696,-0.1530000000,118,-10.5330000000,578,9.0030000000,10,22026
1022600001,1611661313,1627668,4446,-4.6170000000,900,-6.7230000000,2598,-5.1470000000,278,-20.0810000000,670,6.6840000000,10,22026
1022600001,1611661313,1627673,3893,3.2280000000,584,-3.2840000000,2452,3.3780000000,135,-29.7760000000,722,14.1560000000,10,22026
1022600001,1611661313,1629546,4310,3.7560000000,791,1.5150000000,2972,5.0120000000,60,-21.1430000000,487,2.8000000000,10,22026
1022600001,1611661313,1629566,3404,0.6590000000,218,-21.9280000000,1963,3.1440000000,69,0.4880000000,1154,0.7080000000,10,22026
1022600001,1611661323,1629568,4489,6.9330000000,524,-3.0610000000,3134,5.9420000000,95,24.8940000000,736,15.9510000000,10,22026
1022600001,1611661323,1631135,2472,7.4860000000,109,6.9660000000,547,-1.0920000000,77,-14.5640000000,1739,11.1930000000,10,22026
1022600001,1611661313,1631136,3304,5.1370000000,639,-6.5020000000,1586,6.2510000000,169,-8.9180000000,910,13.9770000000,10,22026
1022600001,1611661323,1641649,4978,2.0590000000,881,-3.3060000000,3112,0.9480000000,212,5.7170000000,773,11.6420000000,10,22026
1022600001,1611661313,1642210,3354,-0.1510000000,1265,6.2380000000,1697,-1.2670000000,116,-12.5060000000,276,-17.3810000000,10,22026
1022600001,1611661323,1642800,4198,3.9820000000,530,-7.6580000000,1560,-6.0720000000,114,4.6860000000,1994,14.9020000000,10,22026
1022600001,1611661323,1642809,4254,-4.4330000000,1285,-11.1950000000,2339,-4.6850000000,151,6.2380000000,479,11.5770000000,10,22026
1022600001,1611661323,1642817,2430,1.5380000000,813,-3.6190000000,1238,0.0470000000,136,7.5260000000,243,23.0330000000,10,22026
1022600001,1611661313,1642826,771,0.5300000000,169,-15.0480000000,499,7.7750000000,42,-19.0860000000,61,-2.0660000000,10,22026
1022600001,1611661323,1643429,2353,2.7170000000,273,-6.8580000000,1350,-2.5080000000,124,-4.5810000000,606,20.1650000000,10,22026
1022600001,1611661323,1643441,2013,5.2870000000,125,-6.6000000000,922,-3.1190000000,21,24.3900000000,945,14.6360000000,10,22026
1022600001,1611661323,1643449,3851,4.1370000000,938,-3.2040000000,2348,5.5580000000,175,1.9790000000,390,14.2060000000,10,22026
1022600002,1611661332,1627700,4727,2.8900000000,1210,1.0880000000,3072,2.6570000000,108,0.6690000000,337,12.1930000000,10,22026
1022600002,1611661332,1627701,2426,-9.0630000000,381,-4.4360000000,1367,-11.4650000000,87,-8.4780000000,591,-6.5750000000,10,22026
1022600002,1611661332,1628279,4220,6.7490000000,1078,4.2580000000,2244,6.9560000000,451,9.5560000000,447,8.8890000000,10,22026
1022600002,1611661332,1628915,1553,3.7500000000,120,14.4540000000,1376,2.4050000000,8,-17.9750000000,49,18.8290000000,10,22026
1022600002,1611661332,1629497,4909,12.3740000000,1276,12.4030000000,2852,10.1850000000,207,29.4540000000,574,17.0230000000,10,22026
1022600002,1611661332,1629576,2530,-2.3970000000,212,-2.1340000000,1941,-4.7560000000,82,-1.7490000000,295,12.7570000000,10,22026
1022600002,1611661332,1630108,188,-2.2460000000,13,-70.2230000000,71,5.9700000000,0,0.0000000000,104,0.6420000000,10,22026
1022600002,1611661322,1631022,5474,8.5980000000,482,-3.2110000000,2207,6.4050000000,563,5.6620000000,2222,14.0810000000,10,22026
1022600002,1611661332,1631055,3843,-1.5150000000,261,-19.5770000000,2304,-5.3380000000,96,-1.0470000000,1182,9.8870000000,10,22026
1022600002,1611661332,1631118,415,-6.7200000000,16,-3.7440000000,371,-9.1970000000,13,31.4690000000,15,18.2730000000,10,22026
1022600002,1611661322,1642775,3581,0.9870000000,174,-7.4660000000,2739,0.5210000000,3,10.9000000000,665,5.0720000000,10,22026
1022600002,1611661322,1642781,4294,4.9080000000,2171,4.3830000000,1542,5.9390000000,332,-0.7670000000,249,10.6650000000,10,22026
1022600002,1611661322,1642785,6932,14.3540000000,697,4.2550000000,4574,13.8740000000,82,13.8200000000,1579,20.2310000000,10,22026
1022600002,1611661322,1642792,5474,2.8960000000,171,0.7050000000,2900,-3.8150000000,152,8.1600000000,2251,11.3530000000,10,22026
1022600002,1611661322,1642802,2124,0.2590000000,488,0.6150000000,1317,-0.8420000000,89,-0.8810000000,230,6.2510000000,10,22026
1022600002,1611661332,1643420,2863,-2.4010000000,160,-13.1980000000,1899,-5.1480000000,87,3.0900000000,717,6.6180000000,10,22026
1022600002,1611661322,1643427,2803,10.4590000000,62,8.0760000000,713,8.4470000000,114,9.1220000000,1914,11.3660000000,10,22026
1022600002,1611661332,1643445,3097,3.7640000000,477,2.5210000000,2334,2.5680000000,64,18.6880000000,222,14.7000000000,10,22026
1022600002,1611661322,1643450,4036,-1.0270000000,1799,-5.9120000000,1714,2.6180000000,136,2.0630000000,387,4.4490000000,10,22026
1022600002,1611661322,1643455,2722,9.5890000000,179,8.2270000000,1560,5.9460000000,125,3.0930000000,858,17.4420000000,10,22026
1022600002,1611661332,1643457,1539,-3.0560000000,50,-32.5700000000,990,-5.4550000000,5,59.4200000000,494,4.1070000000,10,22026
1022600002,1611661322,1643467,3745,-1.6090000000,373,-10.7490000000,2800,-0.9390000000,47,-18.1960000000,525,2.8000000000,10,22026
1022600003,1611661331,203026,1089,10.9100000000,212,7.9820000000,728,11.8400000000,72,23.2860000000,77,-1.3910000000,10,22026
1022600003,1611661328,203828,3674,5.2370000000,111,4.7910000000,2861,5.2830000000,66,4.4620000000,636,5.1880000000,10,22026
1022600003,1611661331,203866,5846,3.6230000000,199,-1.6280000000,4774,1.6820000000,59,5.3950000000,814,16.1580000000,10,22026
1022600003,1611661331,204329,4931,1.9760000000,355,-1.7830000000,2514,-3.3980000000,70,8.9110000000,1992,9.1850000000,10,22026
1022600003,1611661331,1628508,1239,9.4690000000,317,7.5180000000,799,10.2400000000,64,6.4670000000,59,12.7680000000,10,22026
1022600003,1611661328,1628882,3867,2.5900000000,357,-10.3070000000,2934,3.8330000000,148,-10.3220000000,428,9.2880000000,10,22026
1022600003,1611661331,1628931,4877,3.9130000000,894,0.8610000000,3545,4.8940000000,140,2.1960000000,298,2.1990000000,10,22026
1022600003,1611661328,1629567,3425,-5.1120000000,1618,-6.6550000000,1428,-5.9630000000,215,-1.1540000000,164,12.3330000000,10,22026
1022600003,1611661331,1630097,3350,6.0780000000,271,-4.4100000000,2649,6.1840000000,44,-38.7200000000,386,17.8170000000,10,22026
1022600003,1611661331,1631007,5863,-0.7210000000,2268,-3.8920000000,2952,0.9510000000,302,5.5290000000,341,0.3720000000,10,22026
1022600003,1611661331,1631039,669,0.7660000000,81,-5.3120000000,588,1.6040000000,0,0.0000000000,0,0.0000000000,10,22026
1022600003,1611661328,1631141,3177,-4.1870000000,1221,-10.2760000000,1730,-1.1390000000,49,-13.1020000000,177,10.4970000000,10,22026
1022600003,1611661328,1641651,2307,-2.6840000000,225,-15.6350000000,1644,-1.7270000000,49,12.6140000000,389,-1.1650000000,10,22026
1022600003,1611661331,1641656,3061,-3.0020000000,128,-22.0460000000,1326,-1.8860000000,76,-2.9870000000,1531,-2.3780000000,10,22026
1022600003,1611661328,1641660,3743,5.8730000000,523,-0.9520000000,2587,3.8520000000,188,9.1980000000,445,24.2380000000,10,22026
1022600003,1611661328,1642307,2526,-0.3040000000,143,-7.9740000000,1813,-4.8380000000,0,0.0000000000,570,16.0420000000,10,22026
1022600003,1611661331,1642767,5223,4.3520000000,547,4.0520000000,3727,2.1760000000,274,18.0230000000,675,11.0660000000,10,22026
1022600003,1611661328,1642798,4953,0.8110000000,417,-14.1530000000,2088,-3.4880000000,260,-4.9980000000,2188,8.4550000000,10,22026
1022600003,1611661331,1642822,3495,-4.7690000000,1341,-10.7290000000,1760,0.1710000000,239,-19.6200000000,155,13.6010000000,10,22026
1022600003,1611661328,1643428,4133,13.0180000000,724,7.3740000000,2686,13.4820000000,141,18.7660000000,582,16.5030000000,10,22026
1022600003,1611661328,1643453,1068,-7.5310000000,43,-38.9190000000,840,-6.1400000000,75,-6.7530000000,110,-6.4180000000,10,22026
1022600003,1611661331,1643479,228,-3.1640000000,14,-4.9140000000,177,1.7430000000,0,0.0000000000,37,-25.9780000000,10,22026
1022600004,1611661321,202252,770,-7.1530000000,51,4.3250000000,575,2.6420000000,0,0.0000000000,144,-50.3330000000,10,22026
1022600004,1611661325,203024,2226,-3.0850000000,264,6.2520000000,1218,-4.8990000000,29,-43.3100000000,715,-1.8120000000,10,22026
1022600004,1611661321,203824,3989,-9.7620000000,1543,-16.6150000000,2139,-4.6060000000,77,-33.8520000000,230,-3.6670000000,10,22026
1022600004,1611661325,1628899,3025,-10.9130000000,371,-19.7790000000,2138,-10.5260000000,54,-19.6780000000,462,-4.5640000000,10,22026
1022600004,1611661325,1628909,4784,6.7380000000,702,-12.5710000000,3079,9.9240000000,213,-7.8990000000,790,15.4260000000,10,22026
1022600004,1611661321,1629481,4523,0.0610000000,879,-4.9400000000,3201,2.9110000000,187,-29.0890000000,256,2.8820000000,10,22026
1022600004,1611661325,1629482,3781,12.3010000000,149,-3.5920000000,3095,12.3320000000,34,20.5760000000,503,16.2610000000,10,22026
1022600004,1611661321,1629491,4747,-6.0110000000,346,-4.3400000000,2017,-3.0770000000,200,-27.1700000000,2184,-7.0490000000,10,22026
1022600004,1611661321,1629501,3376,-0.2900000000,177,-1.3250000000,2151,0.4260000000,79,23.0000000000,969,-3.5890000000,10,22026
1022600004,1611661321,1629574,402,4.8140000000,0,0.0000000000,70,10.8340000000,27,-39.5000000000,305,7.3550000000,10,22026
1022600004,1611661325,1630112,718,6.2790000000,55,20.4240000000,574,5.7720000000,19,-30.9420000000,70,9.4290000000,10,22026
1022600004,1611661321,1630386,382,-1.0660000000,48,-0.5310000000,69,10.4010000000,0,0.0000000000,265,-4.1490000000,10,22026
1022600004,1611661325,1631086,2322,14.9140000000,84,4.2950000000,1703,14.1770000000,157,-5.2830000000,378,28.9840000000,10,22026
1022600004,1611661325,1641648,4196,-7.2410000000,895,-13.5790000000,2324,-7.0660000000,251,-14.1850000000,726,2.4110000000,10,22026
1022600004,1611661321,1641652,2222,-0.9530000000,71,2.3830000000,1060,0.3870000000,21,-33.1760000000,1070,-1.8700000000,10,22026
1022600004,1611661325,1642286,5108,-6.2020000000,1897,-4.1660000000,2609,-9.5960000000,356,-1.5640000000,246,7.3760000000,10,22026
1022600004,1611661321,1642784,4701,7.7800000000,1435,-0.0420000000,2343,14.1340000000,199,-24.7260000000,724,11.6520000000,10,22026
1022600004,1611661321,1642793,2069,4.2640000000,277,-4.6130000000,1495,5.2410000000,43,-17.7140000000,254,11.9150000000,10,22026
1022600004,1611661325,1642815,2567,-7.3170000000,1,-50.4000000000,1362,-8.6000000000,74,-37.5620000000,1130,-3.7520000000,10,22026
1022600004,1611661321,1643425,2213,8.6360000000,172,6.1620000000,1481,9.6340000000,42,6.2500000000,518,6.7970000000,10,22026
1022600004,1611661325,1643433,1702,-0.4250000000,449,1.6230000000,976,-2.7620000000,54,22.3540000000,223,0.1610000000,10,22026
1022600006,1611661329,203400,4604,8.1340000000,1606,11.2260000000,2734,6.5130000000,182,6.2130000000,82,5.8910000000,10,22026
1022600006,1611661329,204322,2772,7.9570000000,228,1.4440000000,994,7.6950000000,137,-0.7820000000,1413,10.0380000000,10,22026
1022600006,1611661329,1627671,2270,3.2240000000,369,-2.8850000000,1780,3.3810000000,6,27.5830000000,115,19.1160000000,10,22026
1022600006,1611661327,1629484,2597,-2.3630000000,308,-9.5240000000,1270,-10.7050000000,46,-8.2410000000,973,11.0690000000,10,22026
1022600006,1611661327,1629524,5818,6.9590000000,785,-1.6590000000,4051,7.5290000000,92,-4.0620000000,890,13.1000000000,10,22026
1022600006,1611661327,1630143,4817,-3.4110000000,361,-2.8680000000,3074,-8.3610000000,132,10.1830000000,1250,7.1700000000,10,22026
1022600006,1611661327,1631083,4325,5.6600000000,181,-1.2780000000,2539,2.0450000000,151,4.2300000000,1454,12.9830000000,10,22026
1022600006,1611661327,1641650,928,1.6640000000,0,0.0000000000,505,-3.0510000000,29,-26.7760000000,394,9.8010000000,10,22026
1022600006,1611661329,1642288,5506,2.2790000000,1524,2.4200000000,3351,-0.3270000000,208,26.3450000000,423,10.5770000000,10,22026
1022600006,1611661329,1642289,3185,3.1710000000,162,-13.2400000000,1523,0.0690000000,57,-16.8630000000,1443,9.0790000000,10,22026
1022600006,1611661329,1642292,5245,3.3190000000,707,10.3370000000,4165,1.7390000000,48,-17.0710000000,325,11.3040000000,10,22026
1022600006,1611661327,1642296,3222,6.8610000000,63,5.9950000000,2431,3.8290000000,33,18.2150000000,695,17.0060000000,10,22026
1022600006,1611661327,1642304,5489,2.7870000000,2650,-0.5690000000,2091,8.0010000000,378,-4.4830000000,370,4.7810000000,10,22026
1022600006,1611661329,1642321,648,-14.1330000000,129,-14.8240000000,470,-13.0070000000,4,-11.5750000000,45,-24.1420000000,10,22026
1022600006,1611661327,1642782,4336,10.3480000000,661,5.3420000000,2977,10.6860000000,164,0.0450000000,534,17.8210000000,10,22026
1022600006,1611661329,1642786,838,-10.1100000000,156,-8.2390000000,549,-10.9230000000,71,-0.5660000000,62,-18.5470000000,10,22026
1022600006,1611661327,1643436,1648,2.1180000000,142,10.3510000000,671,-5.7300000000,40,-29.0100000000,795,8.8370000000,10,22026
1022600006,1611661329,1643447,4487,-3.5870000000,230,-5.6020000000,3647,-3.7940000000,87,-12.2370000000,523,0.1860000000,10,22026
1022600006,1611661327,1643494,2393,1.1730000000,169,-6.1900000000,1704,-0.5860000000,35,-33.9340000000,485,12.4540000000,10,22026
1022600006,1611661327,1643527,1978,3.1600000000,816,3.7240000000,700,5.0260000000,284,-2.7190000000,178,2.6160000000,10,22026
1022600007,1611661323,203398,5061,13.2920000000,342,1.1410000000,1368,1.0270000000,349,29.6110000000,3002,18.3690000000,10,22026
1022600007,1611661328,203828,3280,2.1200000000,286,7.7600000000,2382,1.0410000000,0,0.0000000000,612,3.6840000000,10,22026
1022600007,1611661328,1628882,2979,3.2180000000,352,-4.9820000000,2292,4.1330000000,38,11.8740000000,297,4.7610000000,10,22026
1022600007,1611661328,1629567,3847,1.3740000000,1413,1.7910000000,2025,0.9860000000,263,-1.5310000000,146,7.9470000000,10,22026
1022600007,1611661323,1629568,5400,6.2520000000,468,7.3940000000,3354,1.9160000000,262,9.6980000000,1316,16.2080000000,10,22026
1022600007,1611661323,1631135,1803,5.5520000000,24,-10.4000000000,689,6.9860000000,67,-3.5330000000,1023,5.5550000000,10,22026
1022600007,1611661328,1631141,3930,3.9110000000,1612,10.0320000000,2042,-0.5360000000,118,14.0310000000,158,-8.6260000000,10,22026
1022600007,1611661323,1641649,4702,4.3780000000,498,7.3930000000,3404,3.3060000000,170,4.5830000000,630,7.7290000000,10,22026
1022600007,1611661328,1641651,2549,-3.0850000000,338,8.9820000000,1826,-5.2980000000,89,-8.5260000000,296,-1.5780000000,10,22026
1022600007,1611661328,1641660,2138,-1.1700000000,270,-4.5370000000,1660,-0.5300000000,124,-3.0930000000,84,-0.1550000000,10,22026
1022600007,1611661328,1642307,3404,-0.9720000000,200,-12.0370000000,2199,-3.5440000000,48,-3.2810000000,957,7.3680000000,10,22026
1022600007,1611661328,1642798,2999,4.8170000000,129,-5.6910000000,1495,3.4530000000,97,-5.3760000000,1278,8.2470000000,10,22026
1022600007,1611661323,1642800,5326,2.3240000000,583,-1.0220000000,2633,-3.4370000000,144,2.2890000000,1966,11.0330000000,10,22026
1022600007,1611661323,1642809,3358,-3.3060000000,575,0.9260000000,2416,-5.6540000000,119,-7.3870000000,248,11.7110000000,10,22026
1022600007,1611661323,1642817,3578,-0.0440000000,1638,-0.6760000000,1481,0.3450000000,174,-4.4280000000,285,4.2410000000,10,22026
1022600007,1611661328,1643428,4553,5.8930000000,640,5.5890000000,3202,6.0640000000,171,0.1640000000,540,7.0570000000,10,22026
1022600007,1611661323,1643429,1510,16.0060000000,54,7.8610000000,957,14.0830000000,32,32.7090000000,467,19.7450000000,10,22026
1022600007,1611661323,1643449,3345,2.1750000000,1173,-1.7750000000,1674,4.8330000000,131,-18.0790000000,367,9.9020000000,10,22026
1022600007,1611661328,1643453,1763,0.7650000000,96,2.2450000000,1432,-1.0780000000,0,0.0000000000,235,11.3900000000,10,22026
1022600008,1611661313,203822,3853,2.0630000000,290,-7.4430000000,2534,3.2580000000,98,-5.4900000000,931,2.5660000000,10,22026
1022600008,1611661313,204335,3797,5.9600000000,31,11.1230000000,2570,1.7570000000,34,16.6680000000,1162,14.8060000000,10,22026
1022600008,1611661313,1627668,5995,-0.1420000000,1320,-7.1300000000,2895,0.9970000000,611,-0.2920000000,1169,5.0060000000,10,22026
1022600008,1611661313,1627673,2741,-1.1890000000,358,-1.6860000000,1627,-5.1920000000,93,6.7470000000,663,7.7910000000,10,22026
1022600008,1611661313,1629546,5668,6.0830000000,1363,3.2100000000,3731,6.0660000000,93,-18.3670000000,481,19.0840000000,10,22026
1022600008,1611661313,1629566,4454,-1.8610000000,296,-7.3710000000,2629,-1.2970000000,43,30.1530000000,1486,-2.6870000000,10,22026
1022600008,1611661322,1631022,5710,-2.6180000000,553,-13.2740000000,2627,-7.0760000000,425,-13.1390000000,2105,7.8700000000,10,22026
1022600008,1611661313,1631136,5285,2.2000000000,1441,-3.1480000000,2840,1.9930000000,233,22.1600000000,771,6.9260000000,10,22026
1022600008,1611661313,1642210,1854,-0.8540000000,451,0.1790000000,1324,-1.1030000000,4,24.5250000000,75,-4.0160000000,10,22026
1022600008,1611661322,1642775,4019,0.4270000000,458,-15.8600000000,2692,3.4030000000,43,-19.1440000000,826,0.7760000000,10,22026
1022600008,1611661322,1642781,3420,-4.9680000000,1498,-10.3430000000,1511,0.1560000000,215,-14.0280000000,196,6.5490000000,10,22026
1022600008,1611661322,1642785,6646,12.0320000000,1111,2.5540000000,4268,13.0960000000,215,-0.5780000000,1052,20.3010000000,10,22026
1022600008,1611661322,1642792,4524,-0.0610000000,253,-15.9400000000,1586,-11.2010000000,354,9.8000000000,2331,7.7450000000,10,22026
1022600008,1611661322,1642802,773,1.6690000000,145,-13.3830000000,555,3.4520000000,35,24.4600000000,38,12.0790000000,10,22026
1022600008,1611661313,1642826,124,-11.9480000000,0,0.0000000000,98,-9.4440000000,0,0.0000000000,26,-21.3850000000,10,22026
1022600008,1611661322,1643427,3799,4.8710000000,164,-30.2310000000,819,-0.4680000000,282,-1.7460000000,2534,9.6040000000,10,22026
1022600008,1611661322,1643450,4273,-11.3840000000,1746,-18.3800000000,2152,-5.9810000000,105,2.3460000000,270,-14.5480000000,10,22026
1022600008,1611661322,1643455,2202,1.4980000000,195,-10.5240000000,1406,-2.5870000000,32,-2.8880000000,569,15.9570000000,10,22026
1022600008,1611661322,1643467,4566,5.7860000000,128,-5.7990000000,3286,4.5420000000,96,-1.3020000000,1056,11.7050000000,10,22026
1022600008,1611661322,1643644,49,-72.8240000000,0,0.0000000000,11,-68.8360000000,0,0.0000000000,38,-73.9790000000,10,22026
1022600009,1611661320,203014,5546,-0.5830000000,530,-11.8720000000,2748,-4.2550000000,167,-21.9460000000,2101,8.7650000000,10,22026
1022600009,1611661319,203833,5515,-2.9690000000,1357,-4.5010000000,3643,-3.8710000000,131,-4.2660000000,384,11.4460000000,10,22026
1022600009,1611661319,203855,3132,-6.2050000000,91,-11.4050000000,2546,-7.8970000000,31,-15.2550000000,464,4.7000000000,10,22026
1022600009,1611661319,204319,4676,5.3750000000,533,-1.0050000000,3361,5.5790000000,82,-2.5650000000,700,10.1820000000,10,22026
1022600009,1611661319,204323,365,-4.8810000000,0,0.0000000000,239,-3.4810000000,5,-75.9200000000,121,-4.7100000000,10,22026
1022600009,1611661320,204324,4164,-8.3890000000,547,-19.9330000000,2195,-8.9600000000,324,-13.6330000000,1098,0.0530000000,10,22026
1022600009,1611661320,204365,3110,-5.4290000000,962,-12.5780000000,1846,-1.4070000000,96,-20.9810000000,206,-0.8430000000,10,22026
1022600009,1611661320,1628242,218,-4.8210000000,33,-7.9940000000,149,-8.1230000000,3,-15.2670000000,33,14.2150000000,10,22026
1022600009,1611661320,1628276,5907,0.6280000000,1522,-9.8030000000,2857,9.9110000000,598,-24.9710000000,930,5.6450000000,10,22026
1022600009,1611661320,1628878,5382,4.5950000000,680,-13.3770000000,3671,7.7800000000,149,-15.2150000000,882,8.5410000000,10,22026
1022600009,1611661319,1628932,5192,5.8600000000,418,-0.6590000000,1827,2.9350000000,485,7.4040000000,2462,8.8320000000,10,22026
1022600009,1611661319,1629488,2860,0.0340000000,92,-9.7400000000,1039,2.8820000000,46,-4.2330000000,1683,-1.0740000000,10,22026
1022600009,1611661319,1629498,5152,4.0300000000,1996,2.6310000000,2559,4.3180000000,285,-2.5740000000,312,16.6440000000,10,22026
1022600009,1611661320,1630148,374,-10.1580000000,104,-44.3270000000,213,11.5080000000,34,-38.7530000000,23,-14.0300000000,10,22026
1022600009,1611661319,1630150,3466,-10.6870000000,828,-10.8290000000,2027,-14.0440000000,275,-3.6470000000,336,4.1510000000,10,22026
1022600009,1611661320,1630996,4349,2.5690000000,408,-14.9110000000,3432,4.4390000000,104,-22.4880000000,405,10.7670000000,10,22026
1022600009,1611661319,1631006,1680,-2.9090000000,105,-1.7090000000,1343,-1.7700000000,22,-52.9550000000,210,-5.5530000000,10,22026
1022600009,1611661319,1631019,3077,-3.5700000000,134,-22.2440000000,1082,-11.6460000000,121,-13.6880000000,1740,3.5940000000,10,22026
1022600009,1611661320,1642287,2375,-13.9200000000,183,-13.5270000000,1605,-9.4060000000,19,-57.9470000000,568,-25.3310000000,10,22026
1022600009,1611661320,1642790,374,-3.0120000000,0,0.0000000000,87,-23.4600000000,0,0.0000000000,287,3.1870000000,10,22026
1022600009,1611661320,1643444,1138,-17.1520000000,213,-10.4630000000,703,-15.2170000000,33,-32.0360000000,189,-29.2920000000,10,22026
1022600009,1611661320,1643462,1623,-3.8420000000,146,-5.8470000000,1209,4.8620000000,54,-60.5890000000,214,-37.3300000000,10,22026
1022600010,1611661324,203825,5362,14.7150000000,654,3.3280000000,3921,18.0830000000,132,13.4650000000,655,6.1780000000,10,22026
1022600010,1611661324,203827,2962,-8.5080000000,393,-18.5580000000,1319,-13.9730000000,157,-17.6650000000,1093,3.0160000000,10,22026
1022600010,1611661324,1627675,5265,6.7020000000,1342,-9.2990000000,3350,13.8410000000,221,-13.4320000000,352,12.4020000000,10,22026
1022600010,1611661324,1628269,5060,-4.1510000000,175,-24.2790000000,3612,-4.7320000000,25,-42.1800000000,1248,1.1150000000,10,22026
1022600010,1611661330,1628277,6468,7.6680000000,761,4.3380000000,5192,8.2250000000,198,3.3350000000,317,9.2550000000,10,22026
1022600010,1611661330,1628886,5020,-0.9640000000,1541,-1.2900000000,2929,1.1200000000,328,-12.0310000000,222,-9.8410000000,10,22026
1022600010,1611661324,1629581,549,-9.0290000000,54,-7.0930000000,210,-10.1500000000,16,42.9810000000,269,-11.6370000000,10,22026
1022600010,1611661324,1630471,1534,3.4130000000,230,-13.7620000000,1091,8.6890000000,48,-11.2540000000,165,-3.2580000000,10,22026
1022600010,1611661330,1631009,6833,12.5060000000,1374,7.5610000000,4668,13.5820000000,232,14.3750000000,559,14.9020000000,10,22026
1022600010,1611661330,1631021,676,-11.9390000000,76,5.5260000000,490,-18.8790000000,33,-2.6120000000,77,10.9920000000,10,22026
1022600010,1611661330,1631044,6275,-3.9350000000,388,2.8860000000,4545,-7.2480000000,112,-12.1290000000,1230,6.9010000000,10,22026
1022600010,1611661330,1641683,11,-20.2640000000,0,0.0000000000,3,-15.6670000000,0,0.0000000000,8,-21.9870000000,10,22026
1022600010,1611661330,1642291,6239,2.8840000000,452,-1.9120000000,3122,3.3900000000,188,-1.3600000000,2477,3.4430000000,10,22026
1022600010,1611661330,1642302,573,-10.2610000000,0,0.0000000000,568,-10.3920000000,0,0.0000000000,5,4.6000000000,10,22026
1022600010,1611661324,1642797,1104,-3.8970000000,25,20.5880000000,717,-8.8260000000,36,-15.6810000000,326,6.3680000000,10,22026
1022600010,1611661330,1642804,3769,5.4490000000,1241,6.0220000000,1981,6.3220000000,240,-9.1500000000,307,8.9200000000,10,22026
1022600010,1611661324,1643426,5585,-6.6160000000,2168,-18.7640000000,2742,4.6760000000,511,-18.8270000000,164,3.2160000000,10,22026
1022600010,1611661330,1643431,1540,-2.3040000000,214,-22.7170000000,581,5.2220000000,97,-31.2210000000,648,2.0170000000,10,22026
1022600010,1611661330,1643469,8,7.1250000000,7,10.4860000000,1,-16.4000000000,0,0.0000000000,0,0.0000000000,10,22026
1022600010,1611661324,1643488,3416,-6.8930000000,219,-19.4720000000,1731,-7.9240000000,98,-16.3820000000,1368,-2.8960000000,10,22026
1022600010,1611661324,1643489,2084,11.3880000000,78,1.8310000000,1846,11.0770000000,7,-45.1570000000,153,22.6020000000,10,22026
1022600011,1611661317,201886,4450,11.1500000000,483,-10.9070000000,3247,12.5040000000,86,8.1280000000,634,21.4260000000,10,22026
1022600011,1611661317,203826,5413,-6.9070000000,2120,-14.0230000000,1801,-3.6060000000,572,-0.8790000000,920,-0.7190000000,10,22026
1022600011,1611661331,203866,7022,1.8040000000,582,-4.3600000000,5470,0.5830000000,117,-16.3400000000,853,16.3330000000,10,22026
1022600011,1611661331,204329,3194,6.0110000000,369,16.8640000000,1311,-7.6270000000,57,-22.2670000000,1457,16.6390000000,10,22026
1022600011,1611661317,1627674,5208,11.2510000000,771,-8.1180000000,3611,14.4930000000,238,0.8810000000,588,20.9340000000,10,22026
1022600011,1611661331,1628931,7480,7.1470000000,1343,-6.6210000000,5184,9.8040000000,215,-9.0170000000,738,18.2480000000,10,22026
1022600011,1611661331,1630097,7716,7.8720000000,788,-2.7260000000,5952,7.7970000000,55,-6.2600000000,921,18.2660000000,10,22026
1022600011,1611661317,1630138,25,15.7560000000,0,0.0000000000,25,15.7560000000,0,0.0000000000,0,0.0000000000,10,22026
1022600011,1611661317,1630442,4265,-11.2870000000,81,-34.7010000000,2397,-18.4530000000,37,4.5240000000,1750,-0.7220000000,10,22026
1022600011,1611661317,1630461,1806,0.2090000000,303,-21.3580000000,1161,4.0990000000,0,0.0000000000,342,6.1110000000,10,22026
1022600011,1611661331,1631007,7268,-2.2300000000,3067,-6.5310000000,3140,2.5350000000,472,-6.3950000000,589,-1.9040000000,10,22026
1022600011,1611661331,1641656,5371,3.1540000000,683,-4.8830000000,1944,-1.9340000000,274,-5.3230000000,2470,10.3220000000,10,22026
1022600011,1611661331,1642767,5743,8.3930000000,343,7.0620000000,4413,6.9940000000,88,-6.3740000000,899,17.2170000000,10,22026
1022600011,1611661317,1642768,567,-7.7210000000,11,-53.7360000000,442,-10.1310000000,41,-33.4830000000,73,28.2780000000,10,22026
1022600011,1611661331,1642822,2403,-3.8850000000,711,-14.5100000000,1352,1.9390000000,82,-29.9160000000,258,3.1500000000,10,22026
1022600011,1611661317,1643487,935,-3.7670000000,24,-4.3040000000,708,-2.9350000000,10,-50.3500000000,193,-4.3360000000,10,22026
1022600011,1611661317,1643493,2257,5.2450000000,111,-7.9680000000,2033,6.4370000000,16,-8.7310000000,97,-2.3140000000,10,22026
1022600011,1611661317,1643505,3783,4.7620000000,754,-6.1920000000,2444,3.6690000000,90,-8.6040000000,495,29.2700000000,10,22026
1022600013,1611661317,201886,5229,2.3510000000,414,7.1190000000,3929,0.5650000000,213,13.5900000000,673,6.2860000000,10,22026
1022600013,1611661324,203825,5729,14.5070000000,815,7.8110000000,4036,14.9100000000,135,42.0560000000,743,14.6580000000,10,22026
1022600013,1611661317,203826,5932,2.1810000000,2109,5.6690000000,2323,2.2670000000,482,-3.8120000000,1018,-2.4000000000,10,22026
1022600013,1611661324,203827,5692,-2.7210000000,512,-7.2890000000,2760,-3.4110000000,306,-8.9580000000,2114,0.1880000000,10,22026
1022600013,1611661317,204468,2897,6.0340000000,370,-0.2120000000,1784,1.7980000000,32,36.4620000000,711,18.5430000000,10,22026
1022600013,1611661317,1627674,5747,10.2700000000,980,4.1630000000,3831,10.8550000000,275,7.5320000000,661,17.0750000000,10,22026
1022600013,1611661324,1627675,5182,2.5390000000,1223,-10.3150000000,3414,6.2900000000,128,8.3600000000,417,7.7460000000,10,22026
1022600013,1611661324,1628269,3403,-4.1850000000,332,-14.5080000000,2288,-5.5140000000,51,14.6290000000,732,3.3380000000,10,22026
1022600013,1611661317,1630442,4751,-7.2380000000,107,-1.6040000000,2475,-9.8960000000,82,4.1850000000,2087,-4.8250000000,10,22026
1022600013,1611661317,1630461,1799,1.6300000000,465,1.0520000000,1081,-0.7300000000,48,-22.1250000000,205,20.9450000000,10,22026
1022600013,1611661324,1630471,1130,-4.9040000000,71,-12.3860000000,849,-1.1150000000,4,-13.5750000000,206,-17.7720000000,10,22026
1022600013,1611661317,1642768,2182,-2.7460000000,107,-3.8760000000,1531,-5.2750000000,1,-16.5000000000,543,4.6350000000,10,22026
1022600013,1611661324,1642797,1211,-9.3910000000,16,-4.8440000000,545,-18.3340000000,33,-67.1480000000,617,1.4800000000,10,22026
1022600013,1611661324,1643426,4530,-1.0100000000,1935,-6.9270000000,2033,4.1850000000,346,-4.4380000000,216,8.5860000000,10,22026
1022600013,1611661324,1643488,3963,-4.2650000000,219,-10.3570000000,1789,-3.7490000000,201,-5.9310000000,1754,-3.8390000000,10,22026
1022600013,1611661324,1643489,3200,1.4440000000,178,-19.4080000000,2548,2.5850000000,69,12.3430000000,405,1.5740000000,10,22026
1022600013,1611661324,1643490,876,-11.0230000000,371,-21.4190000000,448,0.4810000000,43,-29.2440000000,14,-47.6790000000,10,22026
1022600013,1611661317,1643493,2480,-0.3510000000,97,-0.3790000000,1879,-0.5190000000,30,-23.7970000000,474,1.8060000000,10,22026
1022600013,1611661317,1643505,3343,6.1050000000,886,12.4170000000,1757,1.6650000000,193,9.9460000000,507,8.9980000000,10,22026
1022600014,1611661313,203822,2878,-1.2630000000,348,14.6890000000,1912,-4.1120000000,40,-16.7950000000,578,-0.3680000000,10,22026
1022600014,1611661313,204335,3799,0.3180000000,598,1.2020000000,2470,-0.3380000000,184,-15.0860000000,547,7.4970000000,10,22026
1022600014,1611661313,1627668,5546,18.1240000000,946,16.9250000000,3066,16.6550000000,287,29.0840000000,1247,20.1220000000,10,22026
1022600014,1611661313,1627673,5130,0.1900000000,537,-1.7130000000,3034,-3.8310000000,241,5.8420000000,1318,9.1880000000,10,22026
1022600014,1611661327,1629484,3094,4.9820000000,143,-0.0370000000,1175,-0.5950000000,35,-6.9970000000,1741,9.3990000000,10,22026
1022600014,1611661327,1629524,6473,8.8970000000,801,-4.6810000000,4358,8.7510000000,134,-8.2720000000,1180,20.6020000000,10,22026
1022600014,1611661313,1629546,5017,6.0260000000,1083,-1.1250000000,3204,6.6690000000,61,-16.0660000000,669,16.5380000000,10,22026
1022600014,1611661313,1629566,733,-4.1580000000,92,-20.3480000000,181,-10.3280000000,13,-10.3000000000,447,1.8510000000,10,22026
1022600014,1611661327,1630143,5093,5.1190000000,346,-14.9370000000,2935,2.3040000000,167,-13.0870000000,1645,16.2100000000,10,22026
1022600014,1611661327,1630154,2236,-10.1780000000,1206,-15.0940000000,671,-7.2050000000,129,-21.4640000000,230,13.2510000000,10,22026
1022600014,1611661327,1631083,7086,4.4320000000,424,-27.3230000000,4091,3.1780000000,154,2.4030000000,2417,12.2550000000,10,22026
1022600014,1611661313,1631136,4499,-15.3220000000,809,-15.2480000000,2246,-18.9900000000,194,-10.9150000000,1250,-9.4650000000,10,22026
1022600014,1611661327,1641650,3204,11.7440000000,291,1.0030000000,2115,11.4840000000,111,3.3960000000,687,18.4440000000,10,22026
1022600014,1611661313,1642210,1645,-1.6510000000,372,-6.8650000000,1038,2.0010000000,54,-40.0740000000,181,-0.4120000000,10,22026
1022600014,1611661327,1642296,4884,10.0800000000,178,-11.5340000000,3633,8.8690000000,146,3.7520000000,927,19.9720000000,10,22026
1022600014,1611661327,1642304,6028,-13.0340000000,2838,-19.8560000000,1682,-10.1150000000,630,-19.0550000000,878,7.7480000000,10,22026
1022600014,1611661327,1642782,1025,5.0440000000,284,-18.7060000000,436,7.3470000000,68,17.4710000000,237,25.7010000000,10,22026
1022600014,1611661327,1643494,1656,11.7230000000,52,-19.6420000000,1035,6.9410000000,14,27.6360000000,555,23.1770000000,10,22026
1022600015,1611661328,203828,3661,7.7760000000,341,8.1760000000,2372,5.2960000000,93,6.4310000000,855,14.6400000000,10,22026
1022600015,1611661332,1627700,5473,-0.8060000000,1849,-3.0640000000,3072,0.9430000000,154,-15.6200000000,398,1.9130000000,10,22026
1022600015,1611661332,1628279,6137,-0.2690000000,1249,4.3650000000,3837,-0.6740000000,272,14.3350000000,779,-10.8000000000,10,22026
1022600015,1611661328,1628882,2709,4.7820000000,299,-5.6790000000,2168,7.1540000000,29,-42.5410000000,213,1.7640000000,10,22026
1022600015,1611661332,1628915,1089,10.3030000000,27,4.0040000000,947,9.7770000000,0,0.0000000000,115,16.1180000000,10,22026
1022600015,1611661332,1629497,5765,5.3010000000,1716,0.0260000000,3312,7.2970000000,259,15.3580000000,478,4.9550000000,10,22026
1022600015,1611661328,1629567,3552,0.7060000000,1415,-1.4710000000,1679,3.6360000000,216,-10.6930000000,242,3.2830000000,10,22026
1022600015,1611661332,1629576,5611,-2.7840000000,470,-4.6330000000,4325,-5.1880000000,113,24.0350000000,703,8.9280000000,10,22026
1022600015,1611661332,1631055,5295,-6.3750000000,401,-15.0740000000,3127,-6.2840000000,165,-25.2980000000,1602,-2.4280000000,10,22026
1022600015,1611661332,1631118,456,1.4070000000,0,0.0000000000,414,1.0480000000,0,0.0000000000,42,4.9450000000,10,22026
1022600015,1611661328,1631141,4195,-3.6760000000,1527,-2.1980000000,2267,-5.9070000000,212,-3.0830000000,189,10.4830000000,10,22026
1022600015,1611661332,1631263,1622,0.0370000000,107,-7.2770000000,658,2.2730000000,10,-52.7800000000,847,-0.1520000000,10,22026
1022600015,1611661328,1641651,2674,0.9470000000,109,2.8240000000,2065,-1.2040000000,34,-23.2440000000,466,11.8020000000,10,22026
1022600015,1611661328,1641660,2531,1.4710000000,362,1.4010000000,1689,-0.7800000000,112,2.2020000000,368,11.6520000000,10,22026
1022600015,1611661328,1642307,845,6.1720000000,0,0.0000000000,616,6.3280000000,0,0.0000000000,229,5.7520000000,10,22026
1022600015,1611661328,1642798,4897,9.3680000000,454,-3.5840000000,2399,10.7540000000,260,-0.3730000000,1784,12.2200000000,10,22026
1022600015,1611661332,1643420,1144,-11.7160000000,70,-5.8830000000,753,-10.8960000000,0,0.0000000000,321,-14.9100000000,10,22026
1022600015,1611661328,1643428,4588,3.2720000000,469,-10.4090000000,3571,4.0470000000,136,-1.1020000000,412,13.5790000000,10,22026
1022600015,1611661332,1643445,4026,-0.0350000000,609,1.2580000000,2869,0.0440000000,120,-21.4980000000,428,3.6120000000,10,22026
1022600015,1611661328,1643453,1880,-1.9530000000,156,-5.9190000000,1359,-3.2710000000,91,-12.0550000000,274,10.1950000000,10,22026
1022600015,1611661332,1643457,1647,-8.2480000000,54,-16.1940000000,1161,-9.7500000000,8,82.7500000000,424,-4.8380000000,10,22026
1022600016,1611661319,203833,3549,5.8140000000,968,3.6300000000,2062,7.1480000000,243,1.4910000000,276,7.3150000000,10,22026
1022600016,1611661319,203855,2468,-1.9380000000,16,-6.7750000000,1919,0.1630000000,27,-60.3300000000,506,-6.6370000000,10,22026
1022600016,1611661319,204319,2886,-20.2700000000,257,-7.0490000000,2359,-22.8270000000,16,-37.0500000000,254,-8.8430000000,10,22026
1022600016,1611661319,204323,1921,2.5810000000,98,12.4310000000,734,4.8110000000,47,-25.1000000000,1042,1.3330000000,10,22026
1022600016,1611661319,1628932,2324,-0.4150000000,257,-6.4650000000,985,-3.2100000000,198,-4.9660000000,884,5.4770000000,10,22026
1022600016,1611661319,1629488,3607,-1.6680000000,484,7.4180000000,1904,-6.1160000000,119,-2.9920000000,1100,2.1770000000,10,22026
1022600016,1611661319,1629498,2432,2.4290000000,979,2.2770000000,995,2.1540000000,95,5.9070000000,363,2.6830000000,10,22026
1022600016,1611661323,1629568,4673,-11.1630000000,605,-16.8680000000,3169,-8.9480000000,180,-15.6600000000,719,-15.0010000000,10,22026
1022600016,1611661319,1630150,3559,1.2280000000,1109,-1.2660000000,1938,2.0080000000,172,0.0390000000,340,5.5170000000,10,22026
1022600016,1611661319,1630389,8,-100.0000000000,0,0.0000000000,0,0.0000000000,8,-100.0000000000,0,0.0000000000,10,22026
1022600016,1611661319,1631006,1201,0.9160000000,71,-7.7750000000,1061,0.8830000000,0,0.0000000000,69,10.3700000000,10,22026
1022600016,1611661319,1631019,2870,3.6630000000,142,-12.8480000000,796,7.1180000000,53,6.2660000000,1879,3.3730000000,10,22026
1022600016,1611661323,1631135,3909,-4.0280000000,188,-15.3680000000,1275,-9.1540000000,314,-20.8530000000,2132,2.5150000000,10,22026
1022600016,1611661323,1641649,3789,-2.6700000000,379,-17.1060000000,2814,0.9400000000,206,-25.8670000000,390,-2.4410000000,10,22026
1022600016,1611661323,1642800,3511,-12.9070000000,419,-15.2060000000,1822,-11.5350000000,260,-22.1050000000,1010,-12.0610000000,10,22026
1022600016,1611661323,1642809,5074,-19.3160000000,1093,-29.4510000000,3527,-12.3660000000,242,-64.1030000000,212,-31.5620000000,10,22026
1022600016,1611661323,1642817,3707,-10.2250000000,1122,-18.4510000000,2154,-1.6400000000,141,-57.9280000000,290,-18.9720000000,10,22026
1022600016,1611661323,1643429,2544,7.3040000000,179,-4.1720000000,1782,10.4300000000,42,-8.0000000000,541,1.9940000000,10,22026
1022600016,1611661323,1643441,2491,-22.7550000000,280,-3.6870000000,877,-22.7920000000,116,-8.4660000000,1218,-28.4720000000,10,22026
1022600016,1611661323,1643449,2718,0.8330000000,567,-12.0320000000,1655,7.0650000000,146,-34.9190000000,350,7.1180000000,10,22026
1022600017,1611661329,203400,5043,10.3980000000,1670,-1.1960000000,2910,19.0160000000,197,8.6200000000,266,-9.7750000000,10,22026
1022600017,1611661331,203866,4914,4.3450000000,60,20.5150000000,3837,2.9600000000,8,60.2120000000,1009,8.2050000000,10,22026
1022600017,1611661329,204322,2185,23.1540000000,208,79.5460000000,1038,22.7880000000,64,25.2360000000,875,10.0300000000,10,22026
1022600017,1611661331,204329,4749,-4.8740000000,350,3.5080000000,2216,-1.0390000000,73,-16.4920000000,2110,-9.8890000000,10,22026
1022600017,1611661329,204333,2858,-10.7950000000,820,-22.1640000000,1717,-7.3500000000,72,-7.0390000000,249,1.8020000000,10,22026
1022600017,1611661329,1627671,1841,-6.0810000000,153,-65.1800000000,1430,-0.5710000000,2,20.1000000000,256,-1.7420000000,10,22026
1022600017,1611661331,1628931,5419,2.8980000000,819,-4.9200000000,3679,9.6670000000,220,-14.8010000000,701,-17.9410000000,10,22026
1022600017,1611661331,1630097,3895,-6.0480000000,454,-10.9170000000,3004,-5.1480000000,14,-7.5290000000,423,-7.1670000000,10,22026
1022600017,1611661331,1631007,5686,-6.0890000000,2193,-10.1390000000,2728,-0.4010000000,448,-14.8630000000,317,-14.6330000000,10,22026
1022600017,1611661331,1641656,1778,-16.5270000000,279,-24.9430000000,648,-22.3870000000,80,-62.8370000000,771,-3.7510000000,10,22026
1022600017,1611661331,1641695,8,-95.9250000000,0,0.0000000000,0,0.0000000000,0,0.0000000000,8,-95.9250000000,10,22026
1022600017,1611661329,1642288,5482,4.9140000000,676,2.6460000000,3709,3.4330000000,395,16.9410000000,702,8.1580000000,10,22026
1022600017,1611661329,1642289,4170,12.8040000000,328,6.5650000000,2001,15.5240000000,183,13.3390000000,1658,10.6950000000,10,22026
1022600017,1611661329,1642292,4580,6.6100000000,687,6.2980000000,2936,8.5280000000,174,-17.0110000000,783,4.9450000000,10,22026
1022600017,1611661331,1642767,2717,-8.3540000000,186,-17.8500000000,1940,-12.7600000000,43,-76.5860000000,548,15.8210000000,10,22026
1022600017,1611661331,1642822,3493,-0.8780000000,1114,-5.3860000000,2028,3.3750000000,192,-8.9800000000,159,-13.7510000000,10,22026
1022600017,1611661329,1643447,4040,11.7880000000,272,31.4120000000,2851,11.7170000000,169,-18.1730000000,748,11.6890000000,10,22026
1022600018,1611661320,203014,4600,1.1070000000,455,-4.1780000000,2794,2.1090000000,141,-15.7060000000,1210,2.7410000000,10,22026
1022600018,1611661325,203024,2180,1.8640000000,312,1.3910000000,1324,-4.7630000000,54,1.0410000000,490,20.1610000000,10,22026
1022600018,1611661320,204324,4722,-3.9470000000,401,-5.8880000000,1889,-1.7890000000,187,-17.2610000000,2245,-4.3080000000,10,22026
1022600018,1611661320,204365,3449,0.1260000000,725,-5.9590000000,2494,2.5690000000,81,0.2270000000,149,-11.1980000000,10,22026
1022600018,1611661320,1628276,5573,3.2650000000,2048,-0.9040000000,2591,7.8050000000,439,-12.1140000000,495,10.3870000000,10,22026
1022600018,1611661320,1628878,2313,5.1240000000,265,-5.7270000000,1707,6.7580000000,63,-24.3840000000,278,12.1240000000,10,22026
1022600018,1611661325,1628881,5358,-2.7200000000,374,-3.9800000000,2874,-5.7990000000,136,4.8600000000,1974,1.4790000000,10,22026
1022600018,1611661325,1628899,2826,-5.0490000000,208,0.1460000000,1626,-9.3760000000,7,-94.1430000000,985,1.6290000000,10,22026
1022600018,1611661325,1628909,5580,6.4930000000,901,-2.2290000000,3528,6.8760000000,133,3.1540000000,1018,13.3220000000,10,22026
1022600018,1611661325,1629482,5403,3.6420000000,338,7.0550000000,4290,2.4180000000,64,16.5590000000,711,8.2360000000,10,22026
1022600018,1611661325,1630112,3428,-5.7750000000,1102,-9.0200000000,2115,-5.9380000000,39,-5.1770000000,172,16.8950000000,10,22026
1022600018,1611661320,1630996,4142,-2.5440000000,507,-1.8530000000,2586,-0.5290000000,403,-22.6740000000,646,1.4050000000,10,22026
1022600018,1611661325,1631086,2386,-7.0100000000,103,-20.2440000000,1988,-8.4080000000,0,0.0000000000,295,7.0310000000,10,22026
1022600018,1611661325,1641648,3820,6.8010000000,473,4.7320000000,1856,3.2660000000,252,15.5130000000,1239,11.1140000000,10,22026
1022600018,1611661325,1642286,6217,8.9990000000,2617,7.1700000000,2615,11.9980000000,577,-7.1000000000,408,24.2720000000,10,22026
1022600018,1611661320,1642287,2980,-1.9140000000,123,4.9460000000,1812,-2.4500000000,152,-21.1740000000,893,1.5060000000,10,22026
1022600018,1611661325,1642815,2103,-10.3270000000,32,-22.9280000000,1363,-13.3440000000,66,14.6950000000,642,-5.8660000000,10,22026
1022600018,1611661325,1643433,787,-12.3840000000,186,1.2470000000,537,-15.7680000000,30,-33.3170000000,34,-15.0530000000,10,22026
1022600018,1611661320,1643444,246,-6.0670000000,61,-1.2200000000,122,-1.2630000000,24,-64.8460000000,39,7.4950000000,10,22026
1022600018,1611661320,1643462,2682,1.9830000000,57,-22.6930000000,2439,2.0360000000,0,0.0000000000,186,8.8580000000,10,22026
1022600023,1611661320,203014,6087,4.9520000000,436,4.5390000000,3343,-0.7570000000,196,26.4730000000,2112,12.0770000000,10,22026
1022600023,1611661320,204324,5311,4.2510000000,421,4.2270000000,2614,3.5930000000,224,-16.4810000000,2052,7.3560000000,10,22026
1022600023,1611661320,204365,6210,-4.5830000000,1806,-3.1430000000,3832,-6.1120000000,114,-15.0320000000,458,5.1350000000,10,22026
1022600023,1611661332,1627700,3706,-5.6860000000,1432,-7.6700000000,2030,-5.6880000000,150,8.0250000000,94,2.6890000000,10,22026
1022600023,1611661320,1628276,5792,5.1200000000,2219,4.8410000000,2585,5.4080000000,309,-3.0760000000,679,8.6680000000,10,22026
1022600023,1611661332,1628279,6337,0.8660000000,1820,-3.5220000000,3412,3.0960000000,328,-15.5510000000,777,8.2850000000,10,22026
1022600023,1611661332,1628915,1661,11.2640000000,166,8.7470000000,1301,13.0630000000,21,-15.0710000000,173,3.3500000000,10,22026
1022600023,1611661332,1629497,3288,10.7720000000,433,10.9550000000,2084,9.2840000000,122,25.1340000000,649,12.7300000000,10,22026
1022600023,1611661332,1629576,3968,-1.4550000000,288,-8.0530000000,3146,-2.9420000000,62,-24.4850000000,472,15.5070000000,10,22026
1022600023,1611661320,1630996,6261,-1.9180000000,662,-4.6380000000,4813,-2.2900000000,141,-9.7450000000,645,5.3570000000,10,22026
1022600023,1611661332,1631055,4689,1.1560000000,370,1.2170000000,2426,1.7510000000,173,-27.3160000000,1720,3.1680000000,10,22026
1022600023,1611661332,1631118,972,15.1250000000,130,25.9320000000,706,11.1230000000,48,28.3500000000,88,24.0490000000,10,22026
1022600023,1611661332,1631263,765,-0.3460000000,71,-18.9680000000,453,-5.4960000000,16,12.1810000000,225,15.0080000000,10,22026
1022600023,1611661320,1642287,2599,5.0590000000,183,8.1210000000,1558,1.1090000000,89,0.1760000000,769,12.8970000000,10,22026
1022600023,1611661320,1642324,1105,-3.4970000000,68,0.9040000000,921,-2.5550000000,28,-39.7000000000,88,-5.2400000000,10,22026
1022600023,1611661332,1643420,4214,-4.1630000000,205,-9.9200000000,2635,-4.8770000000,316,-6.7760000000,1058,-0.4900000000,10,22026
1022600023,1611661320,1643444,29,99.5140000000,0,0.0000000000,29,99.5140000000,0,0.0000000000,0,0.0000000000,10,22026
1022600023,1611661332,1643445,3479,-3.2730000000,705,-11.6430000000,2330,-2.8380000000,134,4.8550000000,310,8.9760000000,10,22026
1022600023,1611661332,1643457,1864,3.1080000000,19,-35.6790000000,1086,1.2200000000,0,0.0000000000,759,6.7810000000,10,22026
1022600023,1611661320,1643462,1388,8.0390000000,69,11.5380000000,1075,6.6780000000,1,35.7000000000,243,12.9510000000,10,22026
1022600024,1611661317,201886,6371,2.2100000000,237,-7.5540000000,5011,2.6770000000,132,-22.0340000000,991,5.4130000000,10,22026
1022600024,1611661329,203400,2719,2.2140000000,606,-6.4890000000,1788,6.1780000000,90,-5.5530000000,235,-2.5240000000,10,22026
1022600024,1611661317,203826,6247,-6.1580000000,1878,-10.3310000000,2494,-2.8170000000,670,-15.8560000000,1205,-1.1730000000,10,22026
1022600024,1611661329,204322,3488,-2.4270000000,305,-6.1100000000,1525,-5.8210000000,112,-19.3340000000,1546,2.8720000000,10,22026
1022600024,1611661329,204333,3892,-3.6020000000,895,-16.0370000000,2308,0.7320000000,171,-8.0680000000,518,0.0520000000,10,22026
1022600024,1611661317,204468,2576,-2.0350000000,409,-19.4610000000,1664,-0.8190000000,104,-3.1640000000,399,11.0500000000,10,22026
1022600024,1611661329,1627671,2850,12.6360000000,212,-1.2690000000,2334,12.8850000000,28,7.3890000000,276,21.7420000000,10,22026
1022600024,1611661317,1627674,6648,13.5390000000,737,1.0340000000,4546,17.3720000000,338,-8.6920000000,1027,12.8620000000,10,22026
1022600024,1611661317,1630442,6019,-11.2760000000,409,-9.3160000000,2817,-14.8100000000,202,-16.3830000000,2591,-7.3440000000,10,22026
1022600024,1611661317,1630461,95,-10.1830000000,31,-23.2190000000,64,-3.8690000000,0,0.0000000000,0,0.0000000000,10,22026
1022600024,1611661317,1630993,87,-6.5760000000,0,0.0000000000,87,-6.5760000000,0,0.0000000000,0,0.0000000000,10,22026
1022600024,1611661329,1642288,6458,1.3520000000,1493,-8.4580000000,3694,4.9640000000,576,-7.6020000000,695,10.6520000000,10,22026
1022600024,1611661329,1642289,3723,-3.8510000000,320,-16.0470000000,1400,-6.2890000000,186,-17.7840000000,1817,1.6010000000,10,22026
1022600024,1611661329,1642292,4782,0.6010000000,831,-6.8300000000,3625,2.9070000000,134,-21.2670000000,192,4.4930000000,10,22026
1022600024,1611661329,1642321,266,3.5250000000,77,-21.4790000000,131,13.0320000000,0,0.0000000000,58,15.2480000000,10,22026
1022600024,1611661317,1642768,1485,-11.9180000000,218,0.0360000000,805,-17.8510000000,11,14.0820000000,451,-7.7420000000,10,22026
1022600024,1611661329,1642786,2108,-4.2010000000,177,-10.0060000000,1464,-3.0190000000,56,-28.4320000000,411,-2.6090000000,10,22026
1022600024,1611661329,1643447,4957,-0.4360000000,587,-12.1610000000,3208,-0.1640000000,188,-0.9100000000,974,5.8260000000,10,22026
1022600024,1611661317,1643493,3842,3.8600000000,536,-5.3430000000,2803,5.2200000000,26,-20.0460000000,477,7.5090000000,10,22026
1022600024,1611661317,1643505,5736,6.5520000000,1550,-4.5660000000,3231,14.0520000000,339,-8.4750000000,616,3.4550000000,10,22026
1022600025,1611661324,203825,6511,9.2790000000,725,0.9950000000,4612,11.9030000000,221,-16.1700000000,953,8.7830000000,10,22026
1022600025,1611661324,203827,4779,-13.0130000000,678,-19.1680000000,2133,-14.1750000000,393,-20.9570000000,1575,-6.8070000000,10,22026
1022600025,1611661329,204322,2644,0.5340000000,144,-11.7730000000,1281,-4.2920000000,88,-15.6520000000,1131,8.8270000000,10,22026
1022600025,1611661329,204333,5549,-2.4250000000,2322,0.7590000000,2623,-4.0070000000,246,-2.8670000000,358,-11.1870000000,10,22026
1022600025,1611661329,1627671,4641,4.5050000000,722,9.2580000000,3625,2.7200000000,37,-11.7890000000,257,18.6610000000,10,22026
1022600025,1611661324,1627675,5255,-2.0240000000,1196,-7.7630000000,3610,0.0560000000,146,-20.5010000000,303,4.7480000000,10,22026
1022600025,1611661324,1628269,4130,0.3770000000,261,-23.5430000000,2803,1.3650000000,67,-16.7060000000,999,4.9980000000,10,22026
1022600025,1611661324,1629581,1769,-2.4160000000,229,2.1250000000,602,-3.4890000000,78,-25.1120000000,860,-0.8160000000,10,22026
1022600025,1611661324,1630471,2378,-4.9090000000,184,-7.8620000000,1824,-3.4530000000,58,-25.1670000000,312,-7.9150000000,10,22026
1022600025,1611661329,1642288,2123,3.7850000000,504,7.2750000000,1278,0.9810000000,159,6.2900000000,182,11.6240000000,10,22026
1022600025,1611661329,1642289,4746,6.0470000000,251,9.4000000000,1869,0.2970000000,225,22.5870000000,2401,8.6230000000,10,22026
1022600025,1611661329,1642292,5900,3.1480000000,1084,5.2230000000,4174,1.4450000000,185,10.5750000000,457,10.7810000000,10,22026
1022600025,1611661329,1642321,1438,-5.8790000000,103,-0.2980000000,1149,-6.8620000000,12,6.4420000000,174,-3.5390000000,10,22026
1022600025,1611661329,1642786,3642,-2.4740000000,214,-2.3550000000,2751,-3.5400000000,139,0.0450000000,538,2.2780000000,10,22026
1022600025,1611661324,1642797,865,2.2000000000,24,19.3420000000,528,-1.4460000000,9,-94.5220000000,304,10.0430000000,10,22026
1022600025,1611661324,1643426,5742,-2.1140000000,1718,-9.0370000000,3466,3.8250000000,411,-25.6220000000,147,4.4900000000,10,22026
1022600025,1611661329,1643447,5651,3.7920000000,566,8.7430000000,3927,0.6980000000,293,6.5250000000,865,13.6740000000,10,22026
1022600025,1611661324,1643489,828,1.0700000000,30,-22.5070000000,515,4.2660000000,18,-19.1610000000,265,-1.0980000000,10,22026
1022600025,1611661324,1643490,329,-7.0660000000,54,-14.0070000000,275,-5.7030000000,0,0.0000000000,0,0.0000000000,10,22026
1022600026,1611661319,203833,5491,-3.1980000000,1518,-9.7900000000,3107,-1.6360000000,286,-6.1350000000,580,7.1370000000,10,22026
1022600026,1611661319,203855,3107,-3.9090000000,115,1.9230000000,2584,-4.7800000000,20,-15.8200000000,388,0.7710000000,10,22026
1022600026,1611661319,204319,5219,11.6080000000,189,-0.1150000000,3862,12.6290000000,32,-28.7130000000,1136,11.2240000000,10,22026
1022600026,1611661319,204323,1576,-10.3290000000,161,-9.2920000000,715,-11.6360000000,48,-35.4020000000,652,-7.3060000000,10,22026
1022600026,1611661330,1628277,6062,7.8810000000,1026,-10.0120000000,3858,10.8640000000,349,-6.6970000000,829,22.2760000000,10,22026
1022600026,1611661330,1628886,5254,-5.2510000000,1527,-12.0430000000,2889,0.2070000000,466,-17.7990000000,372,-4.0310000000,10,22026
1022600026,1611661319,1628932,5353,-2.4650000000,860,-12.0610000000,2587,-0.5680000000,440,-6.3900000000,1466,0.9960000000,10,22026
1022600026,1611661319,1629488,1047,-6.7190000000,14,-4.6500000000,385,-10.2880000000,27,-10.9810000000,621,-4.3680000000,10,22026
1022600026,1611661319,1629498,5743,8.5890000000,1053,-4.2780000000,3999,11.9430000000,179,-13.5130000000,512,16.5820000000,10,22026
1022600026,1611661330,1629539,112,-25.0950000000,0,0.0000000000,112,-25.0950000000,0,0.0000000000,0,0.0000000000,10,22026
1022600026,1611661319,1630150,3191,-7.3080000000,1413,-12.8100000000,1062,-2.3410000000,315,-8.6690000000,401,-0.0080000000,10,22026
1022600026,1611661319,1631019,3187,-4.7800000000,83,-26.9280000000,912,-14.0550000000,37,-34.1510000000,2155,0.5020000000,10,22026
1022600026,1611661330,1631021,413,-8.4090000000,12,-49.5830000000,387,-8.4000000000,0,0.0000000000,14,26.6500000000,10,22026
1022600026,1611661330,1631044,4992,-3.5940000000,311,-14.5950000000,3439,-4.0990000000,129,-21.5950000000,1113,3.1280000000,10,22026
1022600026,1611661330,1642291,4670,-2.4390000000,165,-15.6130000000,1824,-3.2290000000,192,-31.8180000000,2489,1.2790000000,10,22026
1022600026,1611661330,1642302,564,-0.8950000000,55,-16.7930000000,398,3.4490000000,31,-35.6650000000,80,1.8980000000,10,22026
1022600026,1611661330,1642801,220,12.2030000000,30,6.5200000000,151,14.1380000000,21,8.8190000000,18,9.3890000000,10,22026
1022600026,1611661330,1642804,5837,3.1850000000,1105,-13.5090000000,3950,8.3560000000,350,-19.7450000000,432,17.1800000000,10,22026
1022600026,1611661330,1643431,2432,-2.9710000000,167,-25.9430000000,1085,-3.3160000000,236,-18.7520000000,944,5.4340000000,10,22026
1022600026,1611661319,1643434,150,-27.4120000000,0,0.0000000000,39,-0.8820000000,2,-71.9000000000,109,-36.0880000000,10,22026
1022600026,1611661330,1643469,1625,-2.0220000000,191,-2.9370000000,1226,-2.6970000000,78,-12.7500000000,130,12.1250000000,10,22026
1022600027,1611661325,203024,1072,-13.6960000000,39,-11.0330000000,478,-22.1800000000,3,-25.2670000000,552,-6.4750000000,10,22026
1022600027,1611661328,203828,5253,5.5180000000,434,4.9050000000,3188,6.9060000000,134,-12.4430000000,1497,4.3470000000,10,22026
1022600027,1611661325,1628278,759,11.8620000000,98,10.2900000000,609,14.4330000000,38,-9.1760000000,14,-31.8860000000,10,22026
1022600027,1611661325,1628881,2942,0.1620000000,123,-3.8200000000,1509,0.4840000000,106,-13.3190000000,1204,1.3530000000,10,22026
1022600027,1611661328,1628882,3337,-2.2190000000,273,-2.5120000000,2506,-0.3000000000,81,-1.6540000000,477,-12.2240000000,10,22026
1022600027,1611661325,1628899,4393,-13.0110000000,578,-23.1960000000,2017,-16.7490000000,148,-23.2510000000,1650,-3.9550000000,10,22026
1022600027,1611661325,1628909,3604,3.0710000000,632,-13.8720000000,2034,7.6310000000,205,-10.0520000000,733,8.6980000000,10,22026
1022600027,1611661325,1629482,3846,5.3340000000,503,1.2720000000,2887,5.6190000000,53,-14.5830000000,403,10.9780000000,10,22026
1022600027,1611661328,1629567,5157,1.8770000000,1350,-2.4970000000,3180,7.4890000000,267,-38.1490000000,360,-1.6090000000,10,22026
1022600027,1611661325,1630112,2498,-1.7860000000,1076,-7.6080000000,1145,-0.3700000000,57,43.1020000000,220,7.6930000000,10,22026
1022600027,1611661325,1631086,3149,0.2790000000,165,-6.3710000000,2479,0.3610000000,95,-5.8130000000,410,3.8720000000,10,22026
1022600027,1611661328,1631141,5060,-3.3950000000,1849,-4.7110000000,2864,-0.8170000000,154,-20.1380000000,193,-15.6890000000,10,22026
1022600027,1611661328,1641651,3206,-13.3570000000,118,-11.9780000000,2378,-15.0140000000,145,-20.1020000000,565,-4.9390000000,10,22026
1022600027,1611661328,1641660,3300,0.0810000000,235,-1.6240000000,2372,0.4410000000,268,-11.4100000000,425,6.2580000000,10,22026
1022600027,1611661325,1642286,3739,3.4000000000,1625,6.0110000000,1476,1.0240000000,333,-6.4400000000,305,11.7290000000,10,22026
1022600027,1611661328,1642307,1671,-12.3270000000,43,-3.0980000000,961,-13.7430000000,102,-11.6300000000,565,-10.7440000000,10,22026
1022600027,1611661325,1642815,2601,-2.4010000000,93,-9.6470000000,803,-6.7190000000,169,-2.8310000000,1536,0.3430000000,10,22026
1022600027,1611661328,1643428,3811,2.9040000000,722,-7.8030000000,2442,7.7650000000,258,-19.6710000000,389,7.2350000000,10,22026
1022600027,1611661325,1643433,2931,1.0280000000,225,-0.1750000000,2463,0.6960000000,13,10.6850000000,230,5.2160000000,10,22026
1022600027,1611661328,1643453,3517,-0.3410000000,260,-6.0680000000,2694,1.4010000000,171,-13.3490000000,392,-2.8420000000,10,22026
1022600027,1611661325,1643495,140,-5.7810000000,0,0.0000000000,140,-5.7810000000,0,0.0000000000,0,0.0000000000,10,22026
1022600028,1611661320,203014,5362,5.8980000000,521,-5.3280000000,2617,1.9940000000,217,-5.2990000000,2007,15.1150000000,10,22026
1022600028,1611661320,204324,4940,2.3000000000,446,-4.9970000000,2447,-2.2700000000,136,-1.0560000000,1911,10.0930000000,10,22026
1022600028,1611661320,204365,4997,-5.2630000000,1852,-7.6190000000,2870,-3.8430000000,107,-13.7140000000,168,1.8350000000,10,22026
1022600028,1611661320,1628276,6347,5.7330000000,2166,2.2130000000,3135,6.9350000000,377,8.9250000000,669,9.7000000000,10,22026
1022600028,1611661332,1628279,7647,3.4010000000,2597,1.2210000000,3842,2.1150000000,545,13.0510000000,663,11.4650000000,10,22026
1022600028,1611661332,1628915,2192,6.9110000000,237,1.6150000000,1739,5.5990000000,28,-12.6640000000,188,28.6340000000,10,22026
1022600028,1611661332,1629497,5459,10.3140000000,987,12.3390000000,3448,8.5550000000,199,3.3440000000,825,16.9240000000,10,22026
1022600028,1611661332,1629576,4732,-4.9900000000,407,-1.4160000000,3666,-6.0750000000,120,-5.4550000000,539,-0.2070000000,10,22026
1022600028,1611661320,1630148,1316,-0.5420000000,78,-15.1360000000,1042,0.2450000000,15,-8.9330000000,181,1.9100000000,10,22026
1022600028,1611661320,1630996,3328,-0.7200000000,356,-6.4970000000,2609,-0.0260000000,120,-18.3200000000,243,8.9860000000,10,22026
1022600028,1611661332,1631055,3821,0.4710000000,384,-2.5860000000,2001,-3.6060000000,174,12.2970000000,1262,6.2350000000,10,22026
1022600028,1611661332,1631118,836,6.5580000000,73,14.6000000000,652,2.4160000000,35,38.1430000000,76,19.8200000000,10,22026
1022600028,1611661320,1642287,3334,5.5750000000,197,-0.6170000000,2080,1.6160000000,52,2.5870000000,1005,15.1380000000,10,22026
1022600028,1611661320,1642324,3024,4.3400000000,62,7.7420000000,2698,4.3550000000,13,25.3150000000,251,2.2520000000,10,22026
1022600028,1611661332,1643420,4222,-1.7780000000,176,-10.7060000000,2733,-4.7800000000,137,-2.3730000000,1176,6.6040000000,10,22026
1022600028,1611661332,1643445,7214,0.2340000000,1460,-0.7300000000,4770,-0.5060000000,264,-8.2330000000,720,10.1960000000,10,22026
1022600028,1611661332,1643457,4071,-7.3580000000,168,-8.4670000000,2425,-13.4720000000,59,7.2860000000,1419,2.6110000000,10,22026
1022600028,1611661320,1643462,1786,-3.7210000000,100,-17.0420000000,1312,-3.8800000000,58,-14.0000000000,316,3.0430000000,10,22026
1022600029,1611661321,202252,1239,19.0770000000,57,-28.8180000000,1042,21.8580000000,13,-3.3080000000,127,20.0510000000,10,22026
1022600029,1611661321,203824,1859,1.1720000000,800,-7.2860000000,774,6.7500000000,77,46.8860000000,208,-3.9750000000,10,22026
1022600029,1611661321,1629481,5194,8.1960000000,720,-6.2000000000,3726,11.6050000000,77,4.6640000000,671,5.1220000000,10,22026
1022600029,1611661321,1629491,4386,-17.3550000000,457,-27.3810000000,1892,-21.2480000000,346,-21.6700000000,1691,-9.4080000000,10,22026
1022600029,1611661321,1629501,1246,-14.4930000000,81,-27.4470000000,875,-18.3640000000,65,-30.6180000000,225,9.8840000000,10,22026
1022600029,1611661321,1629574,566,-19.8670000000,12,-61.6830000000,194,-22.9210000000,20,-67.8550000000,340,-13.8250000000,10,22026
1022600029,1611661321,1630386,3192,-9.9180000000,144,-28.2180000000,2079,-10.8140000000,23,-30.9390000000,946,-4.6530000000,10,22026
1022600029,1611661322,1630446,21,74.5480000000,0,0.0000000000,0,0.0000000000,0,0.0000000000,21,74.5480000000,10,22026
1022600029,1611661322,1631022,4494,-2.4180000000,233,-19.0630000000,2212,-1.9320000000,559,-13.8780000000,1490,3.7630000000,10,22026
1022600029,1611661321,1641652,3387,-6.3120000000,160,-20.5390000000,1883,-8.1900000000,109,-29.7630000000,1235,0.4660000000,10,22026
1022600029,1611661322,1642775,1413,7.1480000000,189,-12.7070000000,1016,10.5550000000,13,6.4230000000,195,8.6890000000,10,22026
1022600029,1611661322,1642781,4435,-8.4510000000,1787,-13.4460000000,2104,-0.4050000000,304,-28.3560000000,240,-16.5850000000,10,22026
1022600029,1611661321,1642784,5351,2.9100000000,1700,-5.2750000000,2829,5.8280000000,281,5.0380000000,541,12.2670000000,10,22026
1022600029,1611661322,1642785,4442,6.1580000000,796,2.4690000000,3131,6.8260000000,140,-1.8520000000,375,11.4010000000,10,22026
1022600029,1611661322,1642792,4643,-0.9980000000,164,15.5370000000,2366,-6.2530000000,188,-2.2870000000,1925,4.1790000000,10,22026
1022600029,1611661321,1642793,1167,-0.0680000000,376,-9.1010000000,433,16.7180000000,109,-27.9150000000,249,-3.4260000000,10,22026
1022600029,1611661322,1642802,1809,0.2000000000,485,-12.4520000000,1131,6.9420000000,66,-10.1330000000,127,-6.1540000000,10,22026
1022600029,1611661321,1643425,3936,8.6430000000,524,2.4770000000,2519,10.5820000000,168,-13.8070000000,725,11.5630000000,10,22026
1022600029,1611661322,1643427,2223,1.1850000000,4,100.0000000000,388,3.1540000000,181,-14.9980000000,1650,2.2570000000,10,22026
1022600029,1611661322,1643430,3737,0.7620000000,565,-0.7720000000,2761,1.5710000000,157,-8.6430000000,254,1.1920000000,10,22026
1022600029,1611661322,1643440,114,50.9140000000,49,69.4880000000,65,36.9120000000,0,0.0000000000,0,0.0000000000,10,22026
1022600029,1611661322,1643450,699,-13.2310000000,251,-19.6450000000,338,-14.1860000000,39,-8.2030000000,71,11.2250000000,10,22026
1022600029,1611661322,1643455,1886,3.6220000000,210,-5.8720000000,1171,1.3530000000,10,7.2900000000,495,12.9440000000,10,22026
1022600029,1611661322,1643467,4084,-1.1920000000,384,-12.6770000000,3103,2.0590000000,67,-28.7910000000,530,-8.4180000000,10,22026
1022600029,1611661322,1643644,149,8.3550000000,0,0.0000000000,99,15.9590000000,0,0.0000000000,50,-6.7000000000,10,22026
1022600030,1611661323,203398,5050,8.3260000000,470,10.4940000000,1318,2.0400000000,221,29.2670000000,3041,9.1930000000,10,22026
1022600030,1611661327,1629484,1432,-2.6840000000,12,-8.7420000000,775,-3.1230000000,16,-35.5250000000,629,-1.1910000000,10,22026
1022600030,1611661327,1629524,5366,10.0900000000,735,6.2220000000,3077,7.5010000000,248,16.3940000000,1306,17.1700000000,10,22026
1022600030,1611661323,1629568,3413,-8.8310000000,196,-14.5590000000,2661,-12.1050000000,45,18.8960000000,511,7.9760000000,10,22026
1022600030,1611661327,1630134,4607,-4.5250000000,2013,-2.1650000000,1890,-6.8990000000,210,-14.0800000000,494,-0.9960000000,10,22026
1022600030,1611661327,1630143,3810,1.4760000000,229,-6.9070000000,2545,-0.8740000000,59,-1.0100000000,977,9.7150000000,10,22026
1022600030,1611661327,1631083,4615,-0.9880000000,234,-7.5360000000,2750,-3.1070000000,113,-18.8870000000,1518,5.1930000000,10,22026
1022600030,1611661323,1641649,1625,-4.2110000000,141,-26.2830000000,1123,-2.4400000000,57,4.9820000000,304,-2.2400000000,10,22026
1022600030,1611661327,1641650,2470,-3.2640000000,51,-2.1080000000,1496,-3.8250000000,62,-33.2530000000,861,-0.1970000000,10,22026
1022600030,1611661327,1641683,3050,-3.8280000000,1552,0.1980000000,1388,-7.5880000000,83,-21.0640000000,27,10.9700000000,10,22026
1022600030,1611661323,1642290,2375,-0.6060000000,201,1.2400000000,789,-0.6410000000,196,-12.9330000000,1189,1.1370000000,10,22026
1022600030,1611661327,1642296,2913,-9.0840000000,104,3.2440000000,2036,-13.6570000000,33,-5.1640000000,740,1.5920000000,10,22026
1022600030,1611661327,1642782,3659,5.1460000000,652,2.5350000000,2086,3.4100000000,272,7.3840000000,649,12.4140000000,10,22026
1022600030,1611661323,1642800,6225,4.2390000000,513,5.5310000000,2877,5.9300000000,162,13.4380000000,2673,1.6130000000,10,22026
1022600030,1611661323,1642809,5401,-2.7140000000,1481,-1.1100000000,3437,-4.6770000000,130,-0.4640000000,353,8.8410000000,10,22026
1022600030,1611661323,1642817,4266,5.3570000000,1685,6.0770000000,2060,1.5170000000,91,-8.3870000000,430,23.8440000000,10,22026
1022600030,1611661323,1643429,1009,-7.1750000000,235,0.2750000000,503,-10.0050000000,110,-40.5170000000,161,13.5740000000,10,22026
1022600030,1611661327,1643436,2308,5.3230000000,92,6.6380000000,712,4.7070000000,101,-19.6780000000,1403,7.3490000000,10,22026
1022600030,1611661323,1643441,6,84.8500000000,0,0.0000000000,6,84.8500000000,0,0.0000000000,0,0.0000000000,10,22026
1022600030,1611661323,1643448,217,-15.0400000000,14,-14.5140000000,161,-20.0760000000,0,0.0000000000,42,4.0880000000,10,22026
1022600030,1611661323,1643449,4860,4.9230000000,843,19.6630000000,3263,1.3790000000,108,10.0570000000,646,2.7310000000,10,22026
1022600031,1611661317,201886,5258,0.7610000000,403,-11.1870000000,4080,0.6780000000,128,-8.1910000000,647,10.4970000000,10,22026
1022600031,1611661317,203826,5578,6.5630000000,1279,1.7920000000,2089,7.9550000000,531,8.7540000000,1679,7.7720000000,10,22026
1022600031,1611661317,204468,1726,3.8440000000,89,18.3060000000,935,-1.9370000000,19,12.7160000000,683,9.6270000000,10,22026
1022600031,1611661317,1627674,6146,2.8450000000,1294,-2.2230000000,3765,3.2830000000,327,-2.3700000000,760,11.5530000000,10,22026
1022600031,1611661332,1628279,6797,4.2120000000,2023,-3.4240000000,3567,8.1060000000,453,8.4090000000,754,3.7580000000,10,22026
1022600031,1611661332,1628915,2801,1.9100000000,146,-6.3240000000,2186,1.7760000000,68,-32.0210000000,401,11.3920000000,10,22026
1022600031,1611661332,1629497,6185,9.2780000000,2039,7.1010000000,3536,9.4280000000,154,2.6910000000,456,20.0760000000,10,22026
1022600031,1611661332,1629576,6489,-3.3210000000,331,-4.4470000000,5058,-3.6750000000,45,-5.4240000000,1055,-1.1790000000,10,22026
1022600031,1611661317,1630442,3285,-4.7560000000,126,-4.1990000000,1394,-6.0570000000,110,-48.9430000000,1655,-0.7650000000,10,22026
1022600031,1611661317,1630461,1603,-12.1120000000,309,-15.7390000000,989,-8.8950000000,55,-25.6780000000,250,-17.3680000000,10,22026
1022600031,1611661332,1631118,1595,0.9030000000,169,1.6390000000,1234,2.0530000000,81,-29.1880000000,111,8.9450000000,10,22026
1022600031,1611661332,1631263,1752,4.1350000000,132,9.2230000000,779,2.6120000000,43,-6.5670000000,798,5.3570000000,10,22026
1022600031,1611661317,1642768,549,8.0490000000,73,22.6680000000,413,9.8230000000,0,0.0000000000,63,-20.5190000000,10,22026
1022600031,1611661332,1643420,4204,-2.1400000000,379,-5.2580000000,2638,-6.0110000000,84,-6.5290000000,1103,8.5250000000,10,22026
1022600031,1611661332,1643445,6325,-0.6430000000,1206,-5.8040000000,4260,-0.0330000000,160,-14.7220000000,699,7.7690000000,10,22026
1022600031,1611661332,1643457,1917,-11.0390000000,98,-30.0810000000,1145,-11.2540000000,2,-44.1500000000,672,-7.7960000000,10,22026
1022600031,1611661317,1643487,162,17.4630000000,24,16.4210000000,128,19.0980000000,10,-0.9700000000,0,0.0000000000,10,22026
1022600031,1611661317,1643493,4439,-1.8380000000,261,-23.6790000000,3650,-0.2660000000,55,-18.2310000000,473,-0.0120000000,10,22026
1022600031,1611661317,1643505,5388,1.2740000000,1531,-3.9330000000,3221,5.3600000000,210,-27.3280000000,426,3.1910000000,10,22026
1022600032,1611661325,1628881,1230,8.7780000000,24,3.4250000000,563,3.7910000000,36,3.6060000000,607,13.9230000000,10,22026
1022600032,1611661325,1628899,1448,-1.9300000000,353,-12.3950000000,694,1.5150000000,115,-24.6090000000,286,11.7480000000,10,22026
1022600032,1611661325,1628909,2372,12.5820000000,447,11.7170000000,1564,11.5440000000,108,15.7980000000,253,19.1530000000,10,22026
1022600032,1611661325,1629482,1308,6.9280000000,61,12.5570000000,1021,5.7130000000,43,5.7350000000,183,12.1160000000,10,22026
1022600032,1611661327,1629484,1365,0.2570000000,6,-8.6670000000,794,-1.7150000000,0,0.0000000000,565,3.1240000000,10,22026
1022600032,1611661327,1629524,3278,3.5140000000,813,-3.2740000000,1829,7.5310000000,181,-24.4480000000,455,10.6150000000,10,22026
1022600032,1611661325,1630112,1741,-3.3660000000,676,-10.5780000000,980,0.1340000000,10,-7.9500000000,75,16.5170000000,10,22026
1022600032,1611661327,1630134,1952,0.3770000000,1081,-3.9730000000,802,7.2440000000,48,-32.4770000000,21,37.1050000000,10,22026
1022600032,1611661327,1630143,2419,1.5370000000,81,-20.9410000000,1603,2.4190000000,28,-15.6930000000,707,2.7930000000,10,22026
1022600032,1611661327,1631083,2561,1.1850000000,252,-4.6340000000,1530,0.7560000000,37,-41.7240000000,742,6.1850000000,10,22026
1022600032,1611661325,1631086,1324,5.1310000000,76,35.0170000000,1085,1.1550000000,21,7.1140000000,142,19.2180000000,10,22026
1022600032,1611661325,1641648,1226,0.9770000000,297,7.9480000000,453,3.6730000000,76,-4.5420000000,400,-6.2040000000,10,22026
1022600032,1611661327,1641650,891,2.2670000000,169,-1.8040000000,713,3.0880000000,9,13.6330000000,0,0.0000000000,10,22026
1022600032,1611661327,1641683,10,-43.1000000000,0,0.0000000000,0,0.0000000000,0,0.0000000000,10,-43.1000000000,10,22026
1022600032,1611661327,1642296,1817,7.2440000000,0,0.0000000000,1566,7.5610000000,0,0.0000000000,251,5.2690000000,10,22026
1022600032,1611661327,1642304,1732,2.8340000000,562,0.4430000000,912,8.8090000000,103,-28.1650000000,155,-3.0580000000,10,22026
1022600032,1611661327,1642782,2124,4.0060000000,263,-4.6790000000,1435,8.3710000000,92,-33.2390000000,334,2.3490000000,10,22026
1022600032,1611661325,1642815,1139,-6.2410000000,0,0.0000000000,416,-6.3600000000,27,26.2930000000,696,-7.4330000000,10,22026
1022600032,1611661325,1643433,1011,-0.7940000000,143,3.6420000000,626,-1.8560000000,49,-20.0040000000,193,4.2380000000,10,22026
1022600032,1611661327,1643436,961,7.6610000000,43,-2.8490000000,457,13.3650000000,8,-0.6370000000,453,3.0500000000,10,22026
1022600033,1611661329,203400,5414,-0.4740000000,1217,-9.2210000000,3484,3.5010000000,335,-6.7630000000,378,-3.3780000000,10,22026
1022600033,1611661321,203824,3318,-9.1670000000,883,-12.1840000000,1904,-1.6070000000,104,-43.5200000000,427,-28.2680000000,10,22026
1022600033,1611661329,204322,555,0.5370000000,47,-16.7550000000,485,2.7760000000,14,-27.7430000000,9,14.1780000000,10,22026
1022600033,1611661329,204333,5874,-5.3760000000,1857,-15.4210000000,3365,1.2080000000,301,-20.3340000000,351,-2.5210000000,10,22026
1022600033,1611661329,1627671,2794,8.9690000000,381,10.4430000000,2196,7.7690000000,23,3.0910000000,194,20.3660000000,10,22026
1022600033,1611661321,1629481,6171,2.7680000000,1119,-4.5650000000,3833,4.2870000000,297,-11.9790000000,922,10.1050000000,10,22026
1022600033,1611661321,1629491,6144,-11.3990000000,702,-15.8970000000,2481,-13.2700000000,460,-32.7320000000,2501,-4.3570000000,10,22026
1022600033,1611661321,1629501,2746,-3.6830000000,90,-5.8820000000,1516,-7.3670000000,10,-12.2200000000,1130,1.5110000000,10,22026
1022600033,1611661321,1629574,4035,-8.6860000000,329,-14.4780000000,2128,-11.8150000000,98,-2.7820000000,1480,-3.2910000000,10,22026
1022600033,1611661329,1630096,2996,4.5320000000,154,-18.4660000000,1326,-0.8200000000,88,19.0100000000,1428,11.0900000000,10,22026
1022600033,1611661321,1630386,748,-18.0920000000,28,-46.7860000000,274,-28.1480000000,5,-32.8800000000,441,-9.8540000000,10,22026
1022600033,1611661321,1641652,1191,2.9480000000,66,-12.4450000000,500,1.5850000000,0,0.0000000000,625,5.6650000000,10,22026
1022600033,1611661329,1642288,331,0.7760000000,39,-6.4460000000,268,0.3700000000,0,0.0000000000,24,17.0460000000,10,22026
1022600033,1611661329,1642289,5159,3.6790000000,235,-9.2060000000,1918,-1.9510000000,273,-0.9440000000,2733,9.2010000000,10,22026
1022600033,1611661329,1642292,3766,2.9290000000,663,-10.7150000000,2595,7.5760000000,175,-16.3100000000,333,4.0000000000,10,22026
1022600033,1611661321,1642784,6622,3.3310000000,2159,-2.7880000000,3237,8.7430000000,306,-0.2080000000,920,-0.1690000000,10,22026
1022600033,1611661329,1642786,2343,3.0600000000,207,-11.2000000000,1702,2.5470000000,7,12.9000000000,427,11.8560000000,10,22026
1022600033,1611661321,1642793,1370,2.3680000000,236,-3.4560000000,715,1.8680000000,113,-11.6960000000,306,13.2200000000,10,22026
1022600033,1611661321,1643425,5358,9.6280000000,460,-1.0410000000,3716,8.7390000000,100,-10.1290000000,1082,19.0460000000,10,22026
1022600033,1611661329,1643447,4186,1.4420000000,415,-7.6250000000,2675,2.0810000000,267,-22.8730000000,829,11.7500000000,10,22026
1022600034,1611661328,203828,6255,-3.1640000000,262,-2.9590000000,3639,-5.8190000000,181,-37.1490000000,2173,4.0870000000,10,22026
1022600034,1611661328,1628882,6233,4.9750000000,337,9.4260000000,5142,1.8010000000,249,36.2490000000,505,18.8980000000,10,22026
1022600034,1611661328,1629567,7045,2.0900000000,2485,7.4100000000,3521,-4.8770000000,510,25.3250000000,529,1.0790000000,10,22026
1022600034,1611661323,1629568,4768,4.3680000000,378,-2.7340000000,2460,5.9810000000,114,-55.5150000000,1816,7.4200000000,10,22026
1022600034,1611661328,1631141,7709,-4.6370000000,1739,-3.2130000000,4140,-4.8400000000,513,-29.9470000000,1317,3.9810000000,10,22026
1022600034,1611661323,1641649,2214,3.1910000000,142,-5.6130000000,1138,5.9050000000,32,-24.1560000000,902,2.1220000000,10,22026
1022600034,1611661328,1641651,3643,6.4110000000,98,-14.9400000000,2098,-3.5250000000,297,35.9730000000,1150,18.7230000000,10,22026
1022600034,1611661328,1641660,5005,4.6230000000,652,4.3910000000,3226,2.6890000000,221,-20.6160000000,906,17.8330000000,10,22026
1022600034,1611661323,1642290,4678,-1.5220000000,258,-2.7770000000,1785,-0.7520000000,700,-21.3720000000,1935,5.1160000000,10,22026
1022600034,1611661328,1642307,8202,-2.7360000000,439,-23.3110000000,2560,-1.2330000000,906,-9.6800000000,4297,-0.0650000000,10,22026
1022600034,1611661323,1642800,762,-0.3270000000,88,9.0780000000,204,2.3600000000,19,-58.5470000000,451,-0.9250000000,10,22026
1022600034,1611661323,1642809,3467,-9.7050000000,586,-9.4710000000,2281,-3.7300000000,57,-25.6390000000,543,-33.3860000000,10,22026
1022600034,1611661328,1642814,2513,0.0100000000,149,5.5970000000,1717,-7.9970000000,59,1.5760000000,588,21.8180000000,10,22026
1022600034,1611661323,1642817,1664,-1.5200000000,447,-1.3510000000,854,-5.2210000000,86,35.2430000000,277,-1.7950000000,10,22026
1022600034,1611661328,1643428,3483,5.6160000000,556,15.0280000000,2062,1.7310000000,281,-52.1240000000,584,38.1570000000,10,22026
1022600034,1611661323,1643429,474,1.6570000000,13,14.0620000000,244,-5.2610000000,0,0.0000000000,217,8.6940000000,10,22026
1022600034,1611661323,1643437,3225,1.2030000000,368,-4.9350000000,2331,1.3030000000,9,9.8560000000,517,4.9680000000,10,22026
1022600034,1611661323,1643441,5930,-11.3100000000,242,-17.3140000000,1753,-2.5420000000,679,-44.6080000000,3256,-8.6390000000,10,22026
1022600034,1611661323,1643448,5829,-7.0970000000,599,-1.5580000000,3251,5.6970000000,852,-59.4830000000,1127,-7.3430000000,10,22026
1022600034,1611661323,1643449,6190,-2.4230000000,1854,1.1320000000,3031,-3.9390000000,338,-24.6080000000,967,3.2650000000,10,22026
1022600034,1611661328,1643473,1284,-6.4340000000,231,5.6920000000,714,-16.0530000000,125,6.5010000000,214,5.0120000000,10,22026
1022600035,1611661331,203026,2841,-6.6850000000,939,-15.4820000000,1484,-2.1090000000,201,-12.1360000000,217,5.1340000000,10,22026
1022600035,1611661313,203822,2867,2.8220000000,323,-5.5140000000,1496,4.9770000000,98,6.8460000000,950,1.8490000000,10,22026
1022600035,1611661331,203866,5565,5.1980000000,334,-12.3370000000,4445,6.7070000000,86,-12.2620000000,700,6.1250000000,10,22026
1022600035,1611661313,204296,2526,5.4920000000,149,-6.3560000000,1788,7.0970000000,37,-27.6950000000,552,5.7170000000,10,22026
1022600035,1611661331,204329,4701,-2.5210000000,506,-9.6500000000,2064,-6.3560000000,10,-13.5800000000,2121,2.9630000000,10,22026
1022600035,1611661313,1627668,4351,8.5510000000,597,7.9150000000,2710,5.9130000000,279,20.9190000000,765,13.8800000000,10,22026
1022600035,1611661313,1627673,3977,-5.5750000000,703,-10.6820000000,2245,-6.3590000000,274,3.0850000000,755,-1.6350000000,10,22026
1022600035,1611661331,1628931,3785,-3.5760000000,725,-8.7660000000,2559,-1.5990000000,252,-23.4740000000,249,11.3560000000,10,22026
1022600035,1611661313,1629546,3614,5.0340000000,452,-2.8830000000,2570,4.9980000000,21,2.5190000000,571,11.5530000000,10,22026
1022600035,1611661313,1629566,971,-2.5980000000,110,-9.5510000000,551,-4.2990000000,0,0.0000000000,310,2.8940000000,10,22026
1022600035,1611661331,1630097,5020,3.3900000000,505,-12.1120000000,3908,4.9310000000,86,-1.6260000000,521,7.6870000000,10,22026
1022600035,1611661313,1630149,2150,-1.4770000000,457,1.4750000000,1288,-2.5160000000,84,4.6460000000,321,-3.1160000000,10,22026
1022600035,1611661331,1631007,5505,-2.8280000000,2093,-11.1960000000,2434,2.3850000000,476,-14.9230000000,502,18.2520000000,10,22026
1022600035,1611661331,1631039,673,-8.6240000000,10,7.1900000000,663,-8.8630000000,0,0.0000000000,0,0.0000000000,10,22026
1022600035,1611661313,1631136,3849,-1.1060000000,892,-4.2280000000,2040,-2.3330000000,191,12.6490000000,726,2.5600000000,10,22026
1022600035,1611661331,1641656,2714,-4.9450000000,184,-13.7770000000,1214,-6.4680000000,93,-29.5240000000,1223,-0.2350000000,10,22026
1022600035,1611661313,1642210,2103,-2.0280000000,903,-0.6890000000,923,-4.8030000000,106,-1.9430000000,171,5.8240000000,10,22026
1022600035,1611661331,1642767,5542,6.3680000000,344,-9.4830000000,3857,5.1090000000,164,3.5340000000,1177,15.5220000000,10,22026
1022600035,1611661331,1642794,85,8.2280000000,0,0.0000000000,27,-5.2960000000,0,0.0000000000,58,14.5240000000,10,22026
1022600035,1611661331,1642822,3030,2.7510000000,874,-2.6660000000,1806,3.9410000000,68,-10.9900000000,282,15.2280000000,10,22026
1022600035,1611661331,1643479,312,-3.8160000000,0,0.0000000000,199,-15.8440000000,0,0.0000000000,113,17.3650000000,10,22026
1022600035,1611661313,1643525,2312,-0.5680000000,68,2.3380000000,1672,-2.2570000000,0,0.0000000000,572,4.0240000000,10,22026
1022600036,1611661324,203825,3415,3.7220000000,456,5.7200000000,2116,4.6080000000,29,-62.0070000000,814,2.6420000000,10,22026
1022600036,1611661324,203827,3174,-2.4320000000,380,-0.3160000000,1263,0.5130000000,485,-24.6720000000,1046,3.5550000000,10,22026
1022600036,1611661332,204330,73,-74.8010000000,0,0.0000000000,73,-74.8010000000,0,0.0000000000,0,0.0000000000,10,22026
1022600036,1611661324,1627675,3451,2.8620000000,661,-1.6540000000,2543,4.9230000000,21,6.8760000000,226,-7.4870000000,10,22026
1022600036,1611661324,1628269,2839,-1.4570000000,160,-3.8910000000,2336,-0.5920000000,81,-11.1950000000,262,-4.6760000000,10,22026
1022600036,1611661332,1628279,4353,9.0570000000,1212,13.2670000000,2217,3.4420000000,193,37.1200000000,731,11.6970000000,10,22026
1022600036,1611661332,1628915,3575,3.4430000000,434,9.3540000000,2545,1.4860000000,55,31.5710000000,541,5.0510000000,10,22026
1022600036,1611661332,1629497,3674,12.6970000000,1105,20.5200000000,2067,7.1950000000,76,33.2500000000,426,15.4300000000,10,22026
1022600036,1611661332,1629576,3643,-3.3590000000,200,-4.8530000000,2284,-8.5330000000,86,18.6260000000,1073,6.1720000000,10,22026
1022600036,1611661332,1630108,129,9.6620000000,0,0.0000000000,67,18.2180000000,0,0.0000000000,62,0.4160000000,10,22026
1022600036,1611661324,1630471,1429,-0.4350000000,210,4.1370000000,1027,-1.4700000000,52,-22.3000000000,140,8.4160000000,10,22026
1022600036,1611661332,1631118,2639,5.0380000000,483,8.4530000000,1789,3.7270000000,53,2.1470000000,314,7.7400000000,10,22026
1022600036,1611661332,1631263,2194,2.8300000000,221,11.7500000000,1069,1.8520000000,45,12.7840000000,859,1.2300000000,10,22026
1022600036,1611661324,1642797,1463,-4.4560000000,62,-15.0480000000,719,-3.1500000000,39,30.6870000000,643,-7.0270000000,10,22026
1022600036,1611661324,1642820,1128,2.0190000000,61,-8.6540000000,673,0.8190000000,10,1.6900000000,384,5.8270000000,10,22026
1022600036,1611661332,1643420,4549,-7.9990000000,470,4.3980000000,3023,-12.5610000000,94,35.3980000000,962,-3.9610000000,10,22026
1022600036,1611661324,1643426,3516,-2.3490000000,1256,0.2340000000,1578,-0.1170000000,273,-22.1350000000,409,-5.6860000000,10,22026
1022600036,1611661332,1643445,4068,-1.3290000000,1098,2.9350000000,2131,-4.1890000000,188,-6.6350000000,651,2.3730000000,10,22026
1022600036,1611661332,1643457,1905,-3.6530000000,103,9.9000000000,939,-12.6560000000,53,-13.4510000000,810,5.7020000000,10,22026
1022600036,1611661324,1643489,1085,3.0470000000,66,5.0650000000,866,1.5780000000,0,0.0000000000,153,10.4860000000,10,22026
1022600037,1611661317,201886,4661,-3.4570000000,385,-13.6400000000,3747,-3.5360000000,61,-10.8750000000,468,6.5190000000,10,22026
1022600037,1611661320,203014,5251,3.8050000000,393,-4.9560000000,3212,0.4050000000,137,-12.1770000000,1509,14.7760000000,10,22026
1022600037,1611661317,203826,5411,-2.6510000000,1579,-8.5580000000,1652,-0.4960000000,561,-3.9840000000,1619,1.3730000000,10,22026
1022600037,1611661320,204324,5703,0.6180000000,855,-4.3890000000,2821,-3.5080000000,186,13.3670000000,1841,7.9780000000,10,22026
1022600037,1611661320,204365,5451,-6.9310000000,1487,-13.5000000000,3430,-5.5740000000,126,1.0570000000,408,3.1380000000,10,22026
1022600037,1611661317,204468,530,-10.4190000000,38,-31.0610000000,361,-3.9790000000,27,-10.0150000000,104,-25.3360000000,10,22026
1022600037,1611661317,1627674,5531,7.6600000000,1041,-0.1870000000,3461,12.0650000000,333,-12.5030000000,696,7.1360000000,10,22026
1022600037,1611661320,1628276,6491,11.2200000000,1872,5.3800000000,3457,13.9730000000,365,-3.2440000000,797,19.6170000000,10,22026
1022600037,1611661320,1628878,3856,0.7460000000,485,-9.6320000000,2812,1.2190000000,19,-5.2260000000,540,7.8150000000,10,22026
1022600037,1611661320,1630148,2492,-3.7320000000,240,-9.4870000000,2001,-4.0110000000,11,-33.7180000000,240,5.7180000000,10,22026
1022600037,1611661317,1630442,4712,-11.1010000000,193,4.4670000000,2383,-12.8030000000,91,-9.8150000000,2045,-10.6440000000,10,22026
1022600037,1611661317,1630461,1420,-0.8740000000,220,-19.9180000000,866,1.7570000000,24,-82.4870000000,310,11.6100000000,10,22026
1022600037,1611661320,1630996,4648,-3.8920000000,741,0.1770000000,3128,-6.4780000000,263,2.6350000000,516,2.6210000000,10,22026
1022600037,1611661320,1642287,3812,-4.0730000000,247,4.3030000000,2064,-8.8720000000,213,-4.4170000000,1288,2.0680000000,10,22026
1022600037,1611661320,1642324,186,0.7280000000,29,-6.0310000000,157,1.9760000000,0,0.0000000000,0,0.0000000000,10,22026
1022600037,1611661317,1643438,1333,-5.6420000000,114,-4.1050000000,914,-9.2510000000,48,-29.1370000000,257,10.8980000000,10,22026
1022600037,1611661320,1643444,41,-96.0100000000,0,0.0000000000,0,0.0000000000,0,0.0000000000,41,-96.0100000000,10,22026
1022600037,1611661320,1643462,470,-28.0060000000,15,-94.5330000000,404,-27.6200000000,0,0.0000000000,51,-11.4960000000,10,22026
1022600037,1611661317,1643493,2032,-5.2340000000,184,-4.6450000000,1585,-6.3540000000,28,-21.2860000000,235,3.7710000000,10,22026
1022600037,1611661317,1643505,4438,8.3430000000,929,-0.2810000000,2896,11.0490000000,172,-4.5660000000,441,13.7730000000,10,22026
1022600038,1611661321,202252,532,-0.8740000000,129,10.7160000000,365,-2.8230000000,8,-100.0000000000,30,-0.5700000000,10,22026
1022600038,1611661321,203824,3771,-2.8650000000,1031,-5.9060000000,2477,0.1560000000,87,-34.1470000000,176,-12.1120000000,10,22026
1022600038,1611661330,1628277,6032,6.9740000000,610,-3.8180000000,4533,7.8830000000,256,-4.9250000000,633,15.6710000000,10,22026
1022600038,1611661330,1628886,5761,-7.7940000000,1526,-13.5130000000,3447,-5.0060000000,388,-16.4690000000,400,-1.5830000000,10,22026
1022600038,1611661321,1629481,4845,8.0270000000,484,3.2700000000,3365,8.7870000000,105,-7.7990000000,891,9.6050000000,10,22026
1022600038,1611661321,1629491,5658,-11.5780000000,860,-16.6550000000,1756,-14.7010000000,708,-11.3480000000,2334,-7.4280000000,10,22026
1022600038,1611661321,1629501,2695,-6.5770000000,322,-11.4960000000,1509,-7.3220000000,22,-27.5730000000,842,-2.8130000000,10,22026
1022600038,1611661321,1629574,728,-25.3650000000,0,0.0000000000,411,-21.0740000000,0,0.0000000000,317,-30.9290000000,10,22026
1022600038,1611661321,1630386,2724,-8.3600000000,193,-18.8670000000,1576,-12.4250000000,66,-9.4560000000,889,1.2100000000,10,22026
1022600038,1611661330,1631009,6158,3.6750000000,1635,-8.3490000000,3521,8.1310000000,367,0.1550000000,635,11.9570000000,10,22026
1022600038,1611661330,1631021,678,-5.9960000000,166,-14.8690000000,452,-2.4010000000,4,-100.0000000000,56,-1.9910000000,10,22026
1022600038,1611661330,1631044,6370,0.7110000000,534,-9.5160000000,4974,0.6340000000,31,8.4190000000,831,7.4550000000,10,22026
1022600038,1611661321,1641652,1851,-3.2960000000,138,-14.1500000000,975,-2.0370000000,42,-43.8050000000,696,-0.4640000000,10,22026
1022600038,1611661330,1642291,5712,-0.8420000000,508,-14.0170000000,2877,-1.4940000000,255,-5.9120000000,2072,3.9180000000,10,22026
1022600038,1611661330,1642302,442,21.6890000000,26,-27.9730000000,375,20.0970000000,0,0.0000000000,41,67.7460000000,10,22026
1022600038,1611661321,1642784,5374,4.0450000000,1418,-7.0950000000,3016,8.1460000000,161,-3.3190000000,779,9.9660000000,10,22026
1022600038,1611661321,1642793,2431,0.8460000000,356,-6.4510000000,1584,3.8200000000,105,-2.6350000000,386,-3.6800000000,10,22026
1022600038,1611661330,1642801,206,51.6190000000,0,0.0000000000,206,51.6190000000,0,0.0000000000,0,0.0000000000,10,22026
1022600038,1611661330,1642804,2196,0.2630000000,466,-12.9740000000,1513,1.3150000000,55,-24.6580000000,162,36.9790000000,10,22026
1022600038,1611661321,1643425,3567,6.9490000000,468,-6.1280000000,2355,12.1370000000,137,5.0660000000,607,-2.6750000000,10,22026
1022600038,1611661330,1643431,1176,6.1370000000,80,-7.2610000000,487,3.2780000000,37,-44.2780000000,572,13.7070000000,10,22026
1022600038,1611661330,1643469,1001,-9.6460000000,178,-16.7830000000,730,-6.7600000000,34,-47.2350000000,59,-2.1540000000,10,22026
1022600039,1611661331,203026,4856,0.2540000000,1455,-8.3160000000,2837,6.6050000000,258,-15.8130000000,306,-4.3410000000,10,22026
1022600039,1611661331,203866,5193,-3.3440000000,325,-6.2630000000,4344,-2.8460000000,87,-42.6380000000,437,1.6990000000,10,22026
1022600039,1611661331,204329,4038,-3.9910000000,165,-10.9200000000,1926,-9.4010000000,32,-20.2530000000,1915,2.3200000000,10,22026
1022600039,1611661325,1628881,1442,-0.9050000000,99,-21.0900000000,754,-0.3730000000,21,-20.5670000000,568,2.6350000000,10,22026
1022600039,1611661325,1628899,1628,-9.3860000000,224,-11.8990000000,957,-15.3880000000,76,9.7740000000,371,3.6870000000,10,22026
1022600039,1611661325,1628909,4189,2.6370000000,789,-4.1890000000,2538,3.3310000000,213,8.4230000000,649,6.3260000000,10,22026
1022600039,1611661331,1628931,4489,0.2450000000,873,-10.5020000000,3248,6.0250000000,168,-35.5390000000,200,-16.6490000000,10,22026
1022600039,1611661325,1629482,3206,-3.7270000000,157,3.5650000000,2494,-2.4710000000,46,-25.1200000000,509,-10.1980000000,10,22026
1022600039,1611661331,1630097,4604,5.7130000000,288,13.2610000000,3370,6.2420000000,110,-14.6390000000,836,3.6580000000,10,22026
1022600039,1611661325,1630112,165,-12.3220000000,1,-30.4000000000,136,-13.3680000000,0,0.0000000000,28,-6.5960000000,10,22026
1022600039,1611661331,1631007,4946,-1.2730000000,1519,-7.7900000000,2627,4.9400000000,431,-20.3330000000,369,3.5870000000,10,22026
1022600039,1611661325,1631086,3423,1.0530000000,172,4.0230000000,2733,-0.1190000000,2,-3.1500000000,516,6.2880000000,10,22026
1022600039,1611661325,1641648,4288,-5.9850000000,711,-6.3660000000,2293,-9.1990000000,355,-1.4310000000,929,0.4990000000,10,22026
1022600039,1611661331,1641656,1989,-4.1230000000,128,-9.8160000000,878,0.1950000000,55,-66.5980000000,928,-3.7220000000,10,22026
1022600039,1611661325,1642286,3794,9.7330000000,1752,7.8950000000,1589,10.3870000000,230,8.6610000000,223,20.6140000000,10,22026
1022600039,1611661331,1642767,4031,5.4220000000,320,1.9680000000,2367,5.6250000000,50,-14.9040000000,1294,6.6890000000,10,22026
1022600039,1611661331,1642794,159,-42.3950000000,0,0.0000000000,46,-11.4630000000,0,0.0000000000,113,-54.9870000000,10,22026
1022600039,1611661325,1642815,835,-8.9470000000,24,3.5500000000,348,-13.0420000000,0,0.0000000000,463,-6.5170000000,10,22026
1022600039,1611661331,1642822,4084,-7.5520000000,1232,-13.9570000000,2508,-3.4130000000,180,-30.9620000000,164,2.9770000000,10,22026
1022600039,1611661325,1643433,2337,-13.4510000000,267,-22.3980000000,1572,-12.8860000000,38,33.6970000000,460,-14.0850000000,10,22026
1022600039,1611661325,1643453,375,-7.6020000000,0,0.0000000000,246,-10.1520000000,0,0.0000000000,129,-2.7390000000,10,22026
1022600039,1611661325,1643495,30,29.2530000000,0,0.0000000000,13,31.7460000000,0,0.0000000000,17,27.3470000000,10,22026
1022600040,1611661328,203828,5183,4.5020000000,489,3.0830000000,3437,5.8800000000,90,-15.3270000000,1167,2.5700000000,10,22026
1022600040,1611661328,1628882,1058,-1.2610000000,149,4.6200000000,825,-2.1630000000,84,-2.8370000000,0,0.0000000000,10,22026
1022600040,1611661328,1629478,123,-8.1110000000,0,0.0000000000,111,1.8230000000,0,0.0000000000,12,-100.0000000000,10,22026
1022600040,1611661328,1629496,10,-100.0000000000,0,0.0000000000,0,0.0000000000,0,0.0000000000,10,-100.0000000000,10,22026
1022600040,1611661328,1629567,5576,-0.5530000000,1311,7.1810000000,3544,-2.4910000000,315,-5.6470000000,406,-4.6600000000,10,22026
1022600040,1611661323,1629568,3442,0.7450000000,270,5.1870000000,2217,-3.5530000000,21,15.7100000000,934,9.3240000000,10,22026
1022600040,1611661328,1630115,823,-9.4850000000,84,1.2610000000,511,-17.4540000000,40,7.3730000000,188,3.7880000000,10,22026
1022600040,1611661328,1631141,3768,-4.6590000000,1172,-6.3250000000,2210,-4.0510000000,97,-18.1280000000,289,1.9680000000,10,22026
1022600040,1611661323,1641649,3739,3.5580000000,695,7.5250000000,2511,-0.0950000000,188,8.3030000000,345,19.5680000000,10,22026
1022600040,1611661328,1641651,4304,-6.7600000000,359,-14.7990000000,2905,-6.5910000000,186,-3.9810000000,854,-4.5590000000,10,22026
1022600040,1611661328,1641660,3409,2.4240000000,588,1.4450000000,2467,2.1820000000,129,3.2950000000,225,7.1400000000,10,22026
1022600040,1611661323,1642290,3552,2.4450000000,344,-3.4860000000,1576,-7.1550000000,150,14.7390000000,1482,12.7850000000,10,22026
1022600040,1611661328,1642307,2479,-0.2840000000,305,6.3490000000,1406,-2.9680000000,61,9.2740000000,707,1.3680000000,10,22026
1022600040,1611661323,1642800,1974,4.6540000000,173,1.7430000000,676,4.1220000000,64,-3.5030000000,1061,5.9600000000,10,22026
1022600040,1611661323,1642809,3604,-7.8480000000,652,-3.1740000000,2731,-10.4970000000,64,8.1030000000,157,12.3220000000,10,22026
1022600040,1611661328,1642814,1378,2.5120000000,85,-6.8380000000,1179,3.3340000000,0,0.0000000000,114,0.9790000000,10,22026
1022600040,1611661323,1642817,2012,2.1320000000,707,1.2630000000,937,-1.9380000000,87,11.4070000000,281,15.0160000000,10,22026
1022600040,1611661328,1643428,6350,3.8250000000,1188,6.6600000000,4513,4.1910000000,155,17.5390000000,494,-10.6300000000,10,22026
1022600040,1611661323,1643429,1359,3.1040000000,130,12.6650000000,1041,-0.7550000000,28,23.1040000000,160,16.9460000000,10,22026
1022600040,1611661323,1643437,1746,-1.3130000000,255,-3.2390000000,1385,-1.1940000000,15,41.7730000000,91,-4.8380000000,10,22026
1022600040,1611661323,1643441,2480,-5.3720000000,59,-3.3310000000,862,-2.0230000000,91,5.6360000000,1468,-8.1030000000,10,22026
1022600040,1611661328,1643443,2,-71.0500000000,0,0.0000000000,2,-71.0500000000,0,0.0000000000,0,0.0000000000,10,22026
1022600040,1611661323,1643448,2344,-10.2670000000,180,-9.1080000000,1414,-14.6650000000,101,-19.4230000000,649,0.4200000000,10,22026
1022600040,1611661323,1643449,5619,-3.1800000000,1858,-1.6830000000,2837,-7.8940000000,249,9.0910000000,675,7.9860000000,10,22026
1022600041,1611661329,203400,4597,6.5180000000,1476,7.4450000000,2359,4.1750000000,329,20.8360000000,433,5.2470000000,10,22026
1022600041,1611661324,203825,6706,8.9230000000,477,0.3780000000,5410,10.4990000000,85,-8.2870000000,734,4.8490000000,10,22026
1022600041,1611661324,203827,6048,-10.7730000000,491,-11.0190000000,2732,-13.0010000000,424,-29.8300000000,2401,-4.8220000000,10,22026
1022600041,1611661329,204322,3377,6.4610000000,171,9.9530000000,1452,3.4430000000,171,15.3360000000,1583,7.8940000000,10,22026
1022600041,1611661329,204333,5000,1.5120000000,1224,2.8110000000,3067,1.0510000000,240,6.7670000000,469,-1.5550000000,10,22026
1022600041,1611661329,1627671,3001,7.9100000000,308,-1.3820000000,2225,7.6740000000,53,9.4750000000,415,15.8700000000,10,22026
1022600041,1611661324,1627675,6322,2.9490000000,1648,-7.8380000000,4052,7.4650000000,208,-3.2210000000,414,4.7900000000,10,22026
1022600041,1611661324,1628269,4989,-0.0110000000,452,-5.4670000000,3649,0.6560000000,114,-38.6130000000,774,5.7140000000,10,22026
1022600041,1611661329,1628922,2024,-5.7120000000,253,2.0440000000,1213,-10.9990000000,231,6.9260000000,327,-1.0300000000,10,22026
1022600041,1611661324,1629581,928,-7.2260000000,34,6.9440000000,346,-12.5420000000,26,1.4190000000,522,-5.0560000000,10,22026
1022600041,1611661324,1630471,2068,-0.1690000000,280,-9.7460000000,1516,1.3740000000,59,-5.1370000000,213,2.8210000000,10,22026
1022600041,1611661329,1642288,91,-25.8780000000,0,0.0000000000,68,-2.3340000000,0,0.0000000000,23,-95.4870000000,10,22026
1022600041,1611661329,1642289,3441,3.3580000000,286,-7.1150000000,1394,1.4210000000,237,9.3400000000,1524,6.1640000000,10,22026
1022600041,1611661329,1642292,2761,-0.3640000000,194,-14.3930000000,2277,0.4180000000,49,22.0880000000,241,-1.0240000000,10,22026
1022600041,1611661329,1642321,3176,0.4860000000,481,6.0140000000,2238,-3.9630000000,93,38.7180000000,364,10.7730000000,10,22026
1022600041,1611661324,1642820,1666,-9.3330000000,111,-22.1070000000,929,-15.6740000000,48,-19.0960000000,578,4.1220000000,10,22026
1022600041,1611661324,1643426,6410,-6.0380000000,2369,-11.2280000000,3074,3.2640000000,544,-24.3420000000,423,-21.0370000000,10,22026
1022600041,1611661329,1643447,3607,-2.4530000000,285,5.6690000000,2540,-5.2110000000,131,0.5230000000,651,4.1520000000,10,22026
1022600041,1611661324,1643489,1863,-0.9480000000,20,-22.7650000000,1463,-0.1440000000,10,5.7000000000,370,-3.1270000000,10,22026
1022600042,1611661332,1628279,5030,8.1480000000,1419,10.6940000000,2480,4.7230000000,272,8.0280000000,859,13.8670000000,10,22026
1022600042,1611661332,1628915,1843,4.7080000000,292,19.2470000000,1468,1.9190000000,40,11.3720000000,43,-4.9860000000,10,22026
1022600042,1611661327,1629484,3591,1.8870000000,156,-2.7690000000,2121,-2.5430000000,25,-17.8680000000,1289,10.1230000000,10,22026
1022600042,1611661332,1629497,4124,16.7740000000,1234,18.3150000000,2365,15.0350000000,120,18.0040000000,405,21.8670000000,10,22026
1022600042,1611661327,1629524,5626,8.7120000000,588,6.2190000000,3172,7.0730000000,133,5.9810000000,1733,12.7670000000,10,22026
1022600042,1611661332,1629576,4003,-7.4620000000,410,-10.9870000000,2804,-12.5790000000,202,-5.1120000000,587,18.6350000000,10,22026
1022600042,1611661332,1630108,615,-0.3680000000,22,-14.1000000000,178,-7.6560000000,32,61.4280000000,383,-1.3550000000,10,22026
1022600042,1611661327,1630143,4076,-1.1180000000,138,-25.2130000000,2910,-3.2250000000,137,19.2720000000,891,6.3610000000,10,22026
1022600042,1611661332,1631055,3382,-1.6500000000,176,-8.4590000000,1959,-1.3510000000,74,-17.1930000000,1173,-0.1460000000,10,22026
1022600042,1611661327,1631083,4722,5.1470000000,149,2.1310000000,2996,-0.7040000000,170,8.7590000000,1407,17.4890000000,10,22026
1022600042,1611661332,1631118,1253,1.0140000000,85,23.7730000000,1090,-1.4010000000,13,27.3920000000,65,6.4680000000,10,22026
1022600042,1611661332,1631263,1283,-7.1450000000,79,-12.0940000000,607,-3.4330000000,23,53.9130000000,574,-12.8360000000,10,22026
1022600042,1611661327,1641683,246,12.1910000000,123,0.0790000000,123,24.3020000000,0,0.0000000000,0,0.0000000000,10,22026
1022600042,1611661327,1642296,5011,1.0000000000,204,-5.1280000000,3067,-4.6570000000,117,-3.5610000000,1623,12.7900000000,10,22026
1022600042,1611661327,1642304,4555,-3.6470000000,2609,0.4240000000,1411,-8.3320000000,395,-14.9710000000,140,-0.3470000000,10,22026
1022600042,1611661327,1642782,3256,2.1730000000,484,9.6250000000,1986,-0.2730000000,130,-2.2280000000,656,4.9530000000,10,22026
1022600042,1611661332,1643420,2636,-9.5830000000,150,-3.9050000000,1498,-16.0830000000,132,-10.3500000000,856,0.9150000000,10,22026
1022600042,1611661327,1643436,2350,11.9480000000,70,-9.9390000000,810,6.8020000000,66,21.3380000000,1404,15.5660000000,10,22026
1022600042,1611661332,1643445,4659,-1.6810000000,1042,2.2110000000,2846,-4.2710000000,197,-2.9540000000,574,4.5260000000,10,22026
1022600042,1611661332,1643457,1777,1.1830000000,91,6.6620000000,1054,-8.2630000000,16,14.9000000000,616,16.1810000000,10,22026
1022600042,1611661327,1643494,2045,2.5090000000,119,-0.0380000000,1523,3.0910000000,68,-21.2960000000,335,5.6000000000,10,22026
1022600042,1611661327,1643506,2857,-0.3740000000,1543,3.0370000000,890,-5.2330000000,243,8.0850000000,181,-16.9180000000,10,22026
1022600043,1611661319,203833,6040,2.2330000000,1872,-1.8880000000,3313,3.6980000000,278,-3.4830000000,577,9.9480000000,10,22026
1022600043,1611661319,203855,2686,-5.9660000000,138,-3.6900000000,2009,-8.6990000000,41,-17.0150000000,498,5.3380000000,10,22026
1022600043,1611661319,204319,4739,0.0820000000,334,-0.9170000000,3378,-0.2490000000,46,3.1350000000,981,1.4170000000,10,22026
1022600043,1611661320,204324,6817,-5.8040000000,618,-11.4880000000,3225,-8.7980000000,264,-10.0950000000,2710,-0.5260000000,10,22026
1022600043,1611661320,204365,6111,-3.6480000000,1723,-14.8880000000,3707,2.2130000000,274,-20.0090000000,407,1.5700000000,10,22026
1022600043,1611661320,1628242,175,-12.7750000000,21,-20.5570000000,90,-13.9930000000,0,0.0000000000,64,-8.5090000000,10,22026
1022600043,1611661320,1628276,6788,2.9500000000,2548,-6.6170000000,2893,12.3710000000,634,-7.2120000000,713,7.9490000000,10,22026
1022600043,1611661320,1628878,5775,6.6190000000,527,-9.8160000000,4404,7.3670000000,54,-41.6650000000,790,16.7110000000,10,22026
1022600043,1611661319,1628932,5819,7.3760000000,657,0.4700000000,2040,0.5430000000,552,7.6700000000,2570,14.5010000000,10,22026
1022600043,1611661319,1629488,1284,-2.7940000000,34,-4.4680000000,389,-6.4750000000,0,0.0000000000,861,-1.0650000000,10,22026
1022600043,1611661319,1629498,3312,4.2120000000,656,0.2780000000,2309,4.3360000000,84,4.6640000000,263,12.7880000000,10,22026
1022600043,1611661320,1630148,1203,2.8090000000,21,-19.3050000000,1030,0.6650000000,0,0.0000000000,152,20.3950000000,10,22026
1022600043,1611661319,1630150,4103,-1.5870000000,1258,-0.6570000000,2068,-1.5700000000,260,1.3340000000,517,-5.3920000000,10,22026
1022600043,1611661320,1630996,4850,1.0810000000,365,-13.6670000000,3961,3.4700000000,116,-32.2360000000,408,0.5520000000,10,22026
1022600043,1611661319,1631006,16,-41.4500000000,0,0.0000000000,16,-41.4500000000,0,0.0000000000,0,0.0000000000,10,22026
1022600043,1611661319,1631019,4550,2.3610000000,113,-7.7270000000,1238,-5.6170000000,186,-4.4080000000,3013,6.4350000000,10,22026
1022600043,1611661320,1642287,4065,-7.0830000000,126,-11.5720000000,2940,-9.4120000000,77,-26.4730000000,922,2.5780000000,10,22026
1022600043,1611661320,1642324,1082,-6.5830000000,10,-11.8900000000,935,-3.3430000000,0,0.0000000000,137,-28.3100000000,10,22026
1022600044,1611661317,201886,4713,7.1650000000,356,-18.0620000000,3358,7.7380000000,62,-19.5100000000,937,16.4630000000,10,22026
1022600044,1611661317,203826,6838,-7.7490000000,2498,-12.3920000000,2599,-5.5320000000,508,-12.2730000000,1233,-1.1490000000,10,22026
1022600044,1611661317,1627674,6304,6.5050000000,879,-8.9350000000,4295,10.0030000000,331,0.6900000000,799,7.0990000000,10,22026
1022600044,1611661330,1628277,6252,10.0030000000,889,1.1000000000,4985,10.8390000000,160,5.8850000000,218,30.2150000000,10,22026
1022600044,1611661330,1628886,4823,-10.8370000000,1592,-20.7340000000,2698,-8.0000000000,286,7.3190000000,247,0.9450000000,10,22026
1022600044,1611661330,1629539,46,6.3350000000,26,-47.1880000000,0,0.0000000000,5,59.8200000000,15,81.2800000000,10,22026
1022600044,1611661317,1630442,3429,-5.3870000000,99,-8.4480000000,1507,-6.3720000000,142,-17.3370000000,1681,-3.3140000000,10,22026
1022600044,1611661317,1630461,3510,-2.6670000000,850,-16.3670000000,1926,3.7690000000,55,-21.2580000000,679,-2.2680000000,10,22026
1022600044,1611661330,1631009,6202,9.4410000000,1258,2.0840000000,4051,8.3330000000,101,-2.7040000000,792,28.3400000000,10,22026
1022600044,1611661330,1631021,1281,-12.1760000000,93,-22.2080000000,911,-14.3320000000,0,0.0000000000,277,-1.7180000000,10,22026
1022600044,1611661330,1631044,4014,-2.3450000000,220,-4.4200000000,3087,-4.5920000000,34,24.8650000000,673,7.2670000000,10,22026
1022600044,1611661330,1642291,5308,1.7530000000,685,-14.9020000000,2316,-0.3500000000,394,-3.0480000000,1913,11.2500000000,10,22026
1022600044,1611661330,1642302,1992,5.7180000000,182,3.6040000000,1533,4.0450000000,76,-13.8700000000,201,27.7900000000,10,22026
1022600044,1611661317,1642768,1999,-9.2100000000,125,-12.8250000000,1274,-7.9440000000,51,11.5390000000,549,-13.2510000000,10,22026
1022600044,1611661330,1642801,99,-36.2560000000,51,-43.1220000000,45,-28.4360000000,3,-36.8330000000,0,0.0000000000,10,22026
1022600044,1611661330,1642804,2651,-1.1500000000,462,-7.6930000000,1916,-0.5950000000,36,-1.6440000000,237,7.1890000000,10,22026
1022600044,1611661330,1643431,1261,6.5480000000,78,17.1780000000,443,5.9490000000,164,12.4250000000,576,3.8960000000,10,22026
1022600044,1611661317,1643438,2220,0.2470000000,100,4.3980000000,1420,-2.5310000000,93,-11.1040000000,607,7.8000000000,10,22026
1022600044,1611661330,1643469,252,-4.8610000000,38,-10.7110000000,167,-4.2770000000,0,0.0000000000,47,-2.2060000000,10,22026
1022600044,1611661317,1643493,5744,1.2340000000,452,-15.1890000000,4214,2.8390000000,104,-32.1930000000,974,5.4820000000,10,22026
1022600044,1611661317,1643505,3926,5.9270000000,911,-1.9190000000,2602,8.3460000000,120,-6.4330000000,293,13.9030000000,10,22026
1022600045,1611661313,203822,2335,2.8300000000,189,-14.3120000000,1257,2.5020000000,41,-58.6050000000,848,10.1080000000,10,22026
1022600045,1611661321,203824,1517,-6.4450000000,357,-20.3000000000,808,-2.9120000000,0,0.0000000000,352,-0.5010000000,10,22026
1022600045,1611661313,1627668,5167,-5.3430000000,819,-18.5630000000,3222,-1.6070000000,338,-27.0340000000,788,2.4270000000,10,22026
1022600045,1611661313,1627673,3614,1.9060000000,312,-4.8810000000,1962,3.3690000000,72,-4.9920000000,1268,1.7040000000,10,22026
1022600045,1611661313,1629477,4723,3.0180000000,1238,-4.5100000000,2109,2.4200000000,257,-10.8030000000,1119,15.6500000000,10,22026
1022600045,1611661321,1629481,6526,0.2200000000,1703,-8.7150000000,3780,5.2370000000,191,-28.0830000000,852,2.1710000000,10,22026
1022600045,1611661321,1629491,5599,-10.0320000000,565,-27.3510000000,1776,-11.6440000000,428,-18.9090000000,2830,-4.2190000000,10,22026
1022600045,1611661321,1629501,2656,-7.0040000000,241,-13.9880000000,1638,-7.5240000000,56,-6.0840000000,721,-3.5600000000,10,22026
1022600045,1611661313,1629546,3248,-2.6150000000,573,-23.3020000000,2497,1.6640000000,41,-12.6290000000,137,8.9270000000,10,22026
1022600045,1611661313,1629566,1920,0.2530000000,99,-26.2170000000,1001,0.5760000000,0,0.0000000000,820,3.0550000000,10,22026
1022600045,1611661321,1629574,410,-12.1990000000,29,-20.2970000000,181,-22.6140000000,15,-33.9200000000,185,1.0220000000,10,22026
1022600045,1611661313,1630149,3766,-0.1930000000,646,-14.5010000000,2128,2.3040000000,229,10.9770000000,763,1.6050000000,10,22026
1022600045,1611661313,1630384,229,5.3830000000,15,-20.0470000000,153,14.6110000000,8,-26.8870000000,53,-9.1890000000,10,22026
1022600045,1611661321,1630386,3728,-11.3420000000,135,-18.1970000000,2402,-12.8300000000,39,-20.9310000000,1152,-7.1120000000,10,22026
1022600045,1611661313,1630993,1850,1.4300000000,169,-12.4350000000,1113,2.6630000000,0,0.0000000000,568,3.1390000000,10,22026
1022600045,1611661313,1631136,3779,-0.3940000000,940,-13.6020000000,1891,4.1490000000,177,-12.3540000000,771,7.3100000000,10,22026
1022600045,1611661321,1641652,1316,-8.6420000000,33,-5.9880000000,511,-9.4690000000,51,-26.0160000000,721,-6.9480000000,10,22026
1022600045,1611661321,1641675,21,14.9240000000,0,0.0000000000,11,100.0000000000,0,0.0000000000,10,-78.6600000000,10,22026
1022600045,1611661321,1642784,6178,0.7620000000,1922,-12.2190000000,3372,6.9060000000,300,3.3420000000,584,6.6870000000,10,22026
1022600045,1611661321,1642793,438,-14.6140000000,104,-27.1520000000,269,-6.2990000000,22,-44.3140000000,43,-21.1070000000,10,22026
1022600045,1611661321,1642808,106,10.7900000000,44,-19.0020000000,61,34.0950000000,0,0.0000000000,1,-100.0000000000,10,22026
1022600045,1611661321,1643425,5489,5.4520000000,473,-16.5040000000,3808,7.6230000000,103,-20.4010000000,1105,9.7780000000,10,22026
1022600046,1611661328,203828,4494,-1.1670000000,504,-0.3100000000,3220,-2.3370000000,42,0.4740000000,728,3.3160000000,10,22026
1022600046,1611661328,1628882,1339,3.0510000000,118,5.5160000000,965,0.9640000000,26,13.3270000000,230,9.3830000000,10,22026
1022600046,1611661328,1629478,3281,3.6410000000,238,-3.8990000000,2742,3.4350000000,57,-5.2230000000,244,15.3780000000,10,22026
1022600046,1611661328,1629567,5163,3.8340000000,1848,4.4070000000,2813,2.5050000000,194,20.3570000000,308,2.1310000000,10,22026
1022600046,1611661322,1630446,2907,-3.7140000000,153,-7.9350000000,2392,-5.7790000000,28,14.6390000000,334,11.4740000000,10,22026
1022600046,1611661322,1631022,4649,5.1950000000,331,6.0160000000,2375,0.6000000000,274,26.3190000000,1669,8.1030000000,10,22026
1022600046,1611661328,1631141,4719,-1.1030000000,1441,-6.6650000000,3002,-0.2640000000,147,25.4920000000,129,11.1850000000,10,22026
1022600046,1611661328,1641651,3858,-9.6440000000,232,-25.9320000000,2764,-9.8930000000,47,-11.0870000000,815,-4.0830000000,10,22026
1022600046,1611661328,1641660,3060,-2.8400000000,742,-6.7530000000,1977,-0.6830000000,117,-19.2310000000,224,-0.3570000000,10,22026
1022600046,1611661328,1642307,2852,5.0790000000,352,-0.6590000000,1424,5.4660000000,59,-5.9270000000,1017,7.1620000000,10,22026
1022600046,1611661322,1642775,274,-10.8430000000,0,0.0000000000,251,-13.1020000000,0,0.0000000000,23,13.8040000000,10,22026
1022600046,1611661322,1642781,4465,2.6530000000,2188,2.7300000000,1726,-1.3620000000,384,17.9330000000,167,8.0080000000,10,22026
1022600046,1611661322,1642785,5046,8.7980000000,972,7.7610000000,3505,7.4890000000,162,10.6350000000,407,21.8140000000,10,22026
1022600046,1611661322,1642792,4407,9.6970000000,244,0.2670000000,1725,8.6850000000,214,7.7210000000,2224,11.7080000000,10,22026
1022600046,1611661322,1642802,726,-1.1140000000,245,-5.1140000000,371,-0.5050000000,28,13.4640000000,82,3.0980000000,10,22026
1022600046,1611661322,1643427,2035,6.6640000000,80,-4.3610000000,421,-2.4210000000,165,5.9840000000,1369,10.1850000000,10,22026
1022600046,1611661328,1643428,4710,2.3940000000,830,3.4230000000,3397,1.2250000000,118,-7.6990000000,365,14.1950000000,10,22026
1022600046,1611661322,1643430,2206,-2.1040000000,161,-2.1500000000,1895,-3.1880000000,28,14.9210000000,122,10.8800000000,10,22026
1022600046,1611661328,1643443,3644,-5.9600000000,161,-19.6080000000,2230,-7.7290000000,161,7.0470000000,1092,-2.2540000000,10,22026
1022600046,1611661322,1643450,341,4.8760000000,126,-3.1580000000,168,8.5330000000,16,58.5000000000,31,-9.9650000000,10,22026
1022600046,1611661322,1643455,1601,1.5870000000,111,-11.5720000000,966,-4.6780000000,134,27.2630000000,390,12.0290000000,10,22026
1022600046,1611661322,1643467,3630,-2.2490000000,344,-2.1130000000,2843,-3.2270000000,80,-15.6550000000,363,8.2370000000,10,22026
1022600047,1611661313,203822,2344,-3.7530000000,487,1.2630000000,1507,-4.1130000000,87,-3.6700000000,263,-11.0050000000,10,22026
1022600047,1611661313,204296,2889,0.6760000000,238,-2.7900000000,1989,0.3830000000,30,19.8400000000,632,1.9920000000,10,22026
1022600047,1611661313,1627668,4065,-0.4270000000,511,-4.5340000000,2353,-1.7000000000,234,-6.8840000000,967,6.4030000000,10,22026
1022600047,1611661313,1627673,4398,-3.8240000000,601,2.7310000000,2165,-9.5650000000,256,-1.4570000000,1376,1.9040000000,10,22026
1022600047,1611661327,1628317,2661,-0.3330000000,108,-18.1690000000,1992,0.5540000000,0,0.0000000000,561,-0.0480000000,10,22026
1022600047,1611661327,1629484,3812,-5.3040000000,189,1.2660000000,2225,-6.5230000000,85,-16.2160000000,1313,-3.4790000000,10,22026
1022600047,1611661327,1629524,6462,10.4430000000,761,-2.4860000000,4433,12.1650000000,208,-1.2880000000,1060,14.8220000000,10,22026
1022600047,1611661313,1629546,4233,0.7150000000,1354,2.8810000000,2265,-2.6040000000,68,26.8790000000,546,5.8550000000,10,22026
1022600047,1611661313,1629566,2143,-5.6650000000,202,-4.2100000000,867,-7.0270000000,41,-16.0440000000,1033,-4.3940000000,10,22026
1022600047,1611661327,1630143,5890,-3.3580000000,288,-9.5120000000,3670,-4.6880000000,171,-14.0300000000,1761,1.4560000000,10,22026
1022600047,1611661313,1630149,616,1.0360000000,61,-21.0790000000,325,0.4020000000,24,9.6380000000,206,7.5810000000,10,22026
1022600047,1611661313,1630993,1355,-7.4640000000,30,10.2730000000,978,-11.7120000000,0,0.0000000000,347,2.9750000000,10,22026
1022600047,1611661327,1631083,5939,-0.1680000000,314,-21.3190000000,3383,-0.0490000000,171,-13.6540000000,2071,3.9580000000,10,22026
1022600047,1611661313,1631136,4022,3.3050000000,860,0.8400000000,2082,1.2270000000,129,11.3780000000,951,8.9870000000,10,22026
1022600047,1611661327,1642296,4732,-0.1240000000,230,-5.7470000000,3296,0.1620000000,78,-17.1090000000,1128,1.3610000000,10,22026
1022600047,1611661327,1642304,4863,-6.6430000000,2888,-5.2800000000,1364,-7.3960000000,352,-14.8110000000,259,-6.7750000000,10,22026
1022600047,1611661327,1642782,4294,3.7240000000,441,-3.6780000000,3047,5.3640000000,136,-17.5610000000,670,5.4600000000,10,22026
1022600047,1611661327,1643436,1508,4.8440000000,15,-17.4730000000,416,2.4970000000,43,12.9420000000,1034,5.7750000000,10,22026
1022600047,1611661327,1643506,4031,-2.5040000000,2141,-1.9450000000,1444,-1.3680000000,287,-14.8950000000,159,2.0140000000,10,22026
1022600047,1611661327,1643527,156,9.2770000000,0,0.0000000000,130,4.1570000000,0,0.0000000000,26,34.8770000000,10,22026
1022600048,1611661331,203026,2833,2.9870000000,974,1.0300000000,1509,2.9020000000,152,11.3610000000,198,6.8410000000,10,22026
1022600048,1611661331,203866,3052,-4.6870000000,134,-13.4980000000,2568,-4.9950000000,0,0.0000000000,350,0.9480000000,10,22026
1022600048,1611661331,204329,2212,7.2500000000,132,3.6630000000,1145,-0.6080000000,20,-27.0900000000,915,18.3510000000,10,22026
1022600048,1611661331,1628508,2962,4.3970000000,760,5.1690000000,2053,4.2800000000,48,-16.7060000000,101,10.9930000000,10,22026
1022600048,1611661331,1628931,3147,5.7950000000,712,7.2600000000,2090,4.4950000000,152,-0.7870000000,193,19.6460000000,10,22026
1022600048,1611661323,1629568,3732,4.0930000000,216,0.9110000000,2464,0.7600000000,26,9.7380000000,1026,12.6240000000,10,22026
1022600048,1611661331,1630097,3336,2.5380000000,448,-3.9940000000,2537,3.4720000000,93,-18.4040000000,258,12.2450000000,10,22026
1022600048,1611661331,1631007,2979,1.8460000000,894,5.2440000000,1722,0.7520000000,171,-9.2540000000,192,5.7250000000,10,22026
1022600048,1611661323,1631135,2075,8.5950000000,162,0.4090000000,722,6.0420000000,95,-1.9780000000,1096,12.4040000000,10,22026
1022600048,1611661323,1641649,3420,5.9440000000,413,-1.9320000000,2378,5.8240000000,132,10.5220000000,497,11.8510000000,10,22026
1022600048,1611661331,1641656,3529,9.1010000000,343,7.4350000000,1212,8.9450000000,56,-10.1750000000,1918,10.0610000000,10,22026
1022600048,1611661331,1641695,628,6.7150000000,0,0.0000000000,281,15.6040000000,11,-49.2180000000,336,1.1120000000,10,22026
1022600048,1611661323,1642290,3936,-0.4100000000,277,-10.7460000000,1507,-5.5540000000,224,14.9700000000,1928,3.3090000000,10,22026
1022600048,1611661331,1642767,4448,-1.4270000000,525,-1.5480000000,3572,-1.7990000000,76,-10.2210000000,275,6.0640000000,10,22026
1022600048,1611661331,1642794,898,9.2530000000,228,3.8640000000,598,11.4830000000,5,-9.1000000000,67,9.0550000000,10,22026
1022600048,1611661323,1642800,4214,6.9670000000,482,-13.0660000000,2202,2.9200000000,136,-12.0850000000,1394,22.1460000000,10,22026
1022600048,1611661323,1642809,4133,-6.0700000000,821,-11.7680000000,2936,-6.4260000000,193,5.3220000000,183,13.1930000000,10,22026
1022600048,1611661323,1642817,3922,2.1890000000,1587,2.0370000000,1797,-1.2050000000,231,9.6720000000,307,17.2160000000,10,22026
1022600048,1611661331,1642822,4060,-2.7970000000,928,-2.8330000000,2612,-3.1870000000,153,-19.1580000000,367,6.8870000000,10,22026
1022600048,1611661323,1643429,1984,6.1390000000,257,0.4100000000,1385,9.0450000000,24,-7.7920000000,318,-0.8350000000,10,22026
1022600048,1611661323,1643437,2891,-1.6030000000,362,6.0570000000,1967,-8.0000000000,52,38.8690000000,510,13.5050000000,10,22026
1022600048,1611661323,1643441,1272,-8.1010000000,30,-0.8800000000,496,-17.7130000000,46,18.9570000000,700,-3.3770000000,10,22026
1022600048,1611661323,1643448,2730,-10.8160000000,330,-26.3010000000,1981,-10.6470000000,74,15.4850000000,345,-2.6150000000,10,22026
1022600048,1611661323,1643449,3378,1.7660000000,1217,2.6410000000,1494,-1.1360000000,162,3.0770000000,505,7.8190000000,10,22026
1022600048,1611661331,1643479,985,3.4590000000,23,-8.6040000000,750,-1.6670000000,0,0.0000000000,212,22.9020000000,10,22026
1022600049,1611661317,201886,3149,2.7360000000,96,-22.1250000000,2394,3.5810000000,85,8.8840000000,574,2.4570000000,10,22026
1022600049,1611661313,203822,3616,6.4400000000,346,-5.9720000000,2293,6.4370000000,54,28.8280000000,923,9.7930000000,10,22026
1022600049,1611661317,203826,4664,-5.7430000000,817,-8.4750000000,2432,-2.8920000000,427,-20.3310000000,988,-4.1980000000,10,22026
1022600049,1611661313,204296,2336,0.8840000000,109,-5.1890000000,1733,0.0390000000,10,-11.0600000000,484,5.5220000000,10,22026
1022600049,1611661313,204335,2488,-0.8700000000,616,-12.2840000000,1509,4.3250000000,139,-25.9770000000,224,11.0990000000,10,22026
1022600049,1611661317,204468,389,-25.7410000000,37,-31.7350000000,289,-27.7650000000,19,-5.6260000000,44,-16.0930000000,10,22026
1022600049,1611661313,1627668,6881,-3.4300000000,1126,-11.4940000000,4190,-3.6900000000,174,-13.0350000000,1391,5.0840000000,10,22026
1022600049,1611661313,1627673,5967,-1.0090000000,913,-8.4380000000,2751,-4.8460000000,289,-1.8790000000,2014,7.7260000000,10,22026
1022600049,1611661317,1627674,5496,2.1080000000,1220,-3.5690000000,3488,5.1340000000,310,-8.2440000000,478,1.2330000000,10,22026
1022600049,1611661313,1629546,4679,5.0670000000,949,-8.6830000000,3130,7.8370000000,97,-1.9480000000,503,15.1290000000,10,22026
1022600049,1611661313,1629566,2191,-2.1190000000,312,-7.7920000000,845,-7.7250000000,50,15.7460000000,984,3.5850000000,10,22026
1022600049,1611661313,1630142,6667,8.6220000000,542,-6.2440000000,4983,9.2590000000,60,10.5920000000,1082,13.0240000000,10,22026
1022600049,1611661313,1630384,247,3.5630000000,18,2.5500000000,134,3.5010000000,0,0.0000000000,95,3.8420000000,10,22026
1022600049,1611661317,1630442,3991,-2.8810000000,73,-16.3440000000,1652,-4.3430000000,97,-11.3130000000,2169,-0.9380000000,10,22026
1022600049,1611661317,1630461,977,3.4310000000,214,-11.0450000000,611,9.7450000000,3,-100.0000000000,149,0.4130000000,10,22026
1022600049,1611661313,1631136,5042,-4.0070000000,1797,-13.8760000000,2011,-0.5020000000,441,-7.5930000000,793,11.4600000000,10,22026
1022600049,1611661317,1642768,2034,-2.7720000000,126,-12.6430000000,1242,-3.8240000000,8,-15.0380000000,658,1.2540000000,10,22026
1022600049,1611661317,1642777,3141,-5.5120000000,985,-10.0270000000,1857,-2.7030000000,116,-6.8420000000,183,-8.8720000000,10,22026
1022600049,1611661317,1643438,1086,-4.6150000000,197,0.7780000000,613,-5.0540000000,79,-33.4630000000,197,2.9290000000,10,22026
1022600049,1611661317,1643493,3154,2.6590000000,306,-6.0620000000,2441,5.9110000000,67,-0.4430000000,340,-12.2240000000,10,22026
1022600049,1611661317,1643505,2246,-1.7960000000,716,-5.5480000000,1264,0.0600000000,73,-26.8190000000,193,9.4330000000,10,22026
1022600050,1611661329,203400,5922,4.1630000000,2302,5.1310000000,2988,2.9150000000,366,11.6480000000,266,-0.4970000000,10,22026
1022600050,1611661329,204322,3393,11.3530000000,255,5.7640000000,1894,14.2150000000,121,-21.0570000000,1123,11.2870000000,10,22026
1022600050,1611661329,204333,4801,-2.5920000000,939,-6.0280000000,3283,-2.3560000000,139,-7.0540000000,440,4.3910000000,10,22026
1022600050,1611661329,1627671,2130,7.3420000000,171,12.0290000000,1908,7.0740000000,0,0.0000000000,51,1.6710000000,10,22026
1022600050,1611661332,1628279,6710,8.6160000000,1609,3.9010000000,3731,10.6020000000,419,2.3120000000,951,11.5800000000,10,22026
1022600050,1611661332,1628915,1349,2.2700000000,9,-63.4670000000,1239,1.9040000000,0,0.0000000000,101,12.6250000000,10,22026
1022600050,1611661329,1628922,2563,6.7820000000,306,7.7640000000,1541,2.4520000000,68,-16.3970000000,648,19.0480000000,10,22026
1022600050,1611661332,1629497,4877,12.4740000000,1267,11.8500000000,2706,10.7290000000,195,31.0570000000,709,15.1400000000,10,22026
1022600050,1611661332,1629576,4416,-1.7740000000,292,-6.1880000000,3757,-1.0150000000,118,-29.6810000000,249,5.1710000000,10,22026
1022600050,1611661332,1631055,4912,-8.0840000000,394,-9.1710000000,2717,-8.4490000000,137,-33.3870000000,1664,-5.1460000000,10,22026
1022600050,1611661332,1631118,1153,2.3140000000,272,0.1630000000,787,2.7650000000,11,0.8180000000,83,5.2860000000,10,22026
1022600050,1611661332,1631263,1726,-2.6850000000,101,-7.9860000000,869,-3.6960000000,42,-0.5950000000,714,-0.8280000000,10,22026
1022600050,1611661329,1642289,3534,17.4140000000,178,-9.7850000000,1343,12.4930000000,136,2.0710000000,1877,24.6260000000,10,22026
1022600050,1611661329,1642292,3090,-2.2800000000,357,-9.9300000000,2383,-1.0080000000,49,-37.2430000000,301,2.4170000000,10,22026
1022600050,1611661329,1642321,3582,0.4010000000,729,3.0770000000,2421,0.5390000000,143,-12.8630000000,289,-0.9430000000,10,22026
1022600050,1611661329,1642786,2886,-10.0470000000,76,-5.2040000000,2419,-12.5950000000,50,27.7020000000,341,1.4070000000,10,22026
1022600050,1611661332,1643420,3787,-7.9940000000,327,-1.3940000000,2696,-8.6220000000,81,-36.8050000000,683,-5.2580000000,10,22026
1022600050,1611661332,1643445,6327,-0.5500000000,1776,-1.3490000000,3639,0.6670000000,308,-21.9940000000,604,5.3980000000,10,22026
1022600050,1611661332,1643457,2197,-8.7550000000,70,-3.3910000000,1526,-12.6290000000,63,-15.2050000000,538,2.2920000000,10,22026
1022600051,1611661324,203825,5271,16.2000000000,331,-4.1740000000,3915,20.0620000000,42,-17.4670000000,983,9.1200000000,10,22026
1022600051,1611661324,203827,4940,-16.2770000000,649,-21.0860000000,2301,-15.7050000000,256,-42.0250000000,1734,-11.4330000000,10,22026
1022600051,1611661324,1627675,5124,-0.3610000000,1471,-10.3910000000,3174,4.8830000000,204,-25.0740000000,275,11.0870000000,10,22026
1022600051,1611661324,1628269,4580,-7.7970000000,246,-20.1200000000,3165,-5.3840000000,248,-32.7000000000,921,-6.0910000000,10,22026
1022600051,1611661330,1628277,6756,4.9750000000,862,0.8780000000,5136,3.8690000000,114,20.5690000000,644,16.5220000000,10,22026
1022600051,1611661330,1628886,6075,-0.2340000000,2204,1.1880000000,3028,-4.8680000000,372,11.9240000000,471,13.3040000000,10,22026
1022600051,1611661324,1630471,2636,0.6830000000,346,-13.4430000000,2126,2.8640000000,80,0.7350000000,84,3.6240000000,10,22026
1022600051,1611661330,1631009,7495,11.2830000000,1717,11.2540000000,4938,10.0940000000,201,23.5790000000,639,16.6830000000,10,22026
1022600051,1611661330,1631021,1781,-10.8030000000,121,0.5090000000,1436,-15.5910000000,19,94.9420000000,205,6.2570000000,10,22026
1022600051,1611661330,1631044,7010,-6.0180000000,736,-3.7460000000,4734,-11.1880000000,215,9.4240000000,1325,8.6880000000,10,22026
1022600051,1611661330,1642291,5779,4.6070000000,422,2.6490000000,2310,1.6120000000,242,19.7790000000,2805,6.0580000000,10,22026
1022600051,1611661330,1642302,2059,3.3040000000,284,6.6200000000,1566,2.1390000000,65,11.6940000000,144,5.6580000000,10,22026
1022600051,1611661324,1642797,1481,-13.2570000000,82,-8.4330000000,968,-17.9360000000,23,24.0960000000,408,-5.2310000000,10,22026
1022600051,1611661330,1642801,242,8.3030000000,0,0.0000000000,200,-4.2290000000,0,0.0000000000,42,67.9810000000,10,22026
1022600051,1611661330,1642804,1949,2.6370000000,376,6.0260000000,1471,0.7210000000,7,49.9860000000,95,15.3910000000,10,22026
1022600051,1611661324,1642820,1841,-15.0960000000,168,-20.7410000000,1204,-18.1250000000,18,-14.5560000000,451,-4.9270000000,10,22026
1022600051,1611661324,1643426,5070,-4.1260000000,1808,-12.9120000000,2496,3.1220000000,410,-17.0120000000,356,4.5140000000,10,22026
1022600051,1611661330,1643431,503,11.1810000000,0,0.0000000000,123,3.5380000000,75,26.7950000000,305,10.4240000000,10,22026
1022600051,1611661330,1643469,1118,-5.4650000000,66,-16.9120000000,741,-8.9040000000,59,25.2270000000,252,0.4580000000,10,22026
1022600051,1611661324,1643489,1162,3.8050000000,39,-21.1330000000,1073,4.3960000000,0,0.0000000000,50,10.5560000000,10,22026
1022600052,1611661327,1628317,3637,7.5950000000,188,7.8770000000,2739,4.4660000000,12,56.5170000000,698,18.9560000000,10,22026
1022600052,1611661327,1629484,3296,-1.3890000000,82,-19.8160000000,1546,-5.6690000000,25,0.8640000000,1643,3.5240000000,10,22026
1022600052,1611661327,1629524,5201,4.6920000000,968,1.3730000000,3200,4.1020000000,294,11.2520000000,739,8.9840000000,10,22026
1022600052,1611661323,1629568,2872,-4.5220000000,254,-3.4700000000,1521,-3.5510000000,66,-35.5050000000,1031,-4.2310000000,10,22026
1022600052,1611661327,1630143,3302,-1.7880000000,99,-12.8290000000,2270,-3.1270000000,28,-7.9320000000,905,2.9660000000,10,22026
1022600052,1611661327,1631083,3451,-2.4040000000,342,1.9750000000,2221,-5.2870000000,82,-32.6670000000,806,6.7620000000,10,22026
1022600052,1611661323,1631135,3258,4.3170000000,106,-14.9940000000,880,1.2730000000,43,-28.6580000000,2229,7.0730000000,10,22026
1022600052,1611661323,1641649,3646,2.0730000000,364,2.2010000000,2451,1.5210000000,110,-3.2900000000,721,4.7030000000,10,22026
1022600052,1611661323,1642290,871,-4.4570000000,53,-14.3890000000,365,-11.3910000000,39,5.0510000000,414,2.0320000000,10,22026
1022600052,1611661327,1642296,3012,-0.3260000000,34,-8.2260000000,2001,-1.7960000000,18,-36.5890000000,959,3.7040000000,10,22026
1022600052,1611661327,1642304,4146,0.7250000000,2221,6.3890000000,1416,-5.7840000000,267,-11.6490000000,242,0.4790000000,10,22026
1022600052,1611661327,1642782,2477,-1.7700000000,456,1.2060000000,1582,-2.9940000000,111,9.1450000000,328,-3.7010000000,10,22026
1022600052,1611661323,1642800,4547,-2.6960000000,377,-8.4660000000,1936,-3.6200000000,150,15.1940000000,2084,-2.0810000000,10,22026
1022600052,1611661323,1642809,3928,-0.4750000000,1037,2.6870000000,2391,-3.0720000000,209,10.6840000000,291,1.5860000000,10,22026
1022600052,1611661323,1642817,2200,1.4680000000,1155,1.6470000000,776,6.7770000000,74,-17.3180000000,195,-13.5880000000,10,22026
1022600052,1611661323,1643429,1925,-5.3480000000,153,7.2220000000,1442,-4.3440000000,28,24.2790000000,302,-19.2590000000,10,22026
1022600052,1611661327,1643436,2054,0.5020000000,28,24.6180000000,481,8.4490000000,55,34.8470000000,1490,-3.7850000000,10,22026
1022600052,1611661323,1643437,2863,-2.5870000000,431,-9.6610000000,2320,-0.5390000000,2,-15.9500000000,110,-17.8060000000,10,22026
1022600052,1611661323,1643441,2705,1.5150000000,165,0.5020000000,756,2.3200000000,71,0.1730000000,1713,1.3130000000,10,22026
1022600052,1611661323,1643448,147,-24.8760000000,0,0.0000000000,124,-20.8730000000,0,0.0000000000,23,-46.4610000000,10,22026
1022600052,1611661323,1643449,4565,9.6990000000,1666,9.2290000000,2183,8.6390000000,156,-1.6850000000,560,18.4000000000,10,22026
1022600052,1611661327,1643494,2022,1.7780000000,87,1.4590000000,1206,-2.3710000000,48,-23.1060000000,681,10.9190000000,10,22026
1022600052,1611661327,1643506,3041,4.7800000000,1613,4.0890000000,1224,6.3980000000,124,2.3850000000,80,-2.3340000000,10,22026
1022600053,1611661328,203828,3579,0.4630000000,345,-9.6630000000,2377,-1.2940000000,14,2.1860000000,843,9.5330000000,10,22026
1022600053,1611661328,1628882,2151,6.5040000000,276,-12.8680000000,1581,7.1050000000,5,-5.7000000000,289,21.9270000000,10,22026
1022600053,1611661328,1629478,2677,-2.4820000000,138,-2.6430000000,2281,-1.6990000000,38,-27.0760000000,220,-6.2450000000,10,22026
1022600053,1611661328,1629567,5040,1.4410000000,1570,-5.4920000000,2859,3.5340000000,227,9.2080000000,384,9.6140000000,10,22026
1022600053,1611661322,1630446,4021,-6.0540000000,232,-1.9130000000,3317,-8.0100000000,51,10.7800000000,421,5.0300000000,10,22026
1022600053,1611661322,1631022,6011,11.7190000000,823,11.2320000000,2381,4.1210000000,494,28.6090000000,2313,16.1060000000,10,22026
1022600053,1611661328,1631141,3768,-0.3860000000,1374,-2.9670000000,1907,-2.3590000000,219,8.8490000000,268,19.3420000000,10,22026
1022600053,1611661328,1641651,3157,-10.5360000000,259,-13.9580000000,2211,-13.9060000000,121,-10.8250000000,566,4.2580000000,10,22026
1022600053,1611661328,1641660,2811,2.3650000000,622,2.0830000000,1835,3.5940000000,106,-11.1200000000,248,-0.2520000000,10,22026
1022600053,1611661328,1642307,3447,-4.8100000000,367,-3.7830000000,1833,-6.2690000000,125,-14.5960000000,1122,-1.6720000000,10,22026
1022600053,1611661322,1642781,5272,5.5790000000,1899,6.0250000000,2609,4.2280000000,226,2.5870000000,538,11.8140000000,10,22026
1022600053,1611661322,1642785,5442,7.7160000000,882,5.8380000000,3635,6.5580000000,200,17.9520000000,725,12.9840000000,10,22026
1022600053,1611661322,1642792,4604,2.0080000000,429,14.2400000000,2744,-3.0390000000,69,-1.2490000000,1362,8.4900000000,10,22026
1022600053,1611661322,1643427,1397,2.2850000000,29,-8.8760000000,535,7.0100000000,24,32.0250000000,809,-1.3220000000,10,22026
1022600053,1611661328,1643428,4936,6.6950000000,506,-5.9870000000,3772,7.4680000000,188,9.8490000000,470,12.8840000000,10,22026
1022600053,1611661322,1643430,1268,-1.1770000000,125,6.1450000000,984,-2.7200000000,39,10.6850000000,120,-0.0090000000,10,22026
1022600053,1611661328,1643443,3091,-4.9490000000,295,-6.5390000000,1463,-6.4870000000,137,-6.6830000000,1196,-2.4770000000,10,22026
1022600053,1611661322,1643455,2963,-1.5800000000,221,-11.4130000000,1815,-5.7450000000,59,-0.1460000000,868,9.5340000000,10,22026
1022600053,1611661322,1643467,2412,-3.2220000000,198,-1.5120000000,1858,-5.5140000000,31,19.0810000000,325,6.7070000000,10,22026
1022600053,1611661322,1643644,4746,1.2830000000,1287,-4.8110000000,2338,-2.2150000000,319,9.4800000000,802,17.9990000000,10,22026
1022600054,1611661321,202252,3072,2.1960000000,182,-29.8850000000,2569,4.6180000000,34,-50.8030000000,287,7.1440000000,10,22026
1022600054,1611661321,203824,961,-10.5070000000,240,-12.3380000000,604,-8.4560000000,10,-41.8300000000,107,-15.0540000000,10,22026
1022600054,1611661319,203833,5237,-4.5820000000,1768,-11.2960000000,2964,-0.5160000000,189,-17.9580000000,316,2.8450000000,10,22026
1022600054,1611661319,203855,1244,4.2950000000,117,-21.8710000000,1029,7.1740000000,0,0.0000000000,98,5.2990000000,10,22026
1022600054,1611661319,204319,4291,5.9710000000,211,-12.2000000000,3630,6.4150000000,23,-47.0040000000,427,14.0290000000,10,22026
1022600054,1611661319,204323,1034,2.6840000000,76,7.9870000000,283,0.3450000000,20,-34.7550000000,655,4.2220000000,10,22026
1022600054,1611661319,1628932,5686,2.7880000000,401,-3.5650000000,2597,0.7530000000,645,-10.6640000000,2043,10.8690000000,10,22026
1022600054,1611661321,1629481,3727,3.8340000000,858,-7.5060000000,2216,9.5480000000,88,-12.5850000000,565,1.1990000000,10,22026
1022600054,1611661321,1629491,6646,-17.9620000000,1462,-24.3840000000,2424,-14.2710000000,562,-41.6890000000,2198,-11.6930000000,10,22026
1022600054,1611661319,1629498,5658,-5.2590000000,1820,-13.3690000000,2878,0.6250000000,429,-9.7510000000,531,-5.7300000000,10,22026
1022600054,1611661319,1630150,2639,-2.6980000000,416,-9.0760000000,1983,-1.4770000000,133,-3.4550000000,107,0.4190000000,10,22026
1022600054,1611661321,1630386,3963,-8.7980000000,223,-35.0330000000,1543,-10.8290000000,93,-35.4510000000,2104,-3.3500000000,10,22026
1022600054,1611661319,1630389,208,-44.7600000000,0,0.0000000000,15,-46.0070000000,38,14.7420000000,155,-59.2260000000,10,22026
1022600054,1611661319,1631006,1443,-13.4230000000,7,-100.0000000000,955,-2.7540000000,25,-63.0560000000,456,-31.7180000000,10,22026
1022600054,1611661319,1631019,4730,0.1040000000,73,-32.7150000000,935,-12.7090000000,29,-12.2450000000,3693,4.0930000000,10,22026
1022600054,1611661321,1641652,3283,-11.8050000000,75,-45.2880000000,1848,-12.8950000000,24,-26.8250000000,1336,-8.1470000000,10,22026
1022600054,1611661321,1642784,6646,5.1730000000,1768,-9.4980000000,3703,14.3080000000,271,-32.6660000000,904,7.7890000000,10,22026
1022600054,1611661321,1642793,1161,4.7490000000,223,-8.5790000000,746,11.1260000000,97,-25.4340000000,95,16.7780000000,10,22026
1022600054,1611661321,1643425,6646,7.0490000000,834,-24.1920000000,4383,12.8990000000,180,-29.7480000000,1249,12.6830000000,10,22026
1022600054,1611661319,1643434,111,-86.2960000000,41,-89.6850000000,70,-84.3110000000,0,0.0000000000,0,0.0000000000,10,22026
1022600055,1611661331,203026,370,-10.6600000000,57,-8.5090000000,195,0.3810000000,19,-19.3740000000,99,-31.9750000000,10,22026
1022600055,1611661331,203866,2915,-4.0280000000,50,-13.3600000000,2343,-4.1020000000,14,2.0640000000,508,-2.9340000000,10,22026
1022600055,1611661331,204329,4255,1.1010000000,146,-8.1050000000,1916,5.2410000000,84,-93.5490000000,2109,1.7470000000,10,22026
1022600055,1611661331,1628508,2410,1.2280000000,592,1.3260000000,1547,4.6640000000,132,-36.2920000000,139,-1.8010000000,10,22026
1022600055,1611661325,1628881,3238,-2.8160000000,66,-29.5920000000,1873,-6.6100000000,40,-18.1150000000,1259,4.7190000000,10,22026
1022600055,1611661325,1628899,2756,-7.7320000000,188,-19.4600000000,1627,-14.5730000000,157,-7.8020000000,784,9.2920000000,10,22026
1022600055,1611661325,1628909,5062,11.1090000000,953,-5.5950000000,3024,13.2340000000,235,23.6440000000,850,18.8130000000,10,22026
1022600055,1611661331,1628931,4899,5.0520000000,831,-11.6070000000,3490,11.5210000000,300,-29.4730000000,278,10.9010000000,10,22026
1022600055,1611661325,1629482,3564,0.0550000000,178,-23.7530000000,2525,1.5530000000,52,-8.3670000000,809,1.1590000000,10,22026
1022600055,1611661331,1630097,2611,6.1680000000,244,5.0880000000,2059,5.8360000000,17,11.4710000000,291,9.1140000000,10,22026
1022600055,1611661331,1631007,4961,-4.6380000000,2351,-9.0790000000,1989,4.8410000000,336,-23.7320000000,285,-11.6420000000,10,22026
1022600055,1611661325,1631086,4198,-1.7990000000,241,-10.2110000000,3131,-3.8550000000,122,5.2020000000,704,9.0110000000,10,22026
1022600055,1611661325,1641648,4121,-8.2170000000,767,-20.0630000000,1978,-10.7050000000,330,-10.3280000000,1046,5.8410000000,10,22026
1022600055,1611661331,1641656,2588,2.1350000000,142,-16.7540000000,1051,12.9800000000,113,-24.0110000000,1282,-2.3590000000,10,22026
1022600055,1611661325,1642286,4975,13.8620000000,1725,7.8510000000,2535,16.2850000000,309,7.4280000000,406,29.1670000000,10,22026
1022600055,1611661331,1642767,4146,2.7800000000,275,-8.2070000000,3016,4.3690000000,164,-17.5140000000,691,5.0290000000,10,22026
1022600055,1611661331,1642794,2942,1.8840000000,482,-12.4530000000,2178,7.1900000000,36,-30.4220000000,246,-12.2730000000,10,22026
1022600055,1611661325,1642815,1913,1.2100000000,7,-4.1860000000,882,-6.9400000000,69,27.3750000000,955,6.8870000000,10,22026
1022600055,1611661331,1642822,2042,-5.0550000000,431,-10.9600000000,1426,-2.4370000000,41,-32.3100000000,144,-5.5460000000,10,22026
1022600055,1611661325,1643433,3464,-9.9610000000,1043,-14.4230000000,2004,-8.9760000000,200,-22.3170000000,217,13.7710000000,10,22026
1022600056,1611661317,201886,3652,2.5990000000,159,-0.1830000000,3021,3.4830000000,81,-4.9630000000,391,-1.5340000000,10,22026
1022600056,1611661313,203822,3256,4.5010000000,354,-15.1310000000,2171,5.0920000000,86,-11.0400000000,645,15.3590000000,10,22026
1022600056,1611661317,203826,5724,-9.4900000000,1287,-14.3360000000,2020,-8.5740000000,864,-17.0990000000,1553,-2.4320000000,10,22026
1022600056,1611661313,204296,318,-8.8630000000,86,-23.1190000000,231,-3.5710000000,0,0.0000000000,1,-5.3000000000,10,22026
1022600056,1611661313,204335,3066,3.4860000000,296,-3.6960000000,2294,4.0290000000,104,-18.3260000000,372,11.9530000000,10,22026
1022600056,1611661317,204468,539,-8.6190000000,43,31.7020000000,336,-7.1460000000,4,2.3500000000,156,-23.1880000000,10,22026
1022600056,1611661313,1627668,6178,-6.2570000000,1271,-15.6690000000,3559,-4.1150000000,230,-20.4070000000,1118,0.5360000000,10,22026
1022600056,1611661313,1627673,6389,-1.4260000000,651,-8.9430000000,3148,-2.5550000000,138,-13.8010000000,2452,2.7160000000,10,22026
1022600056,1611661317,1627674,6060,-3.2250000000,943,-13.7890000000,4020,-1.4550000000,302,-11.3520000000,795,3.4420000000,10,22026
1022600056,1611661313,1629546,3965,6.7120000000,590,-3.8620000000,2700,7.5610000000,15,-37.3130000000,660,13.6930000000,10,22026
1022600056,1611661313,1629566,3692,-1.8640000000,242,-12.7140000000,1884,-2.8040000000,188,-12.3040000000,1378,2.7510000000,10,22026
1022600056,1611661313,1630142,6251,11.1780000000,606,-0.6130000000,4004,11.8190000000,139,-2.8110000000,1502,15.5230000000,10,22026
1022600056,1611661313,1630149,2279,-0.3200000000,490,-9.3530000000,1582,2.7850000000,68,-24.1740000000,139,7.8450000000,10,22026
1022600056,1611661313,1630384,153,-23.8830000000,61,-19.5070000000,58,-19.0160000000,13,-33.0540000000,21,-44.3620000000,10,22026
1022600056,1611661317,1630442,4512,-2.7430000000,70,-11.0730000000,1174,-7.7650000000,102,-6.5080000000,3166,-0.5750000000,10,22026
1022600056,1611661317,1630461,3,-24.1670000000,0,0.0000000000,3,-24.1670000000,0,0.0000000000,0,0.0000000000,10,22026
1022600056,1611661313,1631136,6859,-6.1780000000,2326,-12.3340000000,2984,-2.4120000000,532,-17.3760000000,1017,2.7130000000,10,22026
1022600056,1611661317,1642768,1998,-1.2850000000,216,-5.4560000000,894,-6.0080000000,54,30.2700000000,834,2.8150000000,10,22026
1022600056,1611661317,1642777,4606,-0.3650000000,1296,0.6660000000,2612,1.0640000000,158,-33.2400000000,540,-0.1300000000,10,22026
1022600056,1611661317,1643493,3341,4.7640000000,266,-9.9860000000,2588,4.6200000000,55,-17.8960000000,432,17.5950000000,10,22026
1022600056,1611661317,1643505,2047,-4.4970000000,506,-16.5760000000,1231,1.9290000000,104,-0.8320000000,206,-15.0800000000,10,22026
1022600057,1611661320,203014,5544,-2.9250000000,893,-9.0540000000,2850,-5.1060000000,336,-1.6280000000,1465,4.7590000000,10,22026
1022600057,1611661320,204324,5261,-2.5420000000,500,-6.3840000000,2530,-11.4160000000,204,-7.6990000000,2027,10.0000000000,10,22026
1022600057,1611661320,204365,6165,-7.2280000000,2236,-8.4600000000,3427,-7.4630000000,258,-10.1590000000,244,10.4520000000,10,22026
1022600057,1611661320,1628878,6435,2.2380000000,856,-3.7080000000,4324,1.3020000000,167,6.5430000000,1088,9.9770000000,10,22026
1022600057,1611661320,1630148,978,0.7670000000,158,-11.9990000000,673,3.0220000000,17,-11.1120000000,130,6.1660000000,10,22026
1022600057,1611661322,1630446,3558,-3.0880000000,211,-13.1180000000,2717,-1.3610000000,51,-1.6430000000,579,-7.6640000000,10,22026
1022600057,1611661320,1630996,5634,2.7680000000,320,-4.4370000000,4418,3.7230000000,157,-8.4290000000,739,2.5610000000,10,22026
1022600057,1611661322,1631022,3464,-7.9470000000,518,-20.1770000000,1455,-6.5000000000,294,-22.8660000000,1197,-0.7480000000,10,22026
1022600057,1611661320,1642287,2768,-6.8080000000,202,-20.8800000000,1791,-8.9250000000,157,-19.5220000000,618,7.1590000000,10,22026
1022600057,1611661322,1642781,3537,-5.1790000000,1099,-7.9530000000,2014,-5.3250000000,69,-13.7910000000,355,5.9130000000,10,22026
1022600057,1611661322,1642785,5648,7.1940000000,1021,1.2540000000,3468,8.1010000000,156,-5.1400000000,1003,12.0250000000,10,22026
1022600057,1611661322,1642792,4417,-1.6280000000,284,-13.6450000000,1993,-10.2520000000,247,-16.9460000000,1893,11.2540000000,10,22026
1022600057,1611661322,1643427,1836,-19.8270000000,235,-9.5420000000,438,-22.1730000000,88,-11.9060000000,1075,-21.7680000000,10,22026
1022600057,1611661322,1643430,549,8.8370000000,62,-9.9180000000,311,7.1230000000,55,30.3980000000,121,13.0500000000,10,22026
1022600057,1611661320,1643444,604,1.2130000000,264,1.3720000000,316,-0.0660000000,24,16.2880000000,0,0.0000000000,10,22026
1022600057,1611661322,1643455,2295,-4.1200000000,204,-12.2600000000,1502,-6.4830000000,86,-7.4650000000,503,6.8060000000,10,22026
1022600057,1611661320,1643462,373,2.6830000000,20,-32.4300000000,286,5.7920000000,0,0.0000000000,67,-0.1090000000,10,22026
1022600057,1611661322,1643467,1035,6.8640000000,33,11.6330000000,865,7.8050000000,9,-54.1780000000,128,3.5670000000,10,22026
1022600057,1611661322,1643644,3524,-11.3650000000,1136,-13.2830000000,1947,-12.8480000000,108,-25.5460000000,333,8.4510000000,10,22026
1022600058,1611661329,203400,5398,4.9620000000,1553,0.3360000000,2888,7.1970000000,354,8.0610000000,603,4.3560000000,10,22026
1022600058,1611661324,203825,5203,9.4980000000,494,12.0410000000,3907,8.3220000000,206,7.1100000000,596,15.9200000000,10,22026
1022600058,1611661324,203827,4796,-2.9480000000,267,-5.4110000000,1792,-8.3560000000,246,-13.0020000000,2491,2.1990000000,10,22026
1022600058,1611661329,204322,3234,3.7010000000,228,-0.8050000000,1547,2.4760000000,128,18.1310000000,1331,4.5100000000,10,22026
1022600058,1611661329,204333,5481,-2.4540000000,1387,-2.6760000000,3433,-3.3790000000,191,-4.0710000000,470,5.6180000000,10,22026
1022600058,1611661329,1627671,3796,3.4500000000,215,-5.0950000000,3330,3.7030000000,30,-6.3930000000,221,9.2960000000,10,22026
1022600058,1611661324,1627675,5148,6.9240000000,1276,9.4550000000,3562,4.6500000000,71,16.2830000000,239,24.5090000000,10,22026
1022600058,1611661324,1628269,4481,-5.3300000000,478,-14.8880000000,3276,-5.4060000000,110,-29.0920000000,617,6.7130000000,10,22026
1022600058,1611661329,1628922,3339,2.9560000000,443,2.0700000000,1948,-1.3240000000,106,19.7500000000,842,11.2100000000,10,22026
1022600058,1611661324,1629479,1948,-1.7020000000,137,-16.4090000000,1155,-4.4040000000,2,-24.7000000000,654,6.2200000000,10,22026
1022600058,1611661324,1630471,3095,-5.6880000000,530,-19.0920000000,2245,-3.3860000000,112,-2.9460000000,208,2.1460000000,10,22026
1022600058,1611661329,1642289,5133,-0.0800000000,481,0.1910000000,2292,-4.2110000000,227,3.0330000000,2133,3.9680000000,10,22026
1022600058,1611661329,1642292,3630,7.5990000000,482,11.3530000000,2560,6.6910000000,165,-3.0790000000,423,12.9820000000,10,22026
1022600058,1611661329,1642321,3358,-0.8010000000,728,-4.0060000000,2256,-0.8640000000,146,4.6420000000,228,6.5760000000,10,22026
1022600058,1611661329,1642786,2089,-1.3180000000,137,16.0200000000,1454,-5.2050000000,100,9.7200000000,398,4.1410000000,10,22026
1022600058,1611661324,1642797,1244,-9.1770000000,61,-34.4080000000,714,-12.9530000000,38,-11.2080000000,431,0.8280000000,10,22026
1022600058,1611661324,1642820,1611,-0.6070000000,53,6.1210000000,1189,-2.3370000000,47,-14.3700000000,322,6.6840000000,10,22026
1022600058,1611661324,1643426,5658,-0.8930000000,2121,-4.0610000000,2643,2.1720000000,616,-8.7330000000,278,11.5040000000,10,22026
1022600058,1611661324,1643489,2016,-0.7850000000,98,4.0880000000,1671,-0.3730000000,77,-23.4810000000,170,2.6420000000,10,22026
1022600059,1611661330,1628277,4770,3.1930000000,310,-4.9380000000,4067,2.8150000000,81,-15.1460000000,312,20.9580000000,10,22026
1022600059,1611661327,1628317,3054,7.5000000000,174,-4.0210000000,2393,9.7990000000,22,-60.8500000000,465,3.2120000000,10,22026
1022600059,1611661330,1628886,4166,0.9070000000,1278,-4.7910000000,2228,1.1410000000,353,17.9950000000,307,3.2870000000,10,22026
1022600059,1611661327,1629484,2475,-3.1550000000,259,-7.3990000000,1649,-4.6800000000,12,46.7000000000,555,2.2760000000,10,22026
1022600059,1611661327,1630143,3463,-10.0260000000,458,-18.2010000000,2576,-10.2950000000,120,-16.6640000000,309,6.9020000000,10,22026
1022600059,1611661330,1631009,5294,6.7480000000,1419,2.4090000000,3253,6.5690000000,134,16.4000000000,488,17.9140000000,10,22026
1022600059,1611661330,1631021,780,-4.3450000000,24,-43.3210000000,576,-2.3480000000,0,0.0000000000,180,-5.5380000000,10,22026
1022600059,1611661330,1631044,5409,-17.0620000000,479,-36.5890000000,3401,-17.8370000000,65,-55.0350000000,1464,-7.1850000000,10,22026
1022600059,1611661327,1631083,2323,-14.4070000000,257,-18.0500000000,1433,-13.4700000000,134,-12.7400000000,499,-15.6700000000,10,22026
1022600059,1611661327,1641683,4617,1.7480000000,1410,-4.3280000000,2672,4.2780000000,130,3.5490000000,405,5.6270000000,10,22026
1022600059,1611661330,1642291,5447,-4.0870000000,525,-17.8680000000,2510,-5.1240000000,338,-4.5790000000,2074,0.7380000000,10,22026
1022600059,1611661327,1642296,2095,4.0980000000,123,-7.1890000000,1417,2.1420000000,69,-27.7640000000,486,17.1810000000,10,22026
1022600059,1611661330,1642302,1456,8.5910000000,211,10.8040000000,965,4.8900000000,46,11.6370000000,234,21.2630000000,10,22026
1022600059,1611661327,1642304,2953,-2.1370000000,1716,-5.4730000000,808,-2.3010000000,162,4.2180000000,267,15.9400000000,10,22026
1022600059,1611661327,1642782,3596,2.1810000000,599,-6.2290000000,2476,6.1000000000,130,-16.8580000000,391,-3.4210000000,10,22026
1022600059,1611661330,1642801,85,13.4140000000,23,5.5300000000,47,14.4870000000,0,0.0000000000,15,22.1400000000,10,22026
1022600059,1611661330,1642804,2071,0.0490000000,510,-7.6110000000,1393,3.9260000000,79,2.5870000000,89,-18.9910000000,10,22026
1022600059,1611661330,1643431,705,-0.9670000000,101,-16.8150000000,196,-14.8590000000,110,4.8720000000,298,11.3870000000,10,22026
1022600059,1611661327,1643436,3710,-3.7260000000,165,-28.2220000000,961,-8.5490000000,57,-29.1440000000,2527,0.2800000000,10,22026
1022600059,1611661330,1643469,486,-0.7340000000,72,10.9670000000,380,-0.3400000000,7,-77.2000000000,27,-17.6630000000,10,22026
1022600059,1611661327,1643494,2527,-3.5790000000,142,2.2840000000,1803,-3.3070000000,35,-52.4260000000,547,-2.8710000000,10,22026
1022600062,1611661325,1628881,640,-10.7060000000,40,-38.7250000000,206,-20.6210000000,77,12.5750000000,317,-6.3820000000,10,22026
1022600062,1611661325,1628899,1037,-21.8670000000,203,3.2770000000,696,-29.7770000000,61,-4.7150000000,77,-30.2440000000,10,22026
1022600062,1611661325,1628909,2559,10.0950000000,564,0.4400000000,1656,11.0200000000,143,10.9560000000,196,29.4350000000,10,22026
1022600062,1611661325,1629482,1562,15.2110000000,50,13.9180000000,1105,9.4470000000,10,61.4800000000,397,30.2550000000,10,22026
1022600062,1611661327,1629484,2673,-0.8530000000,15,-19.8800000000,1603,-3.8150000000,22,27.0450000000,1033,3.4260000000,10,22026
1022600062,1611661327,1629524,3319,6.1980000000,552,-6.0790000000,1933,10.9900000000,139,-26.7170000000,695,9.2060000000,10,22026
1022600062,1611661325,1630112,315,2.3390000000,57,-1.3330000000,242,4.9680000000,16,-24.3370000000,0,0.0000000000,10,22026
1022600062,1611661327,1630143,1176,-1.7270000000,0,0.0000000000,648,2.3220000000,7,7.9570000000,521,-6.8930000000,10,22026
1022600062,1611661327,1631083,2996,-1.3620000000,187,-9.4040000000,2140,-0.1180000000,85,-20.9510000000,584,-0.4950000000,10,22026
1022600062,1611661325,1631086,1187,-10.9510000000,186,-35.4450000000,826,-7.9150000000,21,4.9430000000,154,0.1840000000,10,22026
1022600062,1611661325,1641648,2038,-5.4020000000,427,-20.3040000000,814,-2.9930000000,99,-28.4400000000,698,4.1710000000,10,22026
1022600062,1611661325,1642286,1841,14.7180000000,321,12.9340000000,1293,15.7010000000,85,3.6420000000,142,16.4370000000,10,22026
1022600062,1611661327,1642296,2064,7.4870000000,23,12.7300000000,1201,12.4270000000,36,3.3810000000,804,0.1410000000,10,22026
1022600062,1611661327,1642304,2673,-3.6090000000,1577,-7.2990000000,838,2.3430000000,179,-9.2960000000,79,19.7950000000,10,22026
1022600062,1611661327,1642782,1786,1.9190000000,166,-14.3370000000,1237,7.1560000000,107,-18.6580000000,276,-3.7980000000,10,22026
1022600062,1611661325,1642815,1524,-14.5750000000,130,-5.5900000000,697,-14.5440000000,25,-9.9520000000,672,-16.5180000000,10,22026
1022600062,1611661325,1643433,774,-9.8240000000,120,-22.2740000000,460,-10.5130000000,54,-9.0960000000,140,2.8290000000,10,22026
1022600062,1611661325,1643453,336,4.5520000000,77,5.9780000000,206,-5.2500000000,11,17.8000000000,42,46.5430000000,10,22026
1022600062,1611661327,1643494,1338,-6.1450000000,35,-20.6710000000,751,-6.9690000000,31,-13.8810000000,521,-3.5200000000,10,22026
1022600062,1611661327,1643506,1176,0.1290000000,613,-5.4550000000,419,10.2590000000,63,-37.3860000000,81,19.1720000000,10,22026
1022600063,1611661331,203026,3139,-3.4940000000,904,-10.5320000000,1790,2.8560000000,245,-33.8270000000,200,8.6420000000,10,22026
1022600063,1611661319,203833,6303,-0.7140000000,1426,0.9800000000,3791,-3.6100000000,301,9.7930000000,785,6.1650000000,10,22026
1022600063,1611661319,203855,5860,-11.0100000000,278,-10.6930000000,4909,-11.0210000000,10,-50.0800000000,663,-10.4690000000,10,22026
1022600063,1611661331,203866,4408,0.3010000000,238,-14.7820000000,3301,0.0810000000,63,-43.6710000000,806,9.0930000000,10,22026
1022600063,1611661331,204329,3094,2.4640000000,345,-7.0330000000,1730,0.6140000000,30,-50.0000000000,989,10.6050000000,10,22026
1022600063,1611661331,1628508,3887,3.7320000000,758,-13.2560000000,2858,8.4240000000,109,-17.7900000000,162,14.9120000000,10,22026
1022600063,1611661331,1628931,4036,-1.1280000000,621,-9.3470000000,2903,-0.3960000000,80,-21.9710000000,432,9.6270000000,10,22026
1022600063,1611661319,1628932,6270,7.6820000000,454,0.8530000000,2367,1.5440000000,596,17.9100000000,2853,11.7250000000,10,22026
1022600063,1611661319,1629488,2188,-0.1690000000,0,0.0000000000,663,-2.7630000000,32,-27.0410000000,1493,1.5600000000,10,22026
1022600063,1611661319,1629498,6495,1.5940000000,2576,4.1440000000,3136,-0.9830000000,405,0.3570000000,378,6.9210000000,10,22026
1022600063,1611661331,1630097,1568,8.0960000000,95,-18.6640000000,1280,10.6060000000,55,-15.8240000000,138,12.7690000000,10,22026
1022600063,1611661319,1630150,1748,0.9470000000,718,8.9420000000,829,-1.7850000000,110,-27.0060000000,91,-3.4630000000,10,22026
1022600063,1611661319,1631006,3212,-19.3700000000,82,-30.5910000000,2824,-18.0500000000,0,0.0000000000,306,-28.5400000000,10,22026
1022600063,1611661331,1631007,4521,0.9470000000,1440,-10.0990000000,2490,8.0580000000,212,-13.1010000000,379,4.0580000000,10,22026
1022600063,1611661319,1631019,3879,3.9440000000,83,-11.6840000000,798,-5.7680000000,120,13.2760000000,2878,6.6990000000,10,22026
1022600063,1611661331,1631039,396,3.5510000000,67,5.1660000000,162,0.5690000000,0,0.0000000000,167,5.7960000000,10,22026
1022600063,1611661331,1641656,1169,-8.7270000000,106,-16.5410000000,379,-16.2040000000,122,-21.1600000000,562,0.4870000000,10,22026
1022600063,1611661331,1641695,146,4.4160000000,14,5.6000000000,132,4.2910000000,0,0.0000000000,0,0.0000000000,10,22026
1022600063,1611661331,1642767,3274,3.8400000000,237,-12.3410000000,2543,6.8560000000,65,-44.1310000000,429,2.1740000000,10,22026
1022600063,1611661331,1642794,608,0.8880000000,193,-15.9690000000,388,9.2040000000,16,-33.1560000000,11,52.8360000000,10,22026
1022600063,1611661331,1642822,1935,-7.5700000000,400,-14.0210000000,1323,-3.3210000000,94,-30.7610000000,118,-14.8730000000,10,22026
1022600063,1611661331,1643479,468,-4.6300000000,30,-6.2430000000,173,3.4660000000,0,0.0000000000,265,-9.7330000000,10,22026
1022600064,1611661321,202252,3351,-10.9110000000,206,-7.1270000000,2463,-12.2710000000,54,-7.2810000000,628,-7.1300000000,10,22026
1022600064,1611661321,203824,3636,-20.1860000000,1402,-22.5520000000,1827,-16.6390000000,171,-13.9050000000,236,-38.1470000000,10,22026
1022600064,1611661328,203828,3868,1.5260000000,219,3.3670000000,2825,1.7020000000,29,-58.6310000000,795,2.5890000000,10,22026
1022600064,1611661328,1628882,302,-11.0310000000,127,-25.0500000000,153,0.4200000000,6,-49.4170000000,16,5.1310000000,10,22026
1022600064,1611661328,1629478,1625,4.1920000000,200,-9.3790000000,1313,6.7020000000,17,-18.4820000000,95,2.1260000000,10,22026
1022600064,1611661321,1629481,2909,-2.6710000000,381,-8.3630000000,1638,-6.4910000000,130,-15.0020000000,760,10.5240000000,10,22026
1022600064,1611661321,1629491,3750,-0.1550000000,384,-6.1280000000,1119,-0.8840000000,427,-9.3670000000,1820,3.7140000000,10,22026
1022600064,1611661321,1629501,3432,-11.0680000000,256,-16.9870000000,1942,-12.7110000000,168,-21.7930000000,1066,-4.9650000000,10,22026
1022600064,1611661328,1629567,4539,-4.4480000000,1423,-13.7430000000,2488,0.2790000000,352,-8.2310000000,276,5.6980000000,10,22026
1022600064,1611661321,1629574,1307,-4.9370000000,37,-10.0190000000,554,-10.8920000000,49,16.3330000000,667,-1.2720000000,10,22026
1022600064,1611661328,1631141,4689,-8.3770000000,1463,-20.3930000000,2597,-1.4610000000,230,-22.5280000000,399,-1.1740000000,10,22026
1022600064,1611661328,1641651,4665,-0.0980000000,232,-12.2430000000,3586,0.5290000000,112,-5.7330000000,735,1.5330000000,10,22026
1022600064,1611661321,1641652,3759,-10.1930000000,167,-8.7960000000,2082,-12.1660000000,140,-61.4860000000,1370,-2.1240000000,10,22026
1022600064,1611661328,1641660,1725,4.9820000000,240,-9.4210000000,1196,7.1370000000,39,-29.0720000000,250,13.8100000000,10,22026
1022600064,1611661328,1642307,1228,3.9840000000,143,0.5450000000,991,5.0920000000,31,-4.8230000000,63,-1.2940000000,10,22026
1022600064,1611661321,1642784,3663,1.3670000000,1192,-3.8320000000,1906,2.3710000000,276,12.8010000000,289,5.2670000000,10,22026
1022600064,1611661321,1642793,3202,-8.9190000000,465,-25.1200000000,2133,-8.1300000000,192,6.0830000000,412,-1.7130000000,10,22026
1022600064,1611661321,1642808,79,-87.5150000000,0,0.0000000000,18,-100.0000000000,0,0.0000000000,61,-83.8310000000,10,22026
1022600064,1611661321,1643425,3568,8.6810000000,340,2.9940000000,2141,10.7170000000,99,-0.7490000000,988,7.1700000000,10,22026
1022600064,1611661328,1643428,3686,6.7090000000,539,-12.0000000000,2492,12.6690000000,336,-13.5360000000,319,13.0810000000,10,22026
1022600064,1611661328,1643443,4429,5.1310000000,281,-3.1160000000,2215,4.0700000000,130,3.6600000000,1803,7.8280000000,10,22026
1022600065,1611661317,201886,1168,0.9850000000,144,6.5980000000,766,-1.6240000000,76,7.8550000000,182,4.6580000000,10,22026
1022600065,1611661324,203825,3848,10.1600000000,407,15.5270000000,2817,8.4670000000,63,11.5710000000,561,14.6080000000,10,22026
1022600065,1611661317,203826,4534,-2.1120000000,1046,0.3340000000,2114,-6.4390000000,322,0.5040000000,1052,3.3520000000,10,22026
1022600065,1611661324,203827,3897,0.7700000000,276,-1.7170000000,1682,0.0900000000,207,-3.2970000000,1732,2.3140000000,10,22026
1022600065,1611661317,204468,2112,7.3190000000,402,4.2610000000,991,2.8860000000,74,15.3820000000,645,15.1090000000,10,22026
1022600065,1611661317,1627674,5219,6.2540000000,879,8.8610000000,3536,5.2330000000,204,-0.5540000000,600,10.7680000000,10,22026
1022600065,1611661324,1627675,5382,1.2820000000,2018,-2.1870000000,3075,2.8970000000,177,5.1270000000,112,13.3980000000,10,22026
1022600065,1611661324,1628269,3742,-6.2800000000,295,-9.6640000000,2886,-8.2150000000,34,-38.7470000000,527,8.3030000000,10,22026
1022600065,1611661324,1629479,2977,4.4680000000,260,-44.4800000000,1028,3.2000000000,107,-4.0280000000,1582,13.9110000000,10,22026
1022600065,1611661317,1630442,3693,-4.0160000000,148,1.0090000000,1652,-7.4610000000,76,10.7070000000,1817,-1.9080000000,10,22026
1022600065,1611661324,1630471,2991,-5.6970000000,387,5.6180000000,2303,-6.8620000000,99,-9.9160000000,202,-12.0340000000,10,22026
1022600065,1611661317,1631118,2889,1.5120000000,328,-4.8210000000,2221,2.4320000000,98,8.2650000000,242,-1.0910000000,10,22026
1022600065,1611661317,1642768,3695,-6.0310000000,394,-6.1490000000,1807,-8.5120000000,110,-21.3460000000,1384,-1.5410000000,10,22026
1022600065,1611661317,1642777,3856,3.4850000000,1207,9.0750000000,2093,0.0190000000,199,7.1140000000,357,2.8820000000,10,22026
1022600065,1611661324,1642797,3275,-2.3110000000,153,-4.8930000000,1859,-3.5090000000,135,-12.4870000000,1128,1.2330000000,10,22026
1022600065,1611661324,1643426,4772,-3.8430000000,1522,0.7250000000,2667,-6.3010000000,401,-2.8430000000,182,-8.2370000000,10,22026
1022600065,1611661317,1643470,138,6.2800000000,33,-1.8120000000,85,11.8150000000,7,-6.0710000000,13,-2.7230000000,10,22026
1022600065,1611661317,1643487,1674,-5.3140000000,318,-3.6800000000,1037,-7.8630000000,141,-0.5050000000,178,2.8020000000,10,22026
1022600065,1611661324,1643489,4201,0.6300000000,437,0.3510000000,3229,0.6920000000,39,3.1360000000,496,0.2820000000,10,22026
1022600065,1611661317,1643493,4463,1.3880000000,368,4.7110000000,3441,0.1480000000,64,8.3000000000,590,5.7960000000,10,22026
1022600065,1611661317,1643505,3136,5.7170000000,594,1.0760000000,2001,5.8080000000,77,9.6310000000,464,10.6200000000,10,22026
1022600066,1611661323,203398,4639,0.2910000000,288,-11.9470000000,1682,-4.3640000000,343,-2.5920000000,2326,5.5980000000,10,22026
1022600066,1611661330,1628277,7511,9.0980000000,775,-0.7020000000,5762,10.4270000000,308,-2.3980000000,666,14.3280000000,10,22026
1022600066,1611661330,1628280,130,-11.1780000000,103,-12.8980000000,27,-4.6190000000,0,0.0000000000,0,0.0000000000,10,22026
1022600066,1611661330,1628886,7377,-5.5320000000,2467,-8.2570000000,3970,-2.7590000000,557,-16.6270000000,383,-0.5840000000,10,22026
1022600066,1611661323,1629568,2740,-7.4770000000,223,-7.5150000000,1780,-5.7010000000,117,-7.8910000000,620,-12.4820000000,10,22026
1022600066,1611661330,1631009,7745,8.0970000000,1554,-5.1970000000,4903,10.7880000000,242,-6.0780000000,1046,18.5110000000,10,22026
1022600066,1611661330,1631021,719,7.4470000000,35,-29.5940000000,582,14.2900000000,47,-34.8470000000,55,-5.2530000000,10,22026
1022600066,1611661330,1631044,7045,-1.7560000000,384,-13.5920000000,5445,-2.0120000000,70,-5.4030000000,1146,3.6480000000,10,22026
1022600066,1611661323,1631135,1570,-24.1510000000,42,-2.0120000000,593,-23.9680000000,120,-23.4850000000,815,-25.5240000000,10,22026
1022600066,1611661323,1641649,3906,3.3660000000,385,-7.0390000000,2954,4.7430000000,50,-6.8680000000,517,4.2350000000,10,22026
1022600066,1611661323,1642290,47,17.2620000000,0,0.0000000000,7,-15.9000000000,0,0.0000000000,40,23.0650000000,10,22026
1022600066,1611661330,1642291,5800,3.2040000000,585,-19.6720000000,2973,3.0350000000,281,-14.3650000000,1961,12.8020000000,10,22026
1022600066,1611661330,1642302,1024,-14.8190000000,77,-8.9140000000,896,-16.6520000000,0,0.0000000000,51,8.4670000000,10,22026
1022600066,1611661323,1642303,4385,-5.9410000000,1782,-14.8590000000,1884,-2.3990000000,203,-1.1590000000,516,10.0430000000,10,22026
1022600066,1611661323,1642800,4520,-7.4180000000,420,-11.1680000000,2420,-11.0650000000,194,5.6250000000,1486,-2.1200000000,10,22026
1022600066,1611661330,1642801,264,20.7760000000,0,0.0000000000,208,25.6940000000,0,0.0000000000,56,2.5090000000,10,22026
1022600066,1611661330,1642804,1427,-1.5590000000,327,-11.5490000000,1012,2.6900000000,47,-31.4060000000,41,7.4660000000,10,22026
1022600066,1611661323,1642809,4474,-2.6460000000,685,-13.0870000000,3284,-1.9690000000,151,-5.5040000000,354,12.4980000000,10,22026
1022600066,1611661323,1643429,644,-14.6860000000,13,-0.2080000000,617,-15.4580000000,0,0.0000000000,14,5.8570000000,10,22026
1022600066,1611661330,1643431,2109,4.7090000000,176,1.7380000000,793,-0.0850000000,30,16.2870000000,1110,8.2920000000,10,22026
1022600066,1611661323,1643448,1457,-0.0470000000,186,-11.7250000000,698,4.2470000000,97,-62.8700000000,476,11.0210000000,10,22026
1022600066,1611661323,1643449,2652,-0.3060000000,848,-9.2130000000,1460,3.8970000000,62,-16.2450000000,282,8.2200000000,10,22026
1022600066,1611661330,1643469,264,5.1200000000,217,5.0070000000,47,5.6400000000,0,0.0000000000,0,0.0000000000,10,22026
1022600067,1611661329,203400,4723,6.8280000000,1093,-0.7760000000,3023,8.7800000000,236,7.0290000000,371,13.1980000000,10,22026
1022600067,1611661329,204322,2565,0.0640000000,93,-4.2120000000,1039,-6.8030000000,217,-22.4130000000,1216,10.2700000000,10,22026
1022600067,1611661329,204333,4126,-1.9520000000,1218,-7.7590000000,2301,-1.4870000000,263,13.2790000000,344,3.8590000000,10,22026
1022600067,1611661329,1627671,2977,4.9430000000,351,1.5580000000,2263,3.6140000000,24,-20.9120000000,339,19.1450000000,10,22026
1022600067,1611661329,1628922,3383,2.0690000000,599,-4.5390000000,2059,0.7780000000,136,-2.6070000000,589,14.3820000000,10,22026
1022600067,1611661329,1630096,1336,1.1770000000,80,2.7720000000,522,-3.2450000000,89,-12.9090000000,645,6.5010000000,10,22026
1022600067,1611661322,1630446,4279,4.9080000000,376,-8.5090000000,3218,4.7100000000,100,0.0360000000,585,15.4510000000,10,22026
1022600067,1611661322,1631022,4684,-3.8470000000,706,-17.6370000000,2166,-4.2580000000,563,-6.0610000000,1249,5.6560000000,10,22026
1022600067,1611661329,1642289,5725,-1.0550000000,447,-13.8270000000,2754,-5.9920000000,187,-13.9170000000,2337,8.2360000000,10,22026
1022600067,1611661329,1642292,5507,4.0290000000,880,-0.0460000000,3890,4.8790000000,225,0.6770000000,512,6.0430000000,10,22026
1022600067,1611661329,1642321,3495,0.6410000000,609,-8.5810000000,2406,-0.3730000000,90,-25.3160000000,390,27.2910000000,10,22026
1022600067,1611661322,1642781,3955,-1.1860000000,1140,-12.2310000000,2314,1.0070000000,192,4.8860000000,309,19.3660000000,10,22026
1022600067,1611661322,1642792,4902,-1.8360000000,336,-9.5200000000,2565,-8.4910000000,247,4.5150000000,1754,8.4730000000,10,22026
1022600067,1611661322,1642802,1691,5.4960000000,318,6.9940000000,1066,4.0210000000,27,-44.2590000000,280,14.2100000000,10,22026
1022600067,1611661322,1643427,2740,0.2420000000,170,-7.8220000000,799,-3.2990000000,145,-9.9260000000,1626,3.7330000000,10,22026
1022600067,1611661322,1643430,4838,3.5710000000,591,-0.2640000000,3433,4.6590000000,241,-4.8730000000,573,4.5600000000,10,22026
1022600067,1611661322,1643450,209,-11.0650000000,82,-12.5850000000,127,-10.0830000000,0,0.0000000000,0,0.0000000000,10,22026
1022600067,1611661322,1643455,2311,-5.0080000000,254,-2.4440000000,1106,-7.1260000000,183,-19.8700000000,768,0.7370000000,10,22026
1022600067,1611661329,1643458,954,-1.2770000000,85,-37.4420000000,755,7.6000000000,30,-70.3670000000,84,-19.7950000000,10,22026
1022600067,1611661322,1643467,3427,0.2360000000,214,-3.7250000000,2606,0.6060000000,99,3.5760000000,508,-0.6400000000,10,22026
1022600067,1611661322,1643644,3365,0.9180000000,1031,-1.5830000000,1733,0.4370000000,250,0.2500000000,351,11.1070000000,10,22026
1022600068,1611661331,203026,2449,-5.3680000000,901,-4.4210000000,1462,-6.7550000000,34,37.2030000000,52,-10.6230000000,10,22026
1022600068,1611661331,203866,4477,-3.5690000000,158,-1.5880000000,4000,-4.1360000000,0,0.0000000000,319,2.5580000000,10,22026
1022600068,1611661331,204329,3443,-9.5340000000,225,-4.7740000000,1805,-11.4330000000,22,-29.7360000000,1391,-7.5200000000,10,22026
1022600068,1611661327,1628317,2117,-0.5800000000,129,3.7350000000,1460,-4.5110000000,53,-8.8660000000,475,11.2560000000,10,22026
1022600068,1611661331,1628508,3565,4.5830000000,686,-0.8530000000,2190,2.9960000000,156,9.6620000000,533,16.6140000000,10,22026
1022600068,1611661331,1628931,4509,-2.4880000000,691,-2.2960000000,3374,-3.6810000000,106,6.4450000000,338,6.2270000000,10,22026
1022600068,1611661327,1629484,4729,0.2160000000,116,8.4410000000,2678,-2.7610000000,160,-0.7810000000,1775,4.2600000000,10,22026
1022600068,1611661327,1629524,5156,3.4890000000,411,-15.4350000000,3756,4.2300000000,124,0.4900000000,865,9.6960000000,10,22026
1022600068,1611661331,1630097,2270,-4.3180000000,326,-2.5400000000,1505,-6.5760000000,61,22.3930000000,378,-1.1690000000,10,22026
1022600068,1611661327,1630143,2227,5.5350000000,150,-3.3640000000,1274,3.3840000000,46,10.9110000000,757,10.5920000000,10,22026
1022600068,1611661331,1631007,3768,8.5500000000,1539,4.6270000000,1823,11.6040000000,209,8.0970000000,197,11.4210000000,10,22026
1022600068,1611661327,1631083,5264,-0.8150000000,300,-6.8750000000,3745,-2.2290000000,222,-20.2790000000,997,10.6540000000,10,22026
1022600068,1611661331,1641656,415,4.4860000000,0,0.0000000000,204,42.2340000000,0,0.0000000000,211,-32.0100000000,10,22026
1022600068,1611661327,1641683,680,-10.0300000000,434,-7.6470000000,204,-13.1170000000,33,-17.3300000000,9,-28.1670000000,10,22026
1022600068,1611661327,1642296,2513,-3.9880000000,54,2.2630000000,1803,-8.6560000000,26,18.6270000000,630,7.9010000000,10,22026
1022600068,1611661327,1642304,4452,-2.3370000000,2754,-6.2430000000,1311,2.9640000000,220,12.2090000000,167,1.2810000000,10,22026
1022600068,1611661331,1642767,4067,-3.7060000000,324,-0.6660000000,2407,1.8770000000,80,-3.2710000000,1256,-15.2170000000,10,22026
1022600068,1611661327,1642782,3986,0.7380000000,393,1.3530000000,2955,-0.1390000000,150,-7.4990000000,488,8.0900000000,10,22026
1022600068,1611661331,1642794,2724,6.2680000000,519,9.9060000000,1940,6.4290000000,43,28.0120000000,222,-7.8580000000,10,22026
1022600068,1611661331,1642822,3314,6.9390000000,759,2.4760000000,2083,8.8180000000,172,-4.8560000000,300,11.9430000000,10,22026
1022600068,1611661327,1643436,1435,10.1850000000,12,43.1920000000,480,10.7520000000,67,7.9310000000,876,9.5950000000,10,22026
1022600068,1611661331,1643479,229,-10.3860000000,4,-33.9250000000,169,-23.0710000000,17,49.5410000000,39,20.8720000000,10,22026
1022600068,1611661327,1643494,1101,1.4480000000,47,-2.6910000000,843,1.4590000000,0,0.0000000000,211,2.3280000000,10,22026
1022600068,1611661327,1643506,2032,-7.6340000000,1099,-5.7860000000,732,-10.9920000000,146,-14.5960000000,55,18.6090000000,10,22026
1022600069,1611661320,203014,5090,0.6610000000,360,-5.6530000000,2479,-5.9740000000,340,-7.7090000000,1911,11.9470000000,10,22026
1022600069,1611661319,203833,5725,-0.7850000000,1511,-1.5030000000,3239,-1.5550000000,241,-9.5310000000,734,6.9600000000,10,22026
1022600069,1611661319,203855,4404,-1.4810000000,318,-1.2870000000,3563,-2.4520000000,33,14.0420000000,490,4.4080000000,10,22026
1022600069,1611661319,204323,1212,3.9390000000,115,11.1800000000,618,1.4230000000,95,17.6930000000,384,2.4180000000,10,22026
1022600069,1611661320,204324,4601,0.7430000000,667,-10.9730000000,2056,-3.2030000000,103,-10.1720000000,1775,10.3490000000,10,22026
1022600069,1611661320,204365,4796,-6.5980000000,1767,-13.5890000000,2766,-2.7880000000,164,-9.1050000000,99,15.8900000000,10,22026
1022600069,1611661320,1628878,4903,3.1690000000,774,-7.9640000000,3280,7.2160000000,155,-9.8680000000,694,-0.6320000000,10,22026
1022600069,1611661319,1628932,5952,7.4770000000,364,-2.2220000000,3027,7.6100000000,566,4.3890000000,1995,9.9210000000,10,22026
1022600069,1611661319,1629488,3298,-2.6370000000,63,-11.2510000000,1675,-8.4900000000,102,18.8150000000,1458,2.9590000000,10,22026
1022600069,1611661319,1629498,6624,-4.1640000000,2603,-4.5390000000,3007,-5.0000000000,477,-12.4470000000,537,9.6890000000,10,22026
1022600069,1611661320,1630148,866,11.8970000000,32,21.5410000000,726,9.2560000000,0,0.0000000000,108,26.7940000000,10,22026
1022600069,1611661320,1630996,5422,1.1190000000,802,-12.5500000000,3817,6.8070000000,371,-32.5790000000,432,5.1770000000,10,22026
1022600069,1611661319,1631006,3940,-3.7440000000,270,-3.9020000000,3240,-6.7110000000,7,-3.8140000000,423,19.0890000000,10,22026
1022600069,1611661319,1631019,4152,1.8990000000,161,-13.6910000000,1112,-1.3740000000,154,-17.6880000000,2725,5.2630000000,10,22026
1022600069,1611661320,1642287,3810,-5.3120000000,275,-11.4790000000,1907,-5.7000000000,258,-20.2340000000,1370,-0.7240000000,10,22026
1022600069,1611661320,1643444,763,9.4240000000,139,-8.8190000000,471,13.7780000000,60,-18.7450000000,93,32.8120000000,10,22026
1022600069,1611661320,1643462,3496,-0.6900000000,411,-10.3490000000,2695,1.5630000000,84,-29.6290000000,306,0.3830000000,10,22026
1022600070,1611661313,203822,2863,1.3990000000,408,-11.4200000000,2079,2.7180000000,52,-15.4310000000,324,11.7790000000,10,22026
1022600070,1611661313,204335,3250,-3.1730000000,560,-14.2450000000,2258,-1.1240000000,168,-6.9090000000,264,5.1630000000,10,22026
1022600070,1611661313,1627668,5504,2.0020000000,1167,-0.0150000000,2794,0.0380000000,370,-0.4490000000,1173,9.4570000000,10,22026
1022600070,1611661313,1627673,6373,4.8680000000,948,-0.7960000000,3528,5.0160000000,76,1.2200000000,1821,7.6820000000,10,22026
1022600070,1611661332,1627700,3113,-6.3880000000,1017,-8.1240000000,1880,-3.5740000000,133,-26.2740000000,83,-16.9730000000,10,22026
1022600070,1611661332,1628279,5212,3.1700000000,744,0.9600000000,2992,7.4230000000,509,-13.5830000000,967,0.5270000000,10,22026
1022600070,1611661332,1628915,596,5.4140000000,24,28.8290000000,572,4.4310000000,0,0.0000000000,0,0.0000000000,10,22026
1022600070,1611661332,1629497,3973,2.8580000000,1091,-2.6690000000,2388,7.1710000000,140,-9.6110000000,354,-4.2730000000,10,22026
1022600070,1611661313,1629546,5062,2.9570000000,686,-4.3940000000,3530,5.4070000000,68,-5.8660000000,778,-0.9100000000,10,22026
1022600070,1611661313,1629566,1993,-1.4040000000,38,0.1760000000,972,-7.1420000000,89,-10.1750000000,894,5.6410000000,10,22026
1022600070,1611661332,1629576,2718,-6.6250000000,228,-12.5350000000,2027,-4.4150000000,75,-14.8480000000,388,-13.1090000000,10,22026
1022600070,1611661313,1630142,4950,4.9420000000,537,-3.2450000000,3315,6.5250000000,134,-13.3370000000,964,6.6020000000,10,22026
1022600070,1611661313,1630149,2661,3.2360000000,649,-2.3620000000,1434,3.9050000000,103,16.1240000000,475,6.0730000000,10,22026
1022600070,1611661332,1631055,4059,-6.4010000000,245,-18.3230000000,2308,-4.9330000000,107,-12.7100000000,1399,-6.2520000000,10,22026
1022600070,1611661313,1631136,5248,-1.4630000000,1325,-7.3440000000,2647,1.3060000000,207,-17.5290000000,1069,2.0820000000,10,22026
1022600070,1611661332,1631263,1188,-4.2530000000,27,-15.3890000000,375,-3.1230000000,46,-52.3200000000,740,-1.4320000000,10,22026
1022600070,1611661332,1643420,3342,-6.9800000000,97,-16.5220000000,2218,-4.6130000000,95,-12.4760000000,932,-11.0580000000,10,22026
1022600070,1611661332,1643445,3603,-3.1540000000,956,-3.8920000000,2184,0.2960000000,147,-41.7090000000,316,-6.8330000000,10,22026
1022600070,1611661332,1643457,1431,0.1540000000,82,-2.7840000000,900,0.9400000000,39,26.7820000000,410,-3.5170000000,10,22026
1022600070,1611661332,1643647,495,2.5740000000,119,-2.1570000000,337,5.1950000000,25,-18.9000000000,14,18.0570000000,10,22026
1022600071,1611661317,201886,4268,-2.8960000000,384,-2.3620000000,3138,-4.5450000000,69,8.6420000000,677,3.2700000000,10,22026
1022600071,1611661317,203826,5265,5.8390000000,1597,-3.7580000000,1879,7.0830000000,457,14.6410000000,1332,12.5690000000,10,22026
1022600071,1611661328,203828,4950,5.3850000000,431,12.7480000000,2763,3.5720000000,96,2.8150000000,1660,6.6390000000,10,22026
1022600071,1611661317,204468,446,-0.2130000000,36,4.5190000000,341,-1.7040000000,8,74.5130000000,61,-4.4660000000,10,22026
1022600071,1611661317,1627674,5793,5.2780000000,693,9.3770000000,4156,4.7440000000,279,4.3860000000,665,4.7150000000,10,22026
1022600071,1611661328,1629478,3962,5.0370000000,267,-0.5130000000,3171,3.8160000000,58,-10.1600000000,466,18.4210000000,10,22026
1022600071,1611661328,1629567,6033,-2.9290000000,2414,-7.2600000000,2962,-0.3340000000,312,-8.3620000000,345,10.0020000000,10,22026
1022600071,1611661317,1630442,4477,-2.8820000000,113,-16.3420000000,1775,-7.8090000000,110,7.4720000000,2479,0.8000000000,10,22026
1022600071,1611661317,1631118,2533,8.6160000000,292,6.4660000000,1727,6.3290000000,104,7.4470000000,410,20.0780000000,10,22026
1022600071,1611661328,1631141,2383,-1.4540000000,530,-10.2850000000,1514,-2.0880000000,105,5.7890000000,234,19.3940000000,10,22026
1022600071,1611661328,1641651,3793,0.1440000000,293,-10.6280000000,2691,1.0000000000,81,-17.7040000000,728,3.3020000000,10,22026
1022600071,1611661328,1641660,2802,4.9970000000,551,-0.9730000000,1834,5.5030000000,113,-2.9940000000,304,15.7340000000,10,22026
1022600071,1611661328,1642307,3805,2.1110000000,167,8.8920000000,2475,2.1600000000,34,-4.6820000000,1129,1.2040000000,10,22026
1022600071,1611661317,1642777,4840,-0.4990000000,1473,-0.9580000000,2538,-6.2320000000,158,15.6070000000,671,18.3990000000,10,22026
1022600071,1611661328,1643428,5840,7.7310000000,1158,-1.6510000000,3694,7.9940000000,215,10.2050000000,773,19.8450000000,10,22026
1022600071,1611661328,1643443,6608,0.6750000000,844,-1.0140000000,3283,-1.1270000000,371,-11.2240000000,2110,6.2460000000,10,22026
1022600071,1611661317,1643493,3642,1.1210000000,398,0.3320000000,2435,1.0920000000,146,-0.1620000000,663,1.9810000000,10,22026
1022600071,1611661317,1643505,1756,7.6080000000,242,-1.6510000000,1144,5.1030000000,45,5.6310000000,325,23.5950000000,10,22026
1022600072,1611661330,1628277,7141,7.2640000000,854,-5.1680000000,5268,10.8290000000,276,-13.3030000000,743,3.9160000000,10,22026
1022600072,1611661325,1628881,2540,-13.9970000000,270,-16.1170000000,1157,-14.8560000000,69,-20.3250000000,1044,-12.0790000000,10,22026
1022600072,1611661330,1628886,5881,-4.3090000000,1989,-11.8020000000,3398,0.9330000000,321,-7.5650000000,173,-15.0700000000,10,22026
1022600072,1611661325,1628899,2459,-13.6080000000,233,-11.6390000000,1225,-16.5620000000,83,-37.1890000000,918,-8.0330000000,10,22026
1022600072,1611661325,1628909,5265,10.8620000000,978,-4.8640000000,3017,15.3970000000,253,-9.7290000000,1017,17.6530000000,10,22026
1022600072,1611661325,1629482,3048,4.4180000000,56,-4.7380000000,2579,4.6010000000,0,0.0000000000,413,4.5130000000,10,22026
1022600072,1611661330,1631009,7140,12.9950000000,1194,4.1130000000,5020,13.7190000000,84,-6.2940000000,842,23.2010000000,10,22026
1022600072,1611661330,1631021,208,-11.9020000000,50,-24.1880000000,158,-8.0150000000,0,0.0000000000,0,0.0000000000,10,22026
1022600072,1611661330,1631044,5056,-12.4170000000,516,-26.8490000000,3315,-12.2420000000,139,-19.9190000000,1086,-5.1320000000,10,22026
1022600072,1611661325,1631086,3262,-1.2120000000,142,-15.6770000000,2734,0.2220000000,42,-38.6900000000,344,-2.0620000000,10,22026
1022600072,1611661325,1641648,4785,-5.4810000000,686,-18.0610000000,2516,-7.2480000000,240,-9.4510000000,1343,4.9640000000,10,22026
1022600072,1611661325,1642286,5191,2.9530000000,1695,-6.0710000000,2449,12.7280000000,524,-16.2250000000,523,5.6410000000,10,22026
1022600072,1611661330,1642291,5880,-1.7730000000,572,-2.7960000000,2243,-1.7220000000,198,-28.4830000000,2867,0.2360000000,10,22026
1022600072,1611661330,1642302,1460,0.0670000000,206,5.2660000000,1010,1.1170000000,87,-27.0800000000,157,1.5310000000,10,22026
1022600072,1611661330,1642801,147,5.4310000000,0,0.0000000000,147,5.4310000000,0,0.0000000000,0,0.0000000000,10,22026
1022600072,1611661330,1642804,3213,0.2140000000,745,-11.5440000000,2129,5.1140000000,119,-30.2410000000,220,9.0870000000,10,22026
1022600072,1611661325,1642815,2034,-9.5580000000,0,0.0000000000,735,-11.3030000000,33,24.2210000000,1266,-9.4250000000,10,22026
1022600072,1611661330,1643431,2114,-0.6750000000,226,-4.9670000000,606,6.3180000000,116,-32.5870000000,1166,-0.3030000000,10,22026
1022600072,1611661325,1643433,3364,-4.3690000000,891,-7.1660000000,1922,-3.7110000000,210,-7.6640000000,341,1.2600000000,10,22026
1022600072,1611661330,1643469,208,2.4250000000,7,8.5710000000,189,1.1360000000,0,0.0000000000,12,19.1500000000,10,22026
1022600073,1611661331,203026,5156,2.9510000000,1314,3.5290000000,3111,-0.1660000000,297,15.7090000000,434,14.8160000000,10,22026
1022600073,1611661324,203825,4955,4.5930000000,590,-9.2470000000,3742,5.6350000000,107,25.6150000000,516,8.5070000000,10,22026
1022600073,1611661324,203827,3982,-10.2000000000,218,-16.4170000000,1937,-8.6530000000,219,-29.7790000000,1608,-8.5530000000,10,22026
1022600073,1611661331,203866,2814,-3.7140000000,214,13.0230000000,1813,-3.6630000000,90,-29.8930000000,697,-5.6020000000,10,22026
1022600073,1611661331,204329,2366,-14.1890000000,50,48.3360000000,1735,-18.5360000000,7,-21.7860000000,574,-6.4050000000,10,22026
1022600073,1611661324,1627675,4838,-3.9730000000,1258,-10.0870000000,3050,-0.6070000000,168,-34.6950000000,362,3.1750000000,10,22026
1022600073,1611661324,1628269,5368,-10.9830000000,493,-12.5890000000,3917,-10.3700000000,59,-6.6970000000,899,-13.0520000000,10,22026
1022600073,1611661331,1628508,5377,1.2520000000,996,4.3700000000,3755,-1.0000000000,114,26.0680000000,512,6.1820000000,10,22026
1022600073,1611661331,1628931,5500,3.4570000000,816,2.0790000000,4004,1.9850000000,133,20.9050000000,547,12.0420000000,10,22026
1022600073,1611661324,1629479,459,-10.6240000000,51,-37.9370000000,184,-13.3450000000,3,-26.0670000000,221,-1.8460000000,10,22026
1022600073,1611661324,1629483,247,-90.1630000000,0,0.0000000000,82,-88.6620000000,0,0.0000000000,165,-90.9080000000,10,22026
1022600073,1611661331,1630097,2886,3.8640000000,58,24.8360000000,2348,2.7710000000,10,71.3300000000,470,5.2990000000,10,22026
1022600073,1611661324,1630471,1400,-8.5420000000,286,-13.8290000000,1060,-8.6680000000,10,21.0200000000,44,22.1500000000,10,22026
1022600073,1611661331,1631007,4911,6.6310000000,1756,3.2770000000,2429,6.7640000000,294,9.6510000000,432,17.4540000000,10,22026
1022600073,1611661331,1642767,4367,0.7550000000,568,6.3010000000,2728,-3.6140000000,91,-8.5120000000,980,10.5640000000,10,22026
1022600073,1611661331,1642794,1558,-6.2550000000,183,5.8670000000,1206,-8.1200000000,41,-23.8410000000,128,-0.3880000000,10,22026
1022600073,1611661324,1642797,1780,1.4320000000,84,-7.3350000000,1091,-0.2130000000,68,17.0280000000,537,4.1710000000,10,22026
1022600073,1611661331,1642822,5345,-0.7370000000,966,-0.6820000000,3655,-2.2780000000,104,1.4690000000,620,7.8880000000,10,22026
1022600073,1611661324,1643426,4712,-9.0450000000,1905,-16.7780000000,2307,-1.3320000000,244,-9.7490000000,256,-20.3330000000,10,22026
1022600073,1611661324,1643489,1801,1.2510000000,127,-5.9020000000,1388,-0.1240000000,0,0.0000000000,286,11.0960000000,10,22026
1022600074,1611661323,203398,4953,7.8170000000,157,-6.7380000000,1226,-6.7380000000,333,31.6640000000,3237,11.5820000000,10,22026
1022600074,1611661329,203400,5844,4.5270000000,1951,-3.2470000000,3150,11.0570000000,391,-8.3160000000,352,3.4330000000,10,22026
1022600074,1611661329,204322,4325,-2.5450000000,285,-18.5930000000,1770,-0.4430000000,261,-27.3360000000,2009,1.1010000000,10,22026
1022600074,1611661329,204333,5570,-1.8890000000,1384,-10.8840000000,3520,2.5710000000,273,-19.7880000000,393,2.2770000000,10,22026
1022600074,1611661329,1627671,4564,3.7390000000,548,-8.7610000000,3650,4.7100000000,19,-3.5630000000,347,13.6610000000,10,22026
1022600074,1611661329,1628922,3530,-4.2260000000,543,-14.5960000000,2269,-5.3780000000,98,-30.5550000000,620,13.2320000000,10,22026
1022600074,1611661323,1631135,1499,1.2070000000,50,-5.8340000000,459,1.9930000000,65,-11.6880000000,925,2.1040000000,10,22026
1022600074,1611661323,1641649,5078,4.0010000000,708,-5.1000000000,3428,3.7220000000,247,-3.6180000000,695,17.3540000000,10,22026
1022600074,1611661329,1642289,5912,-4.7170000000,503,-17.2660000000,2724,-4.6040000000,287,-35.4490000000,2398,1.4640000000,10,22026
1022600074,1611661329,1642292,4803,5.8770000000,524,-1.3310000000,3769,5.8850000000,194,18.4470000000,316,10.0160000000,10,22026
1022600074,1611661323,1642303,6106,2.8720000000,1846,-8.2530000000,3352,6.0190000000,222,18.3680000000,686,12.4160000000,10,22026
1022600074,1611661329,1642321,2804,1.8850000000,355,-9.2050000000,2168,1.6240000000,84,-4.0300000000,197,27.2620000000,10,22026
1022600074,1611661323,1642800,5475,-4.2080000000,544,-5.7890000000,2873,-9.2270000000,215,-16.4480000000,1843,5.5120000000,10,22026
1022600074,1611661323,1642809,4151,-3.2200000000,806,-15.6570000000,2783,-0.5570000000,271,-11.1420000000,291,13.1410000000,10,22026
1022600074,1611661323,1642817,1211,0.6750000000,326,-4.5300000000,783,5.4400000000,58,-25.7720000000,44,-10.6930000000,10,22026
1022600074,1611661323,1643429,865,11.7250000000,40,9.3300000000,615,13.1450000000,36,12.9220000000,174,7.0110000000,10,22026
1022600074,1611661323,1643437,250,-6.9330000000,78,-18.5870000000,133,-0.0770000000,25,-9.1960000000,14,-3.1000000000,10,22026
1022600074,1611661323,1643441,1707,2.2050000000,126,-2.6460000000,630,0.4290000000,90,-4.9510000000,861,4.9620000000,10,22026
1022600074,1611661323,1643448,2968,0.2770000000,380,-0.9920000000,2070,0.0680000000,181,5.8450000000,337,0.0000000000,10,22026
1022600074,1611661323,1643449,1891,-0.0350000000,414,-6.7690000000,1196,-0.1290000000,32,-30.7220000000,249,15.5540000000,10,22026
1022600074,1611661329,1643458,1692,-3.7100000000,105,-6.2030000000,1512,-3.6790000000,0,0.0000000000,75,-0.8400000000,10,22026
1022600075,1611661321,202252,646,1.9830000000,83,3.2250000000,447,-1.6040000000,0,0.0000000000,116,14.9190000000,10,22026
1022600075,1611661320,203014,4763,-5.6060000000,423,-13.6100000000,3078,-6.2160000000,96,-9.6890000000,1166,-0.7580000000,10,22026
1022600075,1611661321,203824,1190,-5.3230000000,255,-15.6330000000,820,-2.7370000000,24,-20.0580000000,91,4.1560000000,10,22026
1022600075,1611661320,204324,4384,-2.3990000000,453,-15.3730000000,2252,-3.3370000000,107,-41.3210000000,1572,5.3320000000,10,22026
1022600075,1611661320,204365,4763,-8.0380000000,954,-18.8100000000,3340,-5.4690000000,77,-48.6960000000,392,4.2770000000,10,22026
1022600075,1611661320,1628276,4818,-1.3550000000,1690,-11.7940000000,2087,7.7530000000,556,-15.9920000000,485,12.6110000000,10,22026
1022600075,1611661320,1628878,3813,3.9150000000,272,-22.8320000000,3041,6.6820000000,128,-17.2300000000,372,8.1300000000,10,22026
1022600075,1611661321,1629481,4606,2.3680000000,873,-0.1700000000,3095,1.5250000000,96,2.6040000000,542,11.2240000000,10,22026
1022600075,1611661321,1629491,7315,-1.1540000000,1154,-8.8320000000,2655,-3.2600000000,409,-7.9080000000,3097,4.4050000000,10,22026
1022600075,1611661321,1629501,2954,-5.2470000000,147,0.7420000000,2073,-5.5360000000,73,-34.2890000000,661,-2.4680000000,10,22026
1022600075,1611661320,1630996,2790,0.2710000000,317,-16.1280000000,2075,4.2540000000,181,-11.1200000000,217,-4.3620000000,10,22026
1022600075,1611661321,1641652,4827,-0.7560000000,242,-6.5500000000,2957,-3.8750000000,112,-22.5870000000,1516,7.8660000000,10,22026
1022600075,1611661320,1642287,2194,0.5160000000,210,-12.7170000000,1369,2.1430000000,159,-12.2430000000,456,6.1730000000,10,22026
1022600075,1611661320,1642324,294,-3.2020000000,13,-0.4230000000,258,-5.3940000000,0,0.0000000000,23,19.8220000000,10,22026
1022600075,1611661321,1642784,6740,-0.2690000000,2417,-5.6390000000,3112,1.5620000000,439,4.3660000000,772,6.5300000000,10,22026
1022600075,1611661321,1642793,3216,0.3250000000,391,-3.6200000000,2359,1.3840000000,58,-9.3380000000,408,-0.6400000000,10,22026
1022600075,1611661321,1642808,9,-15.0000000000,0,0.0000000000,0,0.0000000000,0,0.0000000000,9,-15.0000000000,10,22026
1022600075,1611661321,1643425,6841,6.6720000000,754,6.5910000000,4637,6.2280000000,165,-11.3740000000,1285,10.6370000000,10,22026
1022600075,1611661320,1643462,646,1.9870000000,67,-3.2210000000,464,2.9550000000,4,1.4500000000,111,1.1050000000,10,22026
1022600076,1611661317,201886,5543,-7.9170000000,637,-9.2100000000,3991,-9.3480000000,229,-7.2050000000,686,1.3730000000,10,22026
1022600076,1611661317,204468,412,-9.0700000000,65,5.3310000000,347,-11.7680000000,0,0.0000000000,0,0.0000000000,10,22026
1022600076,1611661327,1628317,3299,1.8090000000,108,-7.9580000000,2706,-0.0860000000,13,-18.3920000000,472,15.4620000000,10,22026
1022600076,1611661327,1629484,4537,-0.8340000000,86,-5.1760000000,2550,-3.0140000000,71,25.6860000000,1830,1.3790000000,10,22026
1022600076,1611661327,1629524,5024,12.1040000000,721,7.8180000000,3152,13.2740000000,188,7.7310000000,963,12.3340000000,10,22026
1022600076,1611661327,1630143,3314,1.5460000000,311,-6.4220000000,2246,0.5940000000,72,-3.8130000000,685,8.8470000000,10,22026
1022600076,1611661317,1630442,4957,-0.7910000000,317,-6.8260000000,1615,0.7390000000,298,-7.6050000000,2727,-0.2510000000,10,22026
1022600076,1611661327,1631083,3463,5.4260000000,164,11.0130000000,2324,1.9050000000,182,3.8910000000,793,14.9420000000,10,22026
1022600076,1611661317,1631118,3139,4.8750000000,573,10.5690000000,2045,3.5940000000,131,10.1210000000,390,1.4640000000,10,22026
1022600076,1611661327,1642296,2611,4.3510000000,59,-7.1810000000,1753,1.7670000000,23,-39.0830000000,776,12.3520000000,10,22026
1022600076,1611661327,1642304,4727,-8.3800000000,2688,-9.9390000000,1387,-10.2630000000,276,0.5440000000,376,3.1640000000,10,22026
1022600076,1611661317,1642768,664,7.3010000000,90,-10.7840000000,244,4.4640000000,31,-22.7970000000,299,18.1800000000,10,22026
1022600076,1611661317,1642777,4597,4.3260000000,1598,5.2270000000,2650,4.8020000000,95,-0.6420000000,254,-4.4590000000,10,22026
1022600076,1611661327,1642782,6335,5.3710000000,712,9.4160000000,4209,3.1700000000,250,5.8000000000,1164,10.7600000000,10,22026
1022600076,1611661317,1643438,1596,-0.0490000000,122,0.7070000000,796,-6.6330000000,37,-28.4190000000,641,9.6200000000,10,22026
1022600076,1611661317,1643487,1565,-7.2360000000,26,15.7460000000,1296,-7.0500000000,49,23.2390000000,194,-19.2590000000,10,22026
1022600076,1611661317,1643493,4468,-1.4200000000,276,1.6180000000,3527,-1.6380000000,69,-23.7090000000,596,1.0400000000,10,22026
1022600076,1611661327,1643494,2815,4.0870000000,31,-3.2350000000,1714,0.6070000000,113,13.9330000000,957,9.3950000000,10,22026
1022600076,1611661317,1643505,5268,4.5940000000,1599,10.9950000000,3204,1.1270000000,191,8.4760000000,274,5.0690000000,10,22026
1022600076,1611661327,1643506,3148,0.1020000000,1614,-3.0700000000,1272,4.1930000000,177,1.5380000000,85,-3.8650000000,10,22026
1022600077,1611661324,203825,3501,5.0260000000,474,-0.8070000000,2209,3.5590000000,103,9.0830000000,715,12.8410000000,10,22026
1022600077,1611661324,203827,4724,1.1260000000,404,-2.7160000000,2128,3.5900000000,368,0.6620000000,1824,-0.8030000000,10,22026
1022600077,1611661328,203828,3530,2.5250000000,440,11.5100000000,2213,-3.8160000000,5,15.5400000000,872,14.0100000000,10,22026
1022600077,1611661324,1627675,4323,0.5700000000,1106,-0.3050000000,2863,3.4250000000,213,-29.5420000000,141,-5.0550000000,10,22026
1022600077,1611661324,1628269,4277,-2.4010000000,266,-8.6630000000,3593,-3.4220000000,46,32.6460000000,372,7.6100000000,10,22026
1022600077,1611661328,1629478,2808,0.9610000000,177,13.3040000000,2220,-0.9190000000,7,-9.1570000000,404,6.0610000000,10,22026
1022600077,1611661324,1629479,1170,15.3600000000,0,0.0000000000,451,9.0740000000,30,19.0500000000,689,19.3140000000,10,22026
1022600077,1611661328,1629567,4344,6.0430000000,1610,2.9290000000,2434,7.0820000000,125,10.1780000000,175,17.2940000000,10,22026
1022600077,1611661324,1630471,3412,-3.0510000000,285,9.4560000000,2583,-3.6430000000,63,0.5970000000,481,-7.7580000000,10,22026
1022600077,1611661328,1631141,3069,2.0730000000,1061,6.2410000000,1696,0.0980000000,172,2.8100000000,140,-6.4940000000,10,22026
1022600077,1611661328,1641651,3285,-1.2610000000,182,-2.0540000000,2514,-2.5260000000,86,6.5550000000,503,4.0160000000,10,22026
1022600077,1611661328,1641660,763,3.2170000000,90,-11.5540000000,559,7.6380000000,17,5.3590000000,97,-8.9360000000,10,22026
1022600077,1611661328,1642307,2107,-3.8020000000,140,-5.7740000000,1379,-6.8690000000,91,-7.2000000000,497,5.8850000000,10,22026
1022600077,1611661324,1642797,2471,-6.8860000000,195,-3.7830000000,1796,-6.5390000000,71,0.2920000000,409,-11.1390000000,10,22026
1022600077,1611661328,1642798,2694,-5.3760000000,211,6.7800000000,1519,-8.8750000000,125,-18.2330000000,839,-0.1830000000,10,22026
1022600077,1611661328,1642814,225,2.9160000000,5,45.7800000000,183,-0.4560000000,0,0.0000000000,37,13.8030000000,10,22026
1022600077,1611661324,1643426,5452,1.2250000000,2175,5.3420000000,2473,-1.8110000000,406,1.2580000000,398,-2.4480000000,10,22026
1022600077,1611661328,1643428,4306,5.0760000000,916,4.8270000000,2656,3.0790000000,266,10.1820000000,468,13.9990000000,10,22026
1022600077,1611661328,1643443,4709,3.3410000000,391,2.9110000000,2211,1.8860000000,158,8.1040000000,1949,4.6910000000,10,22026
1022600077,1611661328,1643473,268,0.4680000000,147,-8.9200000000,104,12.1420000000,16,13.2310000000,1,-37.7000000000,10,22026
1022600077,1611661324,1643489,2158,-5.1180000000,94,24.0210000000,1852,-1.9830000000,3,27.0000000000,209,-46.4630000000,10,22026
1022600078,1611661331,203026,2852,-3.2020000000,933,-13.5680000000,1454,10.4440000000,108,-26.7570000000,357,-24.5610000000,10,22026
1022600078,1611661319,203833,6424,0.3710000000,1944,-2.1150000000,3861,0.8140000000,190,1.7740000000,429,7.0340000000,10,22026
1022600078,1611661319,203855,3406,-8.8190000000,378,-9.1600000000,2638,-9.9680000000,81,-19.8220000000,309,4.2850000000,10,22026
1022600078,1611661331,203866,5465,1.4820000000,246,-19.9850000000,4343,1.8930000000,71,-22.0480000000,805,7.8980000000,10,22026
1022600078,1611661319,204319,5211,1.8700000000,425,-4.1800000000,3889,1.7210000000,67,2.0850000000,830,5.6510000000,10,22026
1022600078,1611661331,204329,2944,-1.7770000000,89,-15.4430000000,1481,2.0560000000,81,-24.8200000000,1293,-3.7820000000,10,22026
1022600078,1611661331,1628508,2700,9.2920000000,378,-3.7360000000,2067,12.3080000000,117,-13.1410000000,138,18.8140000000,10,22026
1022600078,1611661331,1628931,4326,-5.2180000000,1120,-18.6270000000,2629,4.6230000000,294,-51.0780000000,283,4.0630000000,10,22026
1022600078,1611661319,1628932,6094,8.5730000000,589,0.6240000000,2244,0.9870000000,541,25.8450000000,2720,13.1180000000,10,22026
1022600078,1611661319,1629488,1654,6.3020000000,42,7.0260000000,389,10.0600000000,0,0.0000000000,1223,5.0810000000,10,22026
1022600078,1611661319,1629498,6323,3.4500000000,2035,-2.9100000000,3313,6.2770000000,294,-2.0390000000,681,11.0740000000,10,22026
1022600078,1611661331,1630097,3526,8.7070000000,154,-1.6920000000,2766,10.2940000000,94,-33.1070000000,512,10.9360000000,10,22026
1022600078,1611661319,1631006,1272,-10.0780000000,162,-11.8490000000,815,-17.8980000000,19,-13.2890000000,276,14.2750000000,10,22026
1022600078,1611661331,1631007,5235,-7.5790000000,1757,-15.7380000000,2938,1.6960000000,326,-40.5090000000,214,-17.7620000000,10,22026
1022600078,1611661319,1631019,5132,-0.0690000000,156,-6.9270000000,1595,-5.5070000000,185,10.2870000000,3196,2.3800000000,10,22026
1022600078,1611661331,1641695,231,-11.5050000000,0,0.0000000000,149,-8.5450000000,0,0.0000000000,82,-16.8830000000,10,22026
1022600078,1611661331,1642767,4766,-3.6160000000,488,-12.8450000000,2749,-3.1570000000,131,-23.7310000000,1398,0.5870000000,10,22026
1022600078,1611661331,1642822,1468,0.9270000000,217,-10.3740000000,982,4.3430000000,99,-29.6410000000,170,13.4210000000,10,22026
1022600079,1611661330,1628277,4933,9.9080000000,587,5.3640000000,3821,9.7770000000,207,15.5140000000,318,16.2200000000,10,22026
1022600079,1611661330,1628886,4870,-4.7900000000,1711,-4.6560000000,2549,-5.0460000000,394,-4.0200000000,216,-4.2290000000,10,22026
1022600079,1611661322,1630446,3213,1.4070000000,182,-17.1690000000,2589,0.9110000000,10,50.4800000000,432,11.0730000000,10,22026
1022600079,1611661330,1631009,4447,4.8510000000,862,-5.7000000000,2974,6.6570000000,102,-15.1620000000,509,16.1770000000,10,22026
1022600079,1611661330,1631021,2544,-10.5560000000,234,-14.6360000000,1796,-12.0500000000,85,-33.3240000000,429,2.4360000000,10,22026
1022600079,1611661322,1631022,3414,-4.6190000000,455,-12.9480000000,1744,-7.0330000000,143,4.8890000000,1072,1.5740000000,10,22026
1022600079,1611661330,1631044,4688,-3.9360000000,343,-22.7400000000,3344,-5.0590000000,68,6.5630000000,933,6.2370000000,10,22026
1022600079,1611661330,1642291,4958,-4.2210000000,408,-18.4750000000,2471,-9.8600000000,329,-6.6760000000,1750,7.5280000000,10,22026
1022600079,1611661330,1642302,4186,-3.0450000000,545,-6.0490000000,3194,-3.7010000000,204,2.6000000000,243,7.5800000000,10,22026
1022600079,1611661322,1642781,4125,-0.0620000000,1676,-5.6460000000,2000,1.6830000000,77,30.7230000000,372,9.3440000000,10,22026
1022600079,1611661322,1642785,5105,14.6090000000,1065,4.2920000000,2917,19.8530000000,235,4.9900000000,888,12.3020000000,10,22026
1022600079,1611661322,1642792,4981,-4.8980000000,552,-5.0590000000,2938,-8.9210000000,243,-8.7090000000,1248,5.3880000000,10,22026
1022600079,1611661330,1642801,929,7.4290000000,67,-11.0250000000,801,9.8070000000,45,-4.0200000000,16,-2.1190000000,10,22026
1022600079,1611661330,1642804,2902,3.0950000000,892,-0.0630000000,1700,4.7720000000,117,-6.4190000000,193,8.6850000000,10,22026
1022600079,1611661322,1643427,3199,8.3730000000,242,4.3280000000,891,3.1710000000,174,-24.2160000000,1892,14.3370000000,10,22026
1022600079,1611661322,1643430,2683,4.0760000000,93,-7.7580000000,2094,3.3610000000,82,5.7500000000,414,10.0210000000,10,22026
1022600079,1611661330,1643431,3671,0.9740000000,148,-38.3290000000,1123,-6.6630000000,179,-14.3520000000,2221,8.6900000000,10,22026
1022600079,1611661322,1643450,397,-7.7750000000,169,-7.0120000000,203,-10.8130000000,0,0.0000000000,25,11.7320000000,10,22026
1022600079,1611661322,1643455,2562,-6.5750000000,175,-14.9980000000,1603,-10.3440000000,19,-17.1630000000,765,3.5130000000,10,22026
1022600079,1611661322,1643467,2198,5.8640000000,237,-7.5800000000,1620,7.6060000000,62,-19.0370000000,279,12.7010000000,10,22026
1022600079,1611661330,1643469,1370,0.3640000000,274,-8.5800000000,870,0.3040000000,116,4.1880000000,110,19.0910000000,10,22026
1022600079,1611661322,1643644,3549,-0.0810000000,1051,-7.3920000000,1967,0.0770000000,148,8.6640000000,383,15.7880000000,10,22026
1022600080,1611661313,203822,2010,6.4450000000,345,11.0240000000,1192,5.6230000000,23,-46.7830000000,450,7.8330000000,10,22026
1022600080,1611661313,204335,1788,0.0560000000,158,-14.2300000000,1195,3.2510000000,217,-18.1610000000,218,11.0290000000,10,22026
1022600080,1611661313,1627668,4690,-4.8410000000,975,-12.6260000000,2564,0.1620000000,301,-29.1510000000,850,-2.3920000000,10,22026
1022600080,1611661313,1627673,3891,-2.2420000000,275,-3.5720000000,2312,-2.4380000000,198,-14.7590000000,1106,0.7380000000,10,22026
1022600080,1611661325,1628881,6435,-2.3690000000,230,-4.3420000000,3014,-1.7030000000,106,-35.8420000000,3085,-1.7220000000,10,22026
1022600080,1611661325,1628899,2346,-4.7530000000,253,-16.2330000000,1163,-7.2980000000,38,-37.0390000000,892,3.1980000000,10,22026
1022600080,1611661325,1628909,5781,-0.4950000000,1489,-14.6370000000,3235,10.1810000000,434,-24.1970000000,623,-5.6220000000,10,22026
1022600080,1611661325,1629482,3342,3.7850000000,145,-6.1520000000,2803,5.8800000000,69,-27.9120000000,325,-3.1250000000,10,22026
1022600080,1611661313,1629546,3464,0.9480000000,579,-9.7690000000,2318,4.8660000000,74,-42.6280000000,493,1.6510000000,10,22026
1022600080,1611661313,1629566,1469,-9.1640000000,120,-5.1770000000,519,-3.7500000000,0,0.0000000000,830,-13.1270000000,10,22026
1022600080,1611661313,1630142,4241,2.5150000000,422,-5.0060000000,3053,4.0510000000,66,-24.7470000000,700,2.9200000000,10,22026
1022600080,1611661313,1630149,3424,-6.3040000000,431,-7.4550000000,2095,-4.9690000000,71,-8.0180000000,827,-8.9410000000,10,22026
1022600080,1611661313,1630469,960,1.3770000000,505,-9.2400000000,407,13.6440000000,0,0.0000000000,48,9.0730000000,10,22026
1022600080,1611661325,1631086,3660,3.4260000000,141,-11.0670000000,3038,4.2950000000,30,-48.0930000000,451,5.5280000000,10,22026
1022600080,1611661313,1631136,3690,-0.7000000000,980,-8.9170000000,1969,2.6170000000,195,-19.2310000000,546,8.7040000000,10,22026
1022600080,1611661325,1641648,5669,-3.0650000000,484,-13.2950000000,2662,-7.3970000000,359,-16.8770000000,2164,6.8440000000,10,22026
1022600080,1611661325,1642286,6255,2.5670000000,2228,-1.9740000000,3043,8.1940000000,502,-9.6190000000,482,0.7230000000,10,22026
1022600080,1611661325,1642815,587,1.6610000000,0,0.0000000000,185,2.9590000000,0,0.0000000000,402,1.0640000000,10,22026
1022600080,1611661325,1643433,3516,-11.9760000000,878,-16.0010000000,2099,-10.3380000000,124,-30.7850000000,415,-6.1270000000,10,22026
1022600081,1611661329,203400,4263,3.9460000000,1337,-0.7350000000,2226,5.0800000000,246,-5.5930000000,454,17.3420000000,10,22026
1022600081,1611661329,204322,3366,4.9940000000,113,-7.9750000000,1244,-0.9480000000,152,18.5520000000,1857,8.6540000000,10,22026
1022600081,1611661332,204330,2862,-0.4470000000,388,-4.0560000000,1642,-2.4050000000,38,-27.9160000000,794,6.6820000000,10,22026
1022600081,1611661329,204333,4184,-2.2870000000,1228,-4.4380000000,2442,-2.6730000000,183,18.1080000000,331,-2.7400000000,10,22026
1022600081,1611661329,1627671,3599,2.6640000000,339,3.2890000000,2796,1.3670000000,61,2.5570000000,403,11.1530000000,10,22026
1022600081,1611661332,1627700,4275,-5.7260000000,1334,-2.4000000000,2567,-6.7070000000,105,-27.6430000000,269,-4.2940000000,10,22026
1022600081,1611661332,1628279,5375,4.2180000000,1198,0.0380000000,3226,4.9010000000,436,-0.4970000000,515,13.6500000000,10,22026
1022600081,1611661332,1628915,1493,4.1720000000,141,1.1070000000,1157,4.8280000000,17,-0.6590000000,178,2.7950000000,10,22026
1022600081,1611661329,1628922,3946,6.8900000000,483,-3.4200000000,2467,4.1200000000,172,0.1810000000,824,22.6250000000,10,22026
1022600081,1611661332,1629497,5018,14.8610000000,944,17.4300000000,3159,16.1870000000,156,-19.3740000000,759,13.1810000000,10,22026
1022600081,1611661332,1629576,4248,-0.7940000000,566,1.7480000000,3016,0.2680000000,127,3.4700000000,539,-10.4050000000,10,22026
1022600081,1611661329,1630096,60,-21.2350000000,10,-40.3700000000,24,-17.7170000000,0,0.0000000000,26,-17.1230000000,10,22026
1022600081,1611661332,1631055,4316,-6.1000000000,437,-7.2700000000,2443,-5.8140000000,219,-24.8660000000,1217,-2.8780000000,10,22026
1022600081,1611661329,1642289,3415,5.4490000000,166,-0.3670000000,1459,0.6090000000,154,9.0600000000,1636,10.0150000000,10,22026
1022600081,1611661329,1642292,3535,0.6420000000,811,-6.0380000000,2531,2.7360000000,50,-12.5900000000,143,6.0900000000,10,22026
1022600081,1611661329,1642321,1406,-1.1810000000,64,-9.4720000000,1228,-2.9710000000,24,24.6000000000,90,22.2630000000,10,22026
1022600081,1611661332,1643420,3889,-10.6870000000,269,-6.0800000000,2244,-15.5940000000,141,-28.8230000000,1235,-0.7050000000,10,22026
1022600081,1611661332,1643445,29,11.8410000000,0,0.0000000000,29,11.8410000000,0,0.0000000000,0,0.0000000000,10,22026
1022600081,1611661329,1643447,3061,-3.1680000000,578,-3.5960000000,2075,-5.4090000000,153,9.3670000000,255,8.5120000000,10,22026
1022600081,1611661332,1643457,1871,-9.6790000000,13,-19.3080000000,1079,-14.1960000000,10,-16.2300000000,769,-3.0930000000,10,22026
1022600081,1611661329,1643458,1296,2.2300000000,117,-6.5500000000,960,0.9260000000,0,0.0000000000,219,12.6360000000,10,22026
1022600081,1611661332,1643647,594,-11.6940000000,223,-24.9830000000,344,-2.3560000000,20,-11.2400000000,7,-48.5860000000,10,22026
1022600082,1611661320,203014,4565,2.6540000000,389,-5.0780000000,2592,1.3130000000,177,9.5540000000,1407,6.3940000000,10,22026
1022600082,1611661320,204324,4272,-9.3610000000,328,-13.0480000000,1910,-15.4190000000,127,-4.8330000000,1907,-2.9620000000,10,22026
1022600082,1611661320,204365,3979,-8.0390000000,901,-7.0640000000,2726,-9.3940000000,83,-9.8370000000,269,2.9800000000,10,22026
1022600082,1611661320,1628276,4948,16.3730000000,1893,15.9380000000,2354,13.1780000000,416,34.5750000000,285,19.0880000000,10,22026
1022600082,1611661327,1628317,1318,4.4460000000,74,5.2270000000,1085,3.1620000000,12,25.3580000000,147,11.8230000000,10,22026
1022600082,1611661320,1628878,2482,-2.4240000000,296,-8.7360000000,1810,-3.0860000000,139,-5.9400000000,237,12.5780000000,10,22026
1022600082,1611661327,1629484,4387,4.4310000000,171,-18.7610000000,2546,5.2930000000,69,-1.8170000000,1601,5.8070000000,10,22026
1022600082,1611661327,1629524,5305,8.2800000000,641,7.1560000000,3648,5.8830000000,78,31.0770000000,938,16.4780000000,10,22026
1022600082,1611661327,1630143,3052,-2.1650000000,95,-21.0520000000,2041,-3.1830000000,39,2.2490000000,877,2.0520000000,10,22026
1022600082,1611661320,1630996,3533,-8.2070000000,269,-4.0490000000,2904,-8.9780000000,152,-4.4950000000,208,-5.5400000000,10,22026
1022600082,1611661327,1631083,4905,-4.1370000000,217,-9.0600000000,3116,-6.9940000000,158,-22.8270000000,1414,5.0030000000,10,22026
1022600082,1611661320,1642287,1076,-10.2690000000,19,-4.7260000000,515,-18.3600000000,25,7.0960000000,517,-3.2540000000,10,22026
1022600082,1611661327,1642296,2013,7.1290000000,67,-4.7010000000,1220,1.1780000000,26,-26.5460000000,700,19.8820000000,10,22026
1022600082,1611661327,1642304,5019,-3.3470000000,2670,-2.7830000000,1516,-3.8910000000,521,-6.2560000000,312,-0.6770000000,10,22026
1022600082,1611661320,1642324,1223,-7.6010000000,192,-5.5550000000,775,-6.7110000000,32,-21.8500000000,224,-10.4000000000,10,22026
1022600082,1611661327,1642782,6123,3.7560000000,690,-2.2170000000,4446,3.9030000000,134,-3.2180000000,853,8.9170000000,10,22026
1022600082,1611661320,1643462,1762,-0.8580000000,93,-13.2950000000,1303,-0.1790000000,37,-11.5240000000,329,1.1720000000,10,22026
1022600082,1611661327,1643494,2420,-2.5310000000,133,-10.1140000000,1665,-3.5160000000,97,-3.2250000000,525,2.6420000000,10,22026
1022600082,1611661327,1643506,2622,-12.0700000000,1450,-13.6650000000,728,-14.7770000000,142,4.4920000000,302,-5.6710000000,10,22026
1022600083,1611661313,203822,1513,0.1620000000,123,-3.5960000000,1077,-0.9740000000,23,-76.4390000000,290,12.0460000000,10,22026
1022600083,1611661313,204335,3614,-1.3500000000,660,-10.6100000000,2302,-0.0760000000,208,-20.7530000000,444,14.9030000000,10,22026
1022600083,1611661313,1627668,6625,5.4260000000,1112,-6.5940000000,3789,8.0190000000,356,-5.0690000000,1368,10.7440000000,10,22026
1022600083,1611661313,1629546,4519,6.9300000000,591,-3.2490000000,3062,9.2200000000,83,-5.1630000000,783,6.9370000000,10,22026
1022600083,1611661313,1629566,4364,-2.2420000000,580,-5.4010000000,1398,-3.4060000000,159,-18.9260000000,2227,0.5030000000,10,22026
1022600083,1611661323,1629568,2114,2.6540000000,32,-21.7470000000,1473,7.6070000000,11,-13.7090000000,598,-7.9410000000,10,22026
1022600083,1611661313,1630142,5657,6.4130000000,366,-5.5330000000,3922,6.9390000000,14,-16.8070000000,1355,8.3590000000,10,22026
1022600083,1611661313,1630149,3762,1.8060000000,496,-8.7220000000,2580,1.9000000000,86,6.5860000000,600,9.4220000000,10,22026
1022600083,1611661313,1630384,2631,0.1820000000,294,-5.5820000000,1002,2.9910000000,10,-30.9100000000,1325,-0.4290000000,10,22026
1022600083,1611661313,1630469,1044,-2.5900000000,336,-6.5310000000,507,-5.1150000000,54,-0.5520000000,147,14.3750000000,10,22026
1022600083,1611661323,1631135,4625,4.4170000000,194,7.4410000000,1523,-1.0370000000,270,9.9150000000,2638,6.7810000000,10,22026
1022600083,1611661313,1631136,5336,-1.4100000000,1947,-3.4880000000,2573,0.6920000000,301,-9.2280000000,515,0.5120000000,10,22026
1022600083,1611661323,1641649,3524,3.5590000000,295,-9.2010000000,2831,5.8520000000,99,-23.7800000000,299,3.4880000000,10,22026
1022600083,1611661323,1642290,4624,2.8930000000,180,-10.1840000000,1815,1.4010000000,262,-0.4220000000,2367,5.3980000000,10,22026
1022600083,1611661323,1642303,4039,-6.8130000000,1680,-12.9800000000,1806,-3.7080000000,201,1.2090000000,352,2.1060000000,10,22026
1022600083,1611661323,1642809,5215,-6.9500000000,1383,-8.0420000000,3202,-5.2150000000,382,-16.1780000000,248,-9.0400000000,10,22026
1022600083,1611661323,1643429,1913,-1.8630000000,254,-11.4710000000,1415,-1.4050000000,50,1.7840000000,194,6.4360000000,10,22026
1022600083,1611661323,1643441,1881,3.1540000000,53,-28.0340000000,502,3.8320000000,65,6.7850000000,1261,4.0070000000,10,22026
1022600083,1611661323,1643448,2044,-4.3380000000,252,8.4080000000,1388,-6.4680000000,117,0.8420000000,287,-7.3370000000,10,22026
1022600083,1611661323,1643449,2264,-3.0370000000,539,1.7750000000,1293,-6.8180000000,138,-9.5540000000,294,7.8260000000,10,22026
1022600084,1611661325,203024,2074,-7.9400000000,60,-14.2580000000,1376,-7.9580000000,81,-19.8960000000,557,-5.4780000000,10,22026
1022600084,1611661325,1628881,2826,-6.7410000000,104,2.3260000000,1348,-9.6470000000,54,-31.4130000000,1320,-3.4780000000,10,22026
1022600084,1611661325,1628899,3400,-10.6740000000,455,-19.2290000000,1865,-11.6400000000,102,-1.3490000000,978,-5.8250000000,10,22026
1022600084,1611661325,1628909,4997,2.6580000000,1096,-8.0880000000,2940,6.1100000000,343,2.0420000000,618,5.6340000000,10,22026
1022600084,1611661325,1629482,3724,-0.3740000000,413,-21.4690000000,2799,1.1790000000,82,-1.2740000000,430,9.9510000000,10,22026
1022600084,1611661325,1630112,2085,0.2410000000,385,-14.5960000000,1405,3.3720000000,40,-13.4420000000,255,7.5360000000,10,22026
1022600084,1611661322,1630446,4420,-0.9770000000,250,-20.9520000000,3715,0.0280000000,96,-5.7800000000,359,3.8180000000,10,22026
1022600084,1611661322,1631022,6650,-6.1700000000,821,-8.4420000000,3380,-2.3830000000,294,-32.4930000000,2155,-7.6520000000,10,22026
1022600084,1611661325,1631086,3439,-4.2440000000,326,-12.1370000000,2718,-5.5050000000,41,-1.0760000000,354,12.3380000000,10,22026
1022600084,1611661325,1641648,3439,-13.0190000000,372,-17.1120000000,1908,-14.4900000000,186,-32.7260000000,973,-4.8030000000,10,22026
1022600084,1611661325,1642286,4731,1.9450000000,1862,2.1830000000,2254,2.3580000000,231,-15.2970000000,384,8.7400000000,10,22026
1022600084,1611661322,1642781,5267,4.6950000000,2227,0.0200000000,2571,9.1300000000,91,10.5380000000,378,0.6590000000,10,22026
1022600084,1611661322,1642785,6945,15.4360000000,999,2.0000000000,4418,18.0590000000,82,-11.3060000000,1446,18.2200000000,10,22026
1022600084,1611661322,1642792,888,-6.8550000000,34,4.0620000000,561,-12.1820000000,39,-44.3970000000,254,9.2140000000,10,22026
1022600084,1611661325,1642815,322,12.1110000000,2,11.6500000000,64,7.9500000000,33,2.2730000000,223,14.7660000000,10,22026
1022600084,1611661322,1643427,1766,8.1180000000,151,10.2550000000,481,7.1400000000,18,8.8830000000,1116,8.2370000000,10,22026
1022600084,1611661322,1643430,3957,0.6050000000,527,-7.0870000000,2999,1.4100000000,142,9.7210000000,289,1.7960000000,10,22026
1022600084,1611661325,1643433,960,-0.9360000000,142,0.4990000000,714,-0.2080000000,0,0.0000000000,104,-7.8910000000,10,22026
1022600084,1611661322,1643455,3413,-5.9480000000,427,-4.3090000000,2125,-6.2100000000,118,-28.3580000000,743,-2.5830000000,10,22026
1022600084,1611661322,1643467,1302,-17.9530000000,65,-9.8460000000,896,-7.8710000000,123,-68.9820000000,218,-33.0170000000,10,22026
1022600084,1611661322,1643644,1650,-0.9410000000,741,0.2340000000,751,5.8170000000,32,-50.0120000000,126,-35.6630000000,10,22026
1022600085,1611661328,203828,2941,2.5180000000,192,-10.2580000000,2078,-0.3270000000,7,6.7860000000,664,15.0730000000,10,22026
1022600085,1611661319,203833,6422,1.1430000000,1755,1.4540000000,3782,-2.8160000000,320,25.7310000000,565,12.7510000000,10,22026
1022600085,1611661319,203855,3298,-4.2780000000,180,6.7410000000,2532,-8.4950000000,26,30.0120000000,560,9.6540000000,10,22026
1022600085,1611661319,204319,5041,-1.0440000000,391,-4.8270000000,3808,-1.9080000000,121,-22.4840000000,721,9.1680000000,10,22026
1022600085,1611661319,204323,1632,1.1570000000,27,-30.1110000000,590,-4.3950000000,9,-18.5440000000,1006,5.4290000000,10,22026
1022600085,1611661319,1628932,6417,7.8050000000,795,5.8860000000,3094,5.2340000000,451,15.6310000000,2077,10.6710000000,10,22026
1022600085,1611661328,1629478,3862,4.9680000000,222,-4.4330000000,3138,6.5150000000,38,10.0370000000,464,-1.4100000000,10,22026
1022600085,1611661319,1629488,1151,-7.4010000000,19,-35.8790000000,439,-10.3490000000,54,-18.0560000000,639,-3.6280000000,10,22026
1022600085,1611661319,1629498,6154,7.5400000000,2222,10.4920000000,3044,4.1040000000,380,11.9350000000,508,11.9240000000,10,22026
1022600085,1611661328,1629567,5013,0.9820000000,1534,-7.0360000000,3118,5.3610000000,161,-8.9710000000,200,2.2270000000,10,22026
1022600085,1611661319,1631006,1531,-7.5130000000,160,-21.4910000000,1268,-8.4790000000,2,18.9500000000,101,26.2410000000,10,22026
1022600085,1611661319,1631019,4829,-6.1500000000,228,-16.2660000000,1541,-11.8010000000,155,-2.4550000000,2905,-2.5550000000,10,22026
1022600085,1611661328,1631141,3964,-8.4330000000,1503,-16.6220000000,2008,-1.3250000000,162,-40.8910000000,291,2.8770000000,10,22026
1022600085,1611661328,1641651,3165,3.0390000000,183,1.6780000000,2579,4.3930000000,90,-31.1930000000,313,2.5170000000,10,22026
1022600085,1611661328,1641660,2381,4.1500000000,393,-13.0740000000,1712,9.0210000000,184,-2.6170000000,92,0.6050000000,10,22026
1022600085,1611661328,1642307,1993,-2.8390000000,60,-5.7930000000,1453,-5.1130000000,39,4.5150000000,441,4.4070000000,10,22026
1022600085,1611661328,1642798,2663,-5.0210000000,293,-21.3180000000,1003,-2.6890000000,142,-21.0810000000,1225,-1.1720000000,10,22026
1022600085,1611661328,1643428,3665,0.1730000000,576,-5.9130000000,2430,4.9460000000,328,-19.9470000000,331,-4.3380000000,10,22026
1022600085,1611661328,1643443,5283,-6.5310000000,706,-14.2120000000,3076,-5.6120000000,173,-10.5470000000,1328,-4.0530000000,10,22026
1022600086,1611661329,203400,4472,-1.2820000000,1342,-13.9100000000,2394,4.5230000000,253,-4.3840000000,483,6.6540000000,10,22026
1022600086,1611661329,204322,3088,-8.2920000000,305,-21.2930000000,1630,-10.2900000000,274,-5.8730000000,879,-0.8290000000,10,22026
1022600086,1611661329,204333,4310,-2.1940000000,1306,-11.1880000000,2579,3.6310000000,95,-27.8090000000,330,-4.7450000000,10,22026
1022600086,1611661329,1627671,2062,18.1340000000,34,-2.5440000000,1767,20.1990000000,8,-1.5130000000,253,7.1090000000,10,22026
1022600086,1611661330,1628277,5763,13.4110000000,357,2.4110000000,4479,13.4300000000,170,19.8720000000,757,17.0380000000,10,22026
1022600086,1611661330,1628886,5397,-2.5720000000,1892,-10.0530000000,2800,2.9460000000,399,-10.0480000000,306,2.9320000000,10,22026
1022600086,1611661329,1628922,2764,-4.3210000000,348,-14.0710000000,1818,-4.4870000000,194,-3.4680000000,404,4.4160000000,10,22026
1022600086,1611661330,1631009,1185,9.2790000000,251,-2.4680000000,711,11.6030000000,89,20.3080000000,134,11.6280000000,10,22026
1022600086,1611661330,1631044,6604,-7.8750000000,442,-21.0390000000,4535,-8.6650000000,170,-23.6150000000,1457,0.4130000000,10,22026
1022600086,1611661329,1642289,4692,-11.5830000000,305,-21.5100000000,2442,-11.7080000000,146,-39.9490000000,1799,-7.4280000000,10,22026
1022600086,1611661330,1642291,6047,-6.9590000000,572,-15.2250000000,2689,-12.0540000000,418,-22.5250000000,2368,3.5710000000,10,22026
1022600086,1611661329,1642292,3068,6.5090000000,451,-13.2820000000,2460,9.8510000000,19,-0.0890000000,138,12.5050000000,10,22026
1022600086,1611661330,1642302,1577,1.5110000000,164,-0.7780000000,1366,1.8630000000,36,-1.3140000000,11,1.2640000000,10,22026
1022600086,1611661329,1642321,145,-33.9510000000,0,0.0000000000,29,-7.8480000000,0,0.0000000000,116,-40.4770000000,10,22026
1022600086,1611661330,1642801,71,12.3800000000,0,0.0000000000,71,12.3800000000,0,0.0000000000,0,0.0000000000,10,22026
1022600086,1611661330,1642804,1205,-1.4320000000,403,-12.0860000000,759,5.2800000000,31,-21.5710000000,12,-16.1580000000,10,22026
1022600086,1611661330,1643431,557,7.3960000000,65,0.5080000000,236,5.2530000000,1,-84.5000000000,255,11.4960000000,10,22026
1022600086,1611661329,1643447,1759,7.7070000000,146,-10.6110000000,1319,9.4320000000,46,-12.8870000000,248,13.1360000000,10,22026
1022600086,1611661330,1643469,4390,8.6920000000,828,2.4090000000,2763,11.4080000000,198,2.1690000000,601,7.0100000000,10,22026
1022600087,1611661321,202252,2057,0.2300000000,87,-14.8070000000,1107,-2.8250000000,94,-13.4830000000,769,8.0070000000,10,22026
1022600087,1611661321,203824,364,-7.4130000000,14,10.6070000000,242,-16.2860000000,9,4.7560000000,99,10.6210000000,10,22026
1022600087,1611661324,203825,4664,-5.8100000000,485,-16.1450000000,3688,-4.6030000000,30,-11.4170000000,461,-4.2330000000,10,22026
1022600087,1611661324,203827,4460,-5.3350000000,380,-14.0990000000,2074,-7.2430000000,329,-5.7290000000,1677,-0.9110000000,10,22026
1022600087,1611661324,1627675,4776,-1.1850000000,1474,-10.6430000000,3069,3.7360000000,142,-12.5620000000,91,3.8080000000,10,22026
1022600087,1611661324,1628269,3727,-2.7180000000,262,-13.4220000000,2699,-3.4630000000,77,-25.5700000000,689,6.8240000000,10,22026
1022600087,1611661324,1629479,1272,2.2390000000,135,-0.1200000000,640,-1.7760000000,0,0.0000000000,497,8.0500000000,10,22026
1022600087,1611661321,1629481,1726,-0.7400000000,332,6.0770000000,1272,-3.2890000000,30,39.6570000000,92,-3.2720000000,10,22026
1022600087,1611661321,1629491,4831,-0.6760000000,799,2.7130000000,1646,-1.8780000000,351,-2.6670000000,2035,-0.6900000000,10,22026
1022600087,1611661321,1629501,927,-4.8900000000,26,9.3620000000,631,-8.7000000000,0,0.0000000000,270,2.6430000000,10,22026
1022600087,1611661321,1629574,947,-0.5490000000,37,-23.2380000000,536,-1.7820000000,0,0.0000000000,374,3.4630000000,10,22026
1022600087,1611661324,1630471,2639,-2.6350000000,313,-3.9690000000,1938,-2.7410000000,16,-11.6560000000,372,-0.5700000000,10,22026
1022600087,1611661321,1641652,3909,-0.5770000000,178,5.2930000000,1963,-6.4030000000,45,-45.6930000000,1723,6.6320000000,10,22026
1022600087,1611661321,1642784,5392,3.1750000000,1708,-1.9140000000,2550,2.5910000000,442,10.9560000000,692,12.9160000000,10,22026
1022600087,1611661321,1642793,4330,0.1620000000,604,-0.3890000000,2948,-1.2110000000,284,-4.7500000000,494,11.8490000000,10,22026
1022600087,1611661324,1642797,3524,-3.9000000000,319,-14.9370000000,2369,-4.7250000000,48,-27.3560000000,788,4.4790000000,10,22026
1022600087,1611661321,1642808,1627,2.5900000000,268,-5.9670000000,1183,3.9630000000,69,3.6670000000,107,8.1430000000,10,22026
1022600087,1611661321,1643424,482,-4.5720000000,222,-2.2680000000,223,-2.5530000000,37,-30.5700000000,0,0.0000000000,10,22026
1022600087,1611661321,1643425,4964,8.7220000000,574,3.5370000000,2911,9.2940000000,144,1.9060000000,1335,10.4410000000,10,22026
1022600087,1611661324,1643426,5108,-7.0570000000,1828,-11.3130000000,2521,-4.4220000000,424,-14.3770000000,335,5.6020000000,10,22026
1022600087,1611661324,1643489,2361,2.5660000000,203,3.7660000000,1771,2.5940000000,46,-2.4800000000,341,2.3900000000,10,22026
1022600089,1611661332,204330,2106,0.9840000000,191,5.1230000000,892,-2.7300000000,131,-12.2180000000,892,5.7510000000,10,22026
1022600089,1611661332,1627700,6003,-5.6610000000,1768,-13.5170000000,3541,-2.3710000000,211,-22.3490000000,483,6.2600000000,10,22026
1022600089,1611661332,1628279,6713,4.7110000000,1757,-3.0520000000,3864,6.2610000000,388,-1.7950000000,704,19.1630000000,10,22026
1022600089,1611661332,1628915,517,1.7110000000,68,-1.8930000000,299,0.7240000000,0,0.0000000000,150,5.3120000000,10,22026
1022600089,1611661332,1629497,5161,15.1700000000,1150,5.2940000000,3255,18.8440000000,166,10.6430000000,590,15.4230000000,10,22026
1022600089,1611661323,1629568,5539,6.4550000000,584,1.7130000000,3484,5.0480000000,182,7.3770000000,1289,12.2770000000,10,22026
1022600089,1611661332,1629576,2415,0.1730000000,298,-4.6670000000,1833,-0.4110000000,50,11.4200000000,234,8.5150000000,10,22026
1022600089,1611661332,1631055,4473,-5.5840000000,305,-12.3240000000,2484,-6.7090000000,81,-27.8510000000,1603,-1.4350000000,10,22026
1022600089,1611661323,1631135,5711,7.7570000000,297,-9.2350000000,1741,7.8240000000,136,12.5440000000,3537,8.9670000000,10,22026
1022600089,1611661323,1641649,6138,5.5230000000,476,0.6340000000,4747,6.5980000000,93,6.9420000000,822,1.9840000000,10,22026
1022600089,1611661323,1642290,6405,4.9240000000,375,-3.0440000000,3024,-1.2360000000,346,22.6650000000,2660,10.7430000000,10,22026
1022600089,1611661323,1642303,6139,-4.2660000000,2653,-3.0220000000,2779,-4.9630000000,216,6.4560000000,491,-11.7590000000,10,22026
1022600089,1611661323,1642800,93,-89.3170000000,0,0.0000000000,93,-89.3170000000,0,0.0000000000,0,0.0000000000,10,22026
1022600089,1611661323,1642809,6820,-7.1120000000,1351,-6.4850000000,4647,-8.5200000000,258,-7.1950000000,564,3.0280000000,10,22026
1022600089,1611661332,1643420,5631,-2.3050000000,251,-11.1490000000,4098,-3.3540000000,114,-21.3510000000,1168,5.1330000000,10,22026
1022600089,1611661323,1643429,222,18.5960000000,56,21.0610000000,125,13.2460000000,0,0.0000000000,41,31.5410000000,10,22026
1022600089,1611661323,1643441,1642,2.8550000000,70,7.5660000000,586,2.5590000000,66,34.2350000000,920,0.4330000000,10,22026
1022600089,1611661332,1643445,30,-38.7730000000,0,0.0000000000,30,-38.7730000000,0,0.0000000000,0,0.0000000000,10,22026
1022600089,1611661323,1643448,2132,-2.9660000000,246,0.7140000000,1378,-5.6640000000,75,8.3510000000,433,1.5670000000,10,22026
1022600089,1611661323,1643449,3885,-1.7090000000,1334,-4.5900000000,1973,0.4810000000,134,-20.8290000000,444,2.9810000000,10,22026
1022600089,1611661332,1643457,1687,5.6710000000,62,-19.7550000000,905,1.2010000000,85,-20.1800000000,635,17.9830000000,10,22026
1022600089,1611661332,1643647,1412,-2.1950000000,137,-9.1880000000,1142,-2.7630000000,10,-0.6500000000,123,10.7400000000,10,22026
1022600090,1611661320,203014,6331,2.4390000000,684,-6.4310000000,3269,-1.8510000000,442,9.4150000000,1936,11.2240000000,10,22026
1022600090,1611661328,203828,2900,-0.0700000000,334,1.9820000000,1952,-1.1170000000,101,-7.8420000000,513,4.1070000000,10,22026
1022600090,1611661320,204324,5745,3.8090000000,394,-5.8340000000,2762,-0.0230000000,134,10.7690000000,2455,9.2870000000,10,22026
1022600090,1611661320,204365,5774,-5.9100000000,1766,-8.8330000000,3559,-5.9170000000,88,6.3550000000,361,5.4660000000,10,22026
1022600090,1611661320,1628276,6542,13.1420000000,2000,14.5290000000,3066,9.4830000000,512,29.9740000000,964,12.9600000000,10,22026
1022600090,1611661320,1628878,4378,2.4880000000,404,-3.5540000000,3308,1.8320000000,75,4.9710000000,591,9.9790000000,10,22026
1022600090,1611661328,1629478,1584,4.7940000000,154,-0.1210000000,1244,2.9270000000,42,36.8860000000,144,16.8170000000,10,22026
1022600090,1611661328,1629567,4573,2.0730000000,1614,-2.2310000000,2709,5.0870000000,87,5.1390000000,163,-7.0490000000,10,22026
1022600090,1611661320,1630148,213,6.4230000000,42,9.0210000000,171,5.7850000000,0,0.0000000000,0,0.0000000000,10,22026
1022600090,1611661320,1630996,5782,-1.9080000000,486,-6.6040000000,4735,-2.4540000000,190,12.5240000000,371,3.8220000000,10,22026
1022600090,1611661328,1631141,2461,-9.3120000000,744,-10.7570000000,1531,-8.3940000000,78,-15.6280000000,108,-7.8240000000,10,22026
1022600090,1611661328,1641651,4275,-4.8710000000,328,-4.1970000000,3180,-6.1420000000,121,-13.9880000000,646,2.7530000000,10,22026
1022600090,1611661328,1641660,1641,1.8280000000,336,4.8260000000,961,0.5660000000,55,-15.4240000000,289,5.8250000000,10,22026
1022600090,1611661320,1642287,3570,1.9730000000,190,2.3540000000,2252,-2.7250000000,50,-5.6600000000,1078,12.0730000000,10,22026
1022600090,1611661328,1642307,1047,2.6410000000,12,-29.6920000000,694,-0.0900000000,29,1.5310000000,312,10.0620000000,10,22026
1022600090,1611661328,1642798,3801,5.1580000000,450,4.4860000000,1634,3.0490000000,305,10.0780000000,1412,6.7500000000,10,22026
1022600090,1611661328,1643428,4866,4.7020000000,871,8.1720000000,3218,3.7210000000,249,-5.8440000000,528,9.9300000000,10,22026
1022600090,1611661328,1643443,4989,4.3480000000,435,-0.1100000000,2974,2.2710000000,96,-0.1740000000,1484,10.1100000000,10,22026
1022600090,1611661320,1643444,26,-97.2770000000,0,0.0000000000,26,-97.2770000000,0,0.0000000000,0,0.0000000000,10,22026
1022600090,1611661320,1643462,1409,5.7250000000,419,5.1020000000,817,4.8760000000,83,11.8550000000,90,10.6720000000,10,22026
1022600091,1611661329,202664,95,-67.5930000000,0,0.0000000000,95,-67.5930000000,0,0.0000000000,0,0.0000000000,10,22026
1022600091,1611661325,203024,860,-8.1110000000,79,7.6480000000,598,-9.7280000000,43,-24.7230000000,140,-4.9940000000,10,22026
1022600091,1611661329,203400,4852,4.4690000000,1633,1.7590000000,2499,8.6710000000,260,-13.1190000000,460,1.2100000000,10,22026
1022600091,1611661329,204322,3787,-4.1230000000,161,-7.1490000000,1650,0.9490000000,188,-22.0060000000,1788,-6.6510000000,10,22026
1022600091,1611661329,204333,5353,-1.7310000000,1647,-4.4230000000,2899,1.8470000000,300,-13.9910000000,507,-6.1870000000,10,22026
1022600091,1611661329,1627671,1037,8.6550000000,67,7.1520000000,907,7.5210000000,0,0.0000000000,63,26.5730000000,10,22026
1022600091,1611661325,1628881,1214,0.9680000000,95,11.2850000000,469,-1.0100000000,24,-4.5460000000,626,1.0960000000,10,22026
1022600091,1611661325,1628899,4377,-10.9270000000,313,-5.2970000000,2608,-11.5240000000,98,-39.2880000000,1358,-9.0290000000,10,22026
1022600091,1611661325,1628909,6477,10.5920000000,772,-1.4600000000,4278,12.5230000000,191,6.0830000000,1236,12.1360000000,10,22026
1022600091,1611661329,1628922,4164,-7.3420000000,548,-14.8910000000,2923,-6.3070000000,169,-13.4220000000,524,-3.2540000000,10,22026
1022600091,1611661325,1629482,7,-53.1860000000,0,0.0000000000,7,-53.1860000000,0,0.0000000000,0,0.0000000000,10,22026
1022600091,1611661329,1630096,116,22.8590000000,46,9.9760000000,49,9.5470000000,0,0.0000000000,21,82.1430000000,10,22026
1022600091,1611661325,1630112,1581,-9.6550000000,310,-21.5850000000,1049,-7.1630000000,47,-21.0110000000,175,-0.4140000000,10,22026
1022600091,1611661325,1631086,5169,-4.0510000000,173,-14.4380000000,4222,-4.0020000000,53,1.1530000000,721,-2.2270000000,10,22026
1022600091,1611661325,1641648,5397,-4.9530000000,878,-7.2910000000,2550,-4.0700000000,553,-19.1460000000,1416,0.4500000000,10,22026
1022600091,1611661325,1642286,6774,11.3480000000,2608,7.6860000000,2560,15.9610000000,863,-0.4570000000,743,22.0190000000,10,22026
1022600091,1611661329,1642289,3205,1.2510000000,133,-3.5100000000,1064,0.2020000000,148,-6.6760000000,1860,2.8220000000,10,22026
1022600091,1611661329,1642292,4116,6.6190000000,517,0.0610000000,3011,6.0770000000,49,27.1730000000,539,14.0680000000,10,22026
1022600091,1611661329,1642321,3022,10.0830000000,533,7.6100000000,1981,10.4650000000,155,4.9960000000,353,13.9100000000,10,22026
1022600091,1611661329,1642786,2324,-10.5610000000,53,-10.2260000000,1814,-9.9180000000,69,-31.1800000000,388,-9.9500000000,10,22026
1022600091,1611661325,1642815,3249,-4.5160000000,13,-31.2380000000,1447,-5.3790000000,129,3.0200000000,1660,-4.1410000000,10,22026
1022600091,1611661325,1643433,2133,-4.6270000000,226,-7.7610000000,1831,-4.1440000000,3,-5.3330000000,73,-7.0180000000,10,22026
1022600091,1611661329,1643447,3536,2.4650000000,393,3.0990000000,2519,1.8960000000,59,-12.2100000000,565,6.0900000000,10,22026
1022600092,1611661313,203822,2420,7.0900000000,311,-12.8900000000,1440,13.3480000000,90,-21.8710000000,579,6.7590000000,10,22026
1022600092,1611661313,204335,2580,6.9660000000,507,-5.9400000000,1489,8.5000000000,49,-7.9860000000,535,16.2980000000,10,22026
1022600092,1611661313,1627668,5897,2.2830000000,877,-12.6610000000,3413,2.0700000000,428,12.6400000000,1179,10.2540000000,10,22026
1022600092,1611661313,1627673,4516,-4.5490000000,982,-10.6860000000,2142,-5.6610000000,194,15.5020000000,1198,-0.7780000000,10,22026
1022600092,1611661330,1628277,5145,12.6530000000,480,-10.5550000000,4008,15.6890000000,221,-18.7950000000,436,26.2290000000,10,22026
1022600092,1611661330,1628886,5061,-9.5040000000,1734,-15.6890000000,2679,-4.7990000000,438,-19.3510000000,210,2.0720000000,10,22026
1022600092,1611661313,1629477,6,-8.9830000000,0,0.0000000000,0,0.0000000000,0,0.0000000000,6,-8.9830000000,10,22026
1022600092,1611661313,1629546,4006,5.9710000000,689,-2.5930000000,2908,7.7110000000,92,3.5930000000,317,9.3090000000,10,22026
1022600092,1611661313,1629566,1420,-3.9610000000,66,8.3670000000,600,-5.6160000000,76,-28.9000000000,678,-0.9000000000,10,22026
1022600092,1611661313,1630142,4389,6.1470000000,429,0.7500000000,2886,6.4150000000,25,-7.7720000000,1049,7.9500000000,10,22026
1022600092,1611661313,1630149,3498,0.1860000000,677,-7.1540000000,2117,0.4420000000,100,-16.7640000000,604,10.3180000000,10,22026
1022600092,1611661313,1630384,1429,-6.8430000000,26,3.6310000000,563,-8.6080000000,14,-28.3210000000,826,-5.6050000000,10,22026
1022600092,1611661313,1630469,1014,-0.0850000000,110,-13.4480000000,676,-4.2730000000,0,0.0000000000,228,18.7790000000,10,22026
1022600092,1611661330,1631009,6237,9.1920000000,1239,-4.7690000000,3945,13.9290000000,280,-16.2420000000,773,16.6120000000,10,22026
1022600092,1611661330,1631021,652,-10.0840000000,42,-42.3500000000,432,-4.8770000000,41,-27.0170000000,137,-11.5460000000,10,22026
1022600092,1611661330,1631044,5382,-6.6640000000,401,-19.7100000000,3948,-8.5330000000,22,-25.2860000000,1011,6.2170000000,10,22026
1022600092,1611661313,1631136,4641,2.3790000000,1103,-4.0930000000,2368,2.8030000000,323,-6.2420000000,847,12.9090000000,10,22026
1022600092,1611661330,1642291,5826,-4.2290000000,574,-15.0240000000,2521,-7.1150000000,426,-8.4470000000,2305,2.3960000000,10,22026
1022600092,1611661330,1642302,3199,2.2730000000,189,5.1160000000,2564,1.2950000000,50,4.4080000000,396,6.9800000000,10,22026
1022600092,1611661330,1642801,178,14.5930000000,75,9.2730000000,86,18.1420000000,17,20.1120000000,0,0.0000000000,10,22026
1022600092,1611661330,1642804,2201,1.6250000000,699,-10.5370000000,1298,9.3290000000,79,-40.8720000000,125,16.5100000000,10,22026
1022600092,1611661330,1643431,1184,6.5090000000,2,-4.6000000000,324,-3.0770000000,62,-2.1060000000,796,11.1090000000,10,22026
1022600092,1611661330,1643469,202,3.9850000000,2,4.5000000000,148,12.0340000000,0,0.0000000000,52,-18.9420000000,10,22026
1022600093,1611661317,201886,5470,4.7730000000,323,-13.1380000000,4008,5.5200000000,180,-14.2670000000,959,11.2580000000,10,22026
1022600093,1611661321,202252,1178,-13.4020000000,88,-6.0620000000,1013,-14.9020000000,0,0.0000000000,77,-2.0570000000,10,22026
1022600093,1611661321,203824,108,-59.7770000000,0,0.0000000000,58,-25.1020000000,0,0.0000000000,50,-100.0000000000,10,22026
1022600093,1611661317,203826,5915,-2.5620000000,967,-17.2150000000,3183,-1.6930000000,437,-8.5010000000,1328,7.9820000000,10,22026
1022600093,1611661317,1627674,5511,6.9090000000,909,-3.1910000000,3703,10.4820000000,150,0.4930000000,749,2.7880000000,10,22026
1022600093,1611661321,1629481,3532,4.9710000000,349,-4.0780000000,2234,4.1530000000,173,-7.2930000000,776,14.1280000000,10,22026
1022600093,1611661321,1629491,5143,-1.0410000000,604,-7.7330000000,1759,-3.3250000000,350,-23.1790000000,2430,5.4650000000,10,22026
1022600093,1611661321,1629501,2107,-3.6710000000,125,-3.6620000000,960,-2.4850000000,38,-53.8580000000,984,-2.8910000000,10,22026
1022600093,1611661321,1629574,553,1.4780000000,72,10.8720000000,112,-11.8520000000,16,26.5370000000,353,2.6560000000,10,22026
1022600093,1611661321,1630386,2149,0.6660000000,75,-22.3910000000,983,-5.2930000000,31,-37.7130000000,1060,8.9450000000,10,22026
1022600093,1611661317,1630442,4126,-0.4780000000,179,-14.2780000000,1804,-3.2850000000,278,-7.5930000000,1865,4.6230000000,10,22026
1022600093,1611661317,1631118,3866,-2.4840000000,1159,-8.3670000000,2315,0.4120000000,130,-31.8240000000,262,12.5040000000,10,22026
1022600093,1611661321,1641652,2628,0.3860000000,177,-1.1710000000,1375,0.4820000000,93,-17.7460000000,983,2.2470000000,10,22026
1022600093,1611661317,1642777,4217,-8.5780000000,1254,-17.1360000000,2330,-5.5960000000,198,-18.6140000000,435,4.6910000000,10,22026
1022600093,1611661321,1642784,4530,-2.3270000000,1749,-8.0300000000,1819,1.3990000000,348,-13.8360000000,614,9.3980000000,10,22026
1022600093,1611661321,1642793,3261,-4.3880000000,465,-8.9220000000,1954,-1.3370000000,172,-19.6550000000,670,-6.2210000000,10,22026
1022600093,1611661321,1642808,724,13.8050000000,438,19.5220000000,217,2.9620000000,26,28.2000000000,43,1.5950000000,10,22026
1022600093,1611661321,1643425,4821,4.3670000000,608,0.9500000000,3004,5.9260000000,169,-2.9930000000,1040,3.0550000000,10,22026
1022600093,1611661317,1643487,533,-9.4700000000,142,-17.1420000000,329,-12.0840000000,3,11.9330000000,59,22.4850000000,10,22026
1022600093,1611661317,1643493,4470,-0.9940000000,422,-18.4840000000,2859,-1.2960000000,145,-8.2180000000,1044,7.9060000000,10,22026
1022600093,1611661317,1643505,3234,3.6840000000,534,-3.5920000000,2189,4.4160000000,67,-8.7250000000,444,10.7000000000,10,22026
1022600094,1611661319,203833,6110,3.4090000000,1790,3.4610000000,3956,3.2080000000,27,13.3110000000,337,4.7060000000,10,22026
1022600094,1611661319,203855,3978,-9.1820000000,132,-16.1360000000,3199,-10.7510000000,45,-15.5130000000,602,1.1530000000,10,22026
1022600094,1611661319,204319,4048,-1.9080000000,446,4.1440000000,2840,-3.6570000000,27,3.0040000000,735,0.9950000000,10,22026
1022600094,1611661319,204323,1292,3.6220000000,20,26.9200000000,415,2.4730000000,66,6.0060000000,791,3.4370000000,10,22026
1022600094,1611661327,1628317,1754,4.3030000000,79,0.7340000000,1467,4.4260000000,17,-46.0760000000,191,9.3170000000,10,22026
1022600094,1611661319,1628932,5902,11.4030000000,626,-0.7560000000,2638,10.5480000000,463,15.7450000000,2175,15.0140000000,10,22026
1022600094,1611661327,1629484,4824,-1.8060000000,169,-12.3460000000,2778,-5.0990000000,65,-10.1180000000,1812,4.5230000000,10,22026
1022600094,1611661319,1629488,287,-21.6980000000,1,87.0000000000,94,-33.4490000000,0,0.0000000000,192,-16.5110000000,10,22026
1022600094,1611661319,1629498,5802,7.2180000000,2050,5.3440000000,2893,7.1900000000,297,8.4630000000,562,13.5400000000,10,22026
1022600094,1611661327,1629524,5626,6.1510000000,710,-10.6660000000,3801,8.2400000000,208,-14.0990000000,907,15.2000000000,10,22026
1022600094,1611661327,1630143,2008,-7.9550000000,50,-17.2220000000,1185,-7.8080000000,37,-54.7220000000,736,-5.2120000000,10,22026
1022600094,1611661319,1630150,956,7.4270000000,134,13.4940000000,678,7.0560000000,51,-0.1760000000,93,5.5630000000,10,22026
1022600094,1611661319,1631019,3858,0.8660000000,131,-3.1170000000,1228,-6.2040000000,149,-7.3020000000,2350,5.3000000000,10,22026
1022600094,1611661327,1631083,4039,-0.7420000000,219,-10.0430000000,2655,-2.0440000000,181,-18.1800000000,984,8.0470000000,10,22026
1022600094,1611661327,1642296,760,2.3470000000,13,-7.4460000000,693,2.0130000000,0,0.0000000000,54,8.9940000000,10,22026
1022600094,1611661327,1642304,3964,-6.0470000000,1746,-11.4550000000,1684,-0.4300000000,342,-13.1490000000,192,6.5150000000,10,22026
1022600094,1611661327,1642782,4991,6.0360000000,704,-19.7240000000,3080,8.5490000000,171,-25.5500000000,1036,21.2860000000,10,22026
1022600094,1611661319,1643434,21,16.9900000000,0,0.0000000000,21,16.9900000000,0,0.0000000000,0,0.0000000000,10,22026
1022600094,1611661327,1643436,557,-9.2760000000,35,-8.9710000000,225,-8.3160000000,27,-50.9040000000,270,-5.9540000000,10,22026
1022600094,1611661327,1643494,1517,9.2610000000,74,-11.2700000000,1007,9.1030000000,46,-2.1830000000,390,14.9150000000,10,22026
1022600094,1611661327,1643506,2450,-5.6760000000,1361,-6.9370000000,871,0.9020000000,157,-32.1640000000,61,-3.2930000000,10,22026
1022600096,1611661331,203026,4671,3.6350000000,1171,1.1310000000,2875,2.2730000000,232,21.4830000000,393,10.5210000000,10,22026
1022600096,1611661328,203828,1763,0.2290000000,75,-11.6150000000,1473,0.5770000000,0,0.0000000000,215,1.9780000000,10,22026
1022600096,1611661331,203866,4382,2.3270000000,82,-2.4410000000,3037,-0.6860000000,4,-31.7500000000,1259,10.0140000000,10,22026
1022600096,1611661331,204329,4281,11.0410000000,183,-1.3860000000,2281,9.6170000000,10,-45.0300000000,1807,14.4080000000,10,22026
1022600096,1611661331,1628508,2402,1.8420000000,511,1.1270000000,1646,0.1440000000,80,-3.8040000000,165,23.7360000000,10,22026
1022600096,1611661331,1628931,6208,2.0550000000,1019,5.4160000000,4462,-0.8220000000,262,19.8380000000,465,12.2830000000,10,22026
1022600096,1611661328,1629478,2112,-4.8560000000,100,12.2480000000,1874,-5.8510000000,22,-23.5140000000,116,0.0220000000,10,22026
1022600096,1611661328,1629496,8,20.2880000000,0,0.0000000000,8,20.2880000000,0,0.0000000000,0,0.0000000000,10,22026
1022600096,1611661328,1629567,5443,2.7840000000,1651,1.4070000000,3094,2.5320000000,291,3.6130000000,407,9.6940000000,10,22026
1022600096,1611661331,1630097,2344,-1.6110000000,118,7.0640000000,1901,-2.6300000000,40,25.2270000000,285,-2.1750000000,10,22026
1022600096,1611661331,1631007,1100,2.7190000000,509,2.2060000000,406,0.1870000000,41,-15.2220000000,144,16.7760000000,10,22026
1022600096,1611661328,1631141,4427,-7.8140000000,1270,-13.8860000000,2646,-5.3240000000,214,-11.2560000000,297,-1.5520000000,10,22026
1022600096,1611661328,1641651,4189,-5.3780000000,204,-18.4990000000,2671,-7.7260000000,146,-14.4930000000,1168,3.4210000000,10,22026
1022600096,1611661328,1641660,566,10.5050000000,89,25.0560000000,393,5.8510000000,43,12.5530000000,41,21.3710000000,10,22026
1022600096,1611661328,1642307,473,11.6750000000,75,9.4470000000,232,-0.2360000000,33,36.2240000000,133,27.6170000000,10,22026
1022600096,1611661331,1642767,6515,4.3190000000,470,7.5470000000,4673,1.4180000000,80,14.4340000000,1292,13.0110000000,10,22026
1022600096,1611661331,1642794,267,-2.7590000000,43,-4.9880000000,151,-4.7750000000,8,6.0380000000,65,2.3150000000,10,22026
1022600096,1611661328,1642798,3758,-2.1940000000,271,-13.5220000000,1776,-3.6910000000,318,2.7150000000,1393,0.7980000000,10,22026
1022600096,1611661331,1642822,6306,2.7370000000,2569,2.3050000000,3011,0.8910000000,285,17.5940000000,441,8.2570000000,10,22026
1022600096,1611661328,1643428,4391,2.0990000000,794,0.9390000000,2745,2.7370000000,315,-5.3370000000,537,4.9160000000,10,22026
1022600096,1611661328,1643443,5614,1.5160000000,326,-1.2790000000,2906,-2.2460000000,326,1.4490000000,2056,7.2880000000,10,22026
1022600097,1611661323,203398,3293,-6.2090000000,171,-7.7470000000,949,-3.5770000000,137,-10.3550000000,2036,-7.0270000000,10,22026
1022600097,1611661325,1628881,4321,-10.8130000000,95,-12.1560000000,2254,-8.9310000000,122,-42.5820000000,1850,-10.9420000000,10,22026
1022600097,1611661325,1628899,1853,-1.6830000000,155,-8.7180000000,1376,-4.1380000000,28,-12.0930000000,294,14.5080000000,10,22026
1022600097,1611661325,1628909,6103,2.0260000000,1209,-10.3170000000,3540,6.7470000000,364,-16.6090000000,990,7.0730000000,10,22026
1022600097,1611661325,1629482,3000,-0.4300000000,192,-11.5010000000,2431,-1.9320000000,9,-14.7000000000,368,15.6180000000,10,22026
1022600097,1611661323,1629568,3303,-5.2420000000,275,-16.9590000000,2589,-4.2170000000,54,-14.9480000000,385,-2.4010000000,10,22026
1022600097,1611661325,1630112,813,4.9090000000,155,-6.4800000000,563,7.2430000000,14,-13.5640000000,81,13.6730000000,10,22026
1022600097,1611661325,1631086,3478,-18.1810000000,131,-27.1460000000,2765,-18.5980000000,70,-27.5400000000,512,-12.3580000000,10,22026
1022600097,1611661323,1631135,2521,-12.1160000000,211,-15.0190000000,896,-1.4620000000,248,-33.6640000000,1166,-15.1940000000,10,22026
1022600097,1611661325,1641648,5298,-7.8570000000,1236,-7.3300000000,2913,-6.1190000000,318,-47.3620000000,831,0.3870000000,10,22026
1022600097,1611661323,1641649,1764,-7.7820000000,135,-24.9070000000,1241,-3.0640000000,71,-20.1060000000,317,-16.2020000000,10,22026
1022600097,1611661325,1642286,6199,-9.9810000000,2030,-5.1340000000,3324,-14.4910000000,381,-16.8760000000,464,6.7800000000,10,22026
1022600097,1611661323,1642290,1302,-5.4910000000,146,-19.7010000000,750,-0.2300000000,76,-24.9800000000,330,-6.6730000000,10,22026
1022600097,1611661323,1642303,3963,-5.9300000000,1425,-11.8380000000,2083,0.4350000000,178,-28.5970000000,277,-8.8360000000,10,22026
1022600097,1611661323,1642800,2980,-12.7020000000,216,-24.0800000000,1541,-10.4490000000,173,-10.4600000000,1050,-14.0370000000,10,22026
1022600097,1611661323,1642809,3462,-15.5640000000,838,-10.2860000000,2412,-18.7610000000,87,5.3930000000,125,-3.8430000000,10,22026
1022600097,1611661325,1642815,1478,-0.4210000000,0,0.0000000000,777,-0.3740000000,40,17.1530000000,661,-1.5390000000,10,22026
1022600097,1611661323,1642817,3,5.5000000000,0,0.0000000000,3,5.5000000000,0,0.0000000000,0,0.0000000000,10,22026
1022600097,1611661325,1643433,465,5.3920000000,62,-16.8770000000,262,2.5850000000,0,0.0000000000,141,20.4010000000,10,22026
1022600097,1611661323,1643437,258,-7.5770000000,9,-5.8890000000,191,-9.3410000000,0,0.0000000000,58,-2.0290000000,10,22026
1022600097,1611661323,1643441,278,-5.4650000000,0,0.0000000000,87,-1.3090000000,0,0.0000000000,191,-7.3580000000,10,22026
1022600097,1611661323,1643448,1448,1.2640000000,85,10.5390000000,1169,3.9950000000,23,-4.4430000000,171,-21.2430000000,10,22026
1022600097,1611661323,1643449,1863,-9.5290000000,679,-4.4640000000,904,-12.5010000000,58,-17.1470000000,222,-10.9300000000,10,22026
1022600098,1611661324,203825,6083,9.2860000000,614,-7.4270000000,4703,12.8090000000,109,-26.0770000000,657,5.5520000000,10,22026
1022600098,1611661324,203827,5624,-3.5150000000,362,-17.0860000000,2100,-9.2100000000,223,12.4020000000,2939,1.0170000000,10,22026
1022600098,1611661319,203833,6217,2.1130000000,1876,7.7330000000,3548,-1.8780000000,279,-2.1730000000,514,11.4830000000,10,22026
1022600098,1611661319,203855,3725,-3.2410000000,140,-1.0070000000,3023,-3.9280000000,17,-52.6760000000,545,1.5390000000,10,22026
1022600098,1611661319,204319,4516,4.9930000000,278,9.8820000000,3693,2.5550000000,24,19.0710000000,521,19.0180000000,10,22026
1022600098,1611661319,204323,1843,-1.2680000000,107,-5.1040000000,934,-1.0220000000,55,5.5780000000,747,-1.5310000000,10,22026
1022600098,1611661324,1627675,5496,7.3170000000,1346,-9.1100000000,3643,12.7920000000,135,1.2220000000,372,15.3500000000,10,22026
1022600098,1611661324,1628269,4771,-3.2540000000,339,-11.6430000000,3882,-2.8140000000,15,-24.4730000000,535,-0.5360000000,10,22026
1022600098,1611661319,1628932,5665,3.4570000000,630,9.2450000000,2545,1.0290000000,295,19.5520000000,2195,2.4480000000,10,22026
1022600098,1611661324,1629479,364,-8.8770000000,39,-11.4080000000,204,-10.9920000000,2,3.8500000000,119,-4.6340000000,10,22026
1022600098,1611661319,1629488,716,-8.0330000000,48,7.0500000000,178,5.3870000000,50,-100.0000000000,440,-4.6560000000,10,22026
1022600098,1611661319,1629498,6294,2.9950000000,2046,2.8110000000,3244,0.6590000000,325,23.9740000000,679,4.6700000000,10,22026
1022600098,1611661319,1630150,1231,0.6460000000,482,-4.7760000000,653,5.9940000000,57,-9.9390000000,39,-6.4080000000,10,22026
1022600098,1611661319,1630389,6,-45.2170000000,0,0.0000000000,0,0.0000000000,0,0.0000000000,6,-45.2170000000,10,22026
1022600098,1611661324,1630471,951,4.0590000000,127,-10.7780000000,757,3.6580000000,0,0.0000000000,67,36.7060000000,10,22026
1022600098,1611661319,1631006,455,-3.7120000000,13,8.0540000000,315,-8.7440000000,7,35.9000000000,120,5.9100000000,10,22026
1022600098,1611661319,1631019,4434,-4.0190000000,147,12.0240000000,1300,-12.1280000000,167,7.9660000000,2820,-1.8280000000,10,22026
1022600098,1611661324,1642797,1477,-18.4030000000,36,-19.9640000000,1052,-18.5540000000,20,-52.3750000000,369,-15.9780000000,10,22026
1022600098,1611661324,1642820,1816,-6.4650000000,98,-7.1320000000,1197,-4.7570000000,118,-22.6330000000,403,-6.6420000000,10,22026
1022600098,1611661324,1643426,6184,-5.2260000000,2653,-15.1100000000,2626,6.7850000000,652,-20.7540000000,253,13.7770000000,10,22026
1022600098,1611661319,1643434,39,11.2380000000,0,0.0000000000,39,11.2380000000,0,0.0000000000,0,0.0000000000,10,22026
1022600098,1611661324,1643489,2364,7.3150000000,138,8.5780000000,2074,6.4990000000,0,0.0000000000,152,17.3060000000,10,22026
1022600099,1611661321,202252,2501,-4.8930000000,688,-5.1180000000,1570,-4.6740000000,27,-58.4480000000,216,0.9280000000,10,22026
1022600099,1611661327,1628317,2543,7.8070000000,241,-3.6460000000,1868,8.6830000000,5,-31.9800000000,429,10.8890000000,10,22026
1022600099,1611661321,1629481,4658,1.6010000000,790,2.2730000000,2838,0.2720000000,244,-0.9850000000,786,6.5280000000,10,22026
1022600099,1611661327,1629484,4965,3.8690000000,139,8.3370000000,2356,-0.3530000000,114,-20.1930000000,2356,8.9920000000,10,22026
1022600099,1611661321,1629491,4913,3.3270000000,433,-6.9590000000,1317,6.3640000000,407,-6.8110000000,2756,4.9890000000,10,22026
1022600099,1611661321,1629501,1672,-11.6950000000,188,-0.4470000000,915,-12.2910000000,116,-17.8860000000,453,-13.5740000000,10,22026
1022600099,1611661327,1629524,6237,7.0590000000,655,-8.1280000000,4186,7.7070000000,190,-9.4330000000,1206,15.6540000000,10,22026
1022600099,1611661327,1630143,2983,-4.1980000000,218,-16.2930000000,1671,-6.0900000000,94,-14.3980000000,1000,2.5600000000,10,22026
1022600099,1611661321,1630386,2997,-4.6700000000,154,-15.1520000000,1833,-7.2800000000,90,-23.7810000000,920,4.1550000000,10,22026
1022600099,1611661327,1631083,4577,4.8520000000,303,-5.8620000000,2956,2.6090000000,127,0.4940000000,1191,13.6120000000,10,22026
1022600099,1611661321,1641652,1798,-6.2700000000,195,-2.3790000000,992,-10.8670000000,15,19.8200000000,596,-0.5480000000,10,22026
1022600099,1611661327,1642304,5352,-12.7270000000,2630,-16.9420000000,1771,-8.3160000000,684,-11.7550000000,267,-2.9490000000,10,22026
1022600099,1611661327,1642782,7104,9.6880000000,431,-7.8010000000,5189,10.1110000000,168,-0.6910000000,1316,15.0740000000,10,22026
1022600099,1611661321,1642793,5003,4.8780000000,755,2.1600000000,3210,5.5540000000,204,-9.4040000000,834,8.2300000000,10,22026
1022600099,1611661321,1643425,4497,4.0780000000,1090,3.1000000000,2495,3.6670000000,217,11.1770000000,695,4.8710000000,10,22026
1022600099,1611661327,1643436,1299,11.6240000000,26,0.2080000000,554,8.0520000000,29,4.8900000000,690,15.2050000000,10,22026
1022600099,1611661327,1643494,2012,-0.2430000000,112,-6.0050000000,1325,-1.1780000000,0,0.0000000000,575,3.0350000000,10,22026
1022600099,1611661327,1643506,2572,-15.5280000000,1473,-19.8900000000,703,-6.0660000000,309,-17.9810000000,87,-9.4200000000,10,22026
1022600100,1611661317,201886,2389,-4.8620000000,262,-10.4270000000,1991,-4.5560000000,23,-7.9700000000,113,3.2650000000,10,22026
1022600100,1611661320,203014,7001,-1.3650000000,621,-6.6380000000,4373,-5.2020000000,129,-11.0880000000,1878,9.9820000000,10,22026
1022600100,1611661317,203826,7004,-3.0890000000,1111,-15.6180000000,3073,-3.3160000000,823,-5.4370000000,1997,5.1980000000,10,22026
1022600100,1611661320,204324,5186,-1.7250000000,340,-13.2210000000,3143,-5.9210000000,111,-24.7160000000,1592,10.6170000000,10,22026
1022600100,1611661320,204365,5587,-3.7560000000,1793,-8.9800000000,3576,-1.0250000000,58,-38.1210000000,160,6.1900000000,10,22026
1022600100,1611661317,1627674,6531,0.9830000000,1378,-6.5010000000,4028,-0.3120000000,324,4.0860000000,801,19.1170000000,10,22026
1022600100,1611661320,1628276,6794,4.5820000000,3096,-1.3380000000,2155,11.2320000000,733,-0.9450000000,810,14.5230000000,10,22026
1022600100,1611661320,1628878,6027,9.2300000000,331,3.3080000000,4850,9.7610000000,82,-11.0100000000,764,10.5970000000,10,22026
1022600100,1611661320,1630148,762,3.1780000000,36,-17.0280000000,661,5.8520000000,0,0.0000000000,65,-12.8140000000,10,22026
1022600100,1611661317,1630442,6331,-4.6860000000,199,0.0730000000,3547,-10.7060000000,137,-20.5520000000,2448,4.5380000000,10,22026
1022600100,1611661320,1630996,5155,5.0560000000,420,-4.3380000000,3934,5.6850000000,380,-8.3040000000,421,20.6010000000,10,22026
1022600100,1611661317,1631118,4847,4.3450000000,753,-1.9400000000,3536,5.7550000000,134,-15.3810000000,424,9.9790000000,10,22026
1022600100,1611661320,1642287,4051,-4.5900000000,132,0.7200000000,2968,-5.1110000000,63,-16.8430000000,888,-2.7670000000,10,22026
1022600100,1611661320,1642324,540,-3.6830000000,97,-5.9690000000,390,-3.2430000000,0,0.0000000000,53,-2.7380000000,10,22026
1022600100,1611661317,1642777,4028,-3.7190000000,1308,-4.9970000000,2282,-1.1530000000,106,-31.1750000000,332,-7.5600000000,10,22026
1022600100,1611661320,1643462,1225,-0.5580000000,41,-8.9020000000,1014,-0.7830000000,17,13.4180000000,153,1.6130000000,10,22026
1022600100,1611661317,1643487,934,-10.0280000000,20,-34.8650000000,764,-9.9170000000,0,0.0000000000,150,-7.2790000000,10,22026
1022600100,1611661317,1643493,3988,1.0820000000,456,-14.9050000000,2768,0.8840000000,60,14.8530000000,704,11.0380000000,10,22026
1022600100,1611661317,1643505,2463,4.6600000000,559,-4.8470000000,1511,9.5700000000,59,-24.3710000000,334,3.4860000000,10,22026
1022600101,1611661313,203822,1694,3.8480000000,174,-4.7990000000,986,1.1940000000,45,-2.3600000000,489,12.8470000000,10,22026
1022600101,1611661313,204335,2959,-0.3630000000,438,-3.9810000000,1946,1.0480000000,142,-14.9040000000,433,1.7220000000,10,22026
1022600101,1611661313,1627668,5711,-0.7280000000,859,-1.9430000000,3491,-3.5770000000,217,2.3410000000,1144,8.2950000000,10,22026
1022600101,1611661313,1627673,4985,-3.3380000000,512,-11.3970000000,2870,-4.4550000000,270,-2.2280000000,1333,1.9370000000,10,22026
1022600101,1611661313,1629477,4715,1.2060000000,1698,-5.0400000000,2265,5.4040000000,233,-9.0980000000,519,7.9470000000,10,22026
1022600101,1611661313,1629546,3129,6.1210000000,505,-4.3080000000,2009,4.7060000000,18,23.2220000000,597,19.1870000000,10,22026
1022600101,1611661313,1629566,2544,-3.5180000000,199,-7.2340000000,1346,-6.2810000000,5,25.6400000000,994,0.8200000000,10,22026
1022600101,1611661313,1630142,4225,5.1610000000,523,-1.4980000000,2582,5.0050000000,47,-14.0260000000,1073,9.6240000000,10,22026
1022600101,1611661313,1630149,3702,-0.2820000000,525,-1.8830000000,2559,-2.2450000000,97,-20.9440000000,521,14.8220000000,10,22026
1022600101,1611661313,1630384,279,10.7290000000,15,-0.2870000000,87,9.9290000000,17,-22.8880000000,160,15.7690000000,10,22026
1022600101,1611661322,1630446,4078,7.8060000000,243,-4.9990000000,2734,7.1330000000,167,-3.6650000000,934,15.1570000000,10,22026
1022600101,1611661322,1631022,6270,-2.7460000000,896,-11.0950000000,2756,-8.8510000000,484,0.9660000000,2134,7.8020000000,10,22026
1022600101,1611661313,1631136,3375,-1.2900000000,703,-10.3830000000,2014,-2.2130000000,236,5.5400000000,422,14.4460000000,10,22026
1022600101,1611661322,1642781,3384,-8.0250000000,1332,-15.6440000000,1719,-4.1450000000,82,-4.4610000000,251,4.6660000000,10,22026
1022600101,1611661322,1642785,6407,10.8590000000,831,-6.6940000000,4311,13.3440000000,219,-1.5740000000,1046,17.1660000000,10,22026
1022600101,1611661322,1642802,566,15.0380000000,143,-0.4550000000,347,22.5160000000,20,-23.8300000000,56,22.1500000000,10,22026
1022600101,1611661322,1643427,4569,2.2130000000,284,-16.1390000000,1649,-8.5390000000,107,29.3860000000,2529,10.1350000000,10,22026
1022600101,1611661322,1643430,3957,5.9530000000,202,-12.3510000000,3176,7.4780000000,102,-8.3590000000,477,6.6120000000,10,22026
1022600101,1611661322,1643440,2,-30.8000000000,0,0.0000000000,0,0.0000000000,0,0.0000000000,2,-30.8000000000,10,22026
1022600101,1611661322,1643450,380,-11.0600000000,82,-44.7390000000,189,-5.3720000000,1,-26.4000000000,108,4.6990000000,10,22026
1022600101,1611661322,1643455,5525,-1.6730000000,545,-18.0300000000,2980,-2.6200000000,237,-4.9060000000,1763,5.4180000000,10,22026
1022600101,1611661322,1643467,558,14.6650000000,26,-6.7730000000,443,17.3370000000,0,0.0000000000,89,7.6290000000,10,22026
1022600101,1611661322,1643644,4257,-15.1910000000,1656,-24.3250000000,1894,-14.9790000000,294,-3.2460000000,413,11.9590000000,10,22026
1022600102,1611661332,204330,3294,-7.3110000000,446,-6.3770000000,1521,-5.0830000000,188,-9.2220000000,1139,-10.3370000000,10,22026
1022600102,1611661332,1627700,6265,-7.6020000000,1749,-12.1470000000,4065,-6.8890000000,148,-10.2910000000,303,10.3840000000,10,22026
1022600102,1611661332,1627701,3357,-3.3950000000,364,-9.4710000000,1489,-6.3870000000,82,-8.6230000000,1422,1.5940000000,10,22026
1022600102,1611661330,1628277,5692,6.9230000000,606,0.3510000000,4264,6.6980000000,162,-3.9830000000,660,17.0850000000,10,22026
1022600102,1611661332,1628279,6350,7.4620000000,1432,-0.8510000000,3863,11.7270000000,446,2.9970000000,609,3.2290000000,10,22026
1022600102,1611661330,1628886,4569,-9.8860000000,1699,-10.9000000000,2048,-6.1560000000,456,-19.3560000000,366,-14.2550000000,10,22026
1022600102,1611661332,1628915,1578,6.8280000000,146,0.7310000000,1220,7.4950000000,4,-17.3250000000,208,7.6620000000,10,22026
1022600102,1611661332,1629497,4953,15.6910000000,656,2.5060000000,3508,19.1600000000,135,-3.0030000000,654,14.1660000000,10,22026
1022600102,1611661330,1629539,203,-9.3090000000,17,-3.0120000000,132,-18.5530000000,0,0.0000000000,54,11.3060000000,10,22026
1022600102,1611661332,1629576,4618,-0.1990000000,487,-11.0070000000,3392,0.9260000000,167,-5.5210000000,572,3.8840000000,10,22026
1022600102,1611661330,1631009,6347,6.9060000000,1349,-3.5260000000,4230,8.2940000000,229,-15.7100000000,539,31.7380000000,10,22026
1022600102,1611661330,1631021,435,-1.0600000000,89,7.8700000000,304,-3.0980000000,2,-1.3000000000,40,-5.4200000000,10,22026
1022600102,1611661330,1631044,5377,1.1910000000,380,2.5240000000,3781,0.0770000000,63,29.6600000000,1153,2.8480000000,10,22026
1022600102,1611661330,1642291,4565,8.4270000000,160,1.4920000000,1737,6.6530000000,290,7.1220000000,2378,10.3480000000,10,22026
1022600102,1611661330,1642302,3220,-1.9110000000,182,-1.2080000000,2726,-2.7760000000,76,-12.1260000000,236,10.8180000000,10,22026
1022600102,1611661330,1642801,411,5.5210000000,37,20.4190000000,313,1.8430000000,47,18.0660000000,14,6.2790000000,10,22026
1022600102,1611661330,1642804,2267,-7.5670000000,741,-8.6010000000,1025,-5.5330000000,161,-13.8730000000,340,-8.4590000000,10,22026
1022600102,1611661332,1643420,4750,-6.5240000000,474,-6.9550000000,3084,-7.9550000000,165,4.2450000000,1027,-3.7580000000,10,22026
1022600102,1611661330,1643431,1327,-3.6210000000,0,0.0000000000,324,-6.2520000000,87,-18.2820000000,916,-1.2980000000,10,22026
1022600102,1611661332,1643445,141,-18.0960000000,20,-15.5700000000,53,-29.7550000000,0,0.0000000000,68,-9.7510000000,10,22026
1022600102,1611661332,1643457,1054,-4.3160000000,107,-0.5190000000,555,-5.7640000000,12,13.8830000000,380,-3.8460000000,10,22026
1022600102,1611661330,1643469,294,0.6030000000,129,-4.0780000000,153,4.0290000000,0,0.0000000000,12,7.2500000000,10,22026
1022600102,1611661332,1643647,982,7.9510000000,213,-4.7230000000,647,11.8720000000,15,-34.6330000000,107,15.4370000000,10,22026
1022600103,1611661321,202252,733,-8.8930000000,75,-30.0000000000,572,-3.6600000000,36,-29.8140000000,50,-22.0240000000,10,22026
1022600103,1611661319,203833,5068,-3.3050000000,1674,-5.8260000000,2896,-3.1240000000,156,-3.0150000000,342,7.3610000000,10,22026
1022600103,1611661319,203855,3279,-2.7160000000,328,-24.0490000000,2424,-2.3270000000,75,13.0600000000,452,8.0600000000,10,22026
1022600103,1611661319,204319,4561,0.7550000000,799,-7.9670000000,2757,1.9190000000,85,-16.2920000000,920,6.4150000000,10,22026
1022600103,1611661319,204323,1735,-13.3900000000,118,-40.3700000000,1118,-11.7820000000,39,4.6510000000,460,-11.9060000000,10,22026
1022600103,1611661319,1628932,4286,1.8000000000,312,-2.5030000000,1657,1.4690000000,305,-21.6010000000,2012,6.2870000000,10,22026
1022600103,1611661321,1629481,4473,3.2660000000,608,-6.7550000000,2906,5.5830000000,187,-12.3180000000,772,6.2110000000,10,22026
1022600103,1611661319,1629488,1840,1.0970000000,36,-20.8220000000,718,4.7520000000,50,-19.3420000000,1036,0.3120000000,10,22026
1022600103,1611661321,1629491,5275,-8.6390000000,1406,-11.9770000000,1479,-5.2250000000,453,-10.5240000000,1937,-8.3810000000,10,22026
1022600103,1611661319,1629498,3935,3.8930000000,1389,-9.3820000000,1892,11.6910000000,214,-4.4880000000,440,16.3430000000,10,22026
1022600103,1611661321,1629501,1126,-17.9630000000,79,-60.8990000000,676,-20.3870000000,40,-10.8820000000,331,-3.6210000000,10,22026
1022600103,1611661321,1629574,609,-13.5480000000,30,-39.4530000000,144,-22.5440000000,11,-47.6910000000,424,-7.7730000000,10,22026
1022600103,1611661321,1630134,3414,-4.7890000000,1068,-15.2970000000,2043,-1.0510000000,94,-16.3000000000,209,17.5420000000,10,22026
1022600103,1611661321,1630386,4534,-5.0520000000,245,-20.3730000000,2783,-7.1150000000,137,-16.0720000000,1369,2.9840000000,10,22026
1022600103,1611661319,1631006,2566,-0.5940000000,255,1.4280000000,1801,-0.3310000000,68,-6.5870000000,442,-1.9120000000,10,22026
1022600103,1611661319,1631019,3963,1.4820000000,242,-22.3920000000,1162,-5.7540000000,122,-36.0140000000,2437,9.1800000000,10,22026
1022600103,1611661321,1641652,994,-1.5400000000,32,-2.1250000000,584,-3.9490000000,39,-43.4080000000,339,7.4810000000,10,22026
1022600103,1611661321,1642784,3899,6.0390000000,859,-7.1010000000,2027,12.5530000000,167,0.3130000000,846,4.9050000000,10,22026
1022600103,1611661321,1642793,1604,4.0700000000,107,5.4790000000,1037,9.1460000000,48,-2.5420000000,412,-8.3000000000,10,22026
1022600103,1611661321,1643425,4665,6.0020000000,439,-10.2580000000,3258,7.7930000000,109,-32.7140000000,859,12.4330000000,10,22026
1022600103,1611661319,1643434,33,-37.5880000000,1,-100.0000000000,19,8.4000000000,0,0.0000000000,13,-100.0000000000,10,22026
1022600104,1611661324,203825,3015,2.4200000000,362,-0.8370000000,2114,1.7800000000,149,4.0980000000,390,8.2700000000,10,22026
1022600104,1611661324,203827,3261,-0.1460000000,276,-22.0960000000,1150,-0.6150000000,231,-11.8580000000,1604,5.6540000000,10,22026
1022600104,1611661324,1627675,2983,2.3390000000,719,-1.5620000000,1995,2.8280000000,87,-11.2170000000,182,18.8680000000,10,22026
1022600104,1611661324,1628269,2648,-7.7180000000,240,-3.6500000000,1862,-8.2000000000,110,-26.9090000000,436,-3.0530000000,10,22026
1022600104,1611661324,1629479,1376,10.5520000000,45,-4.5890000000,444,9.4610000000,11,51.8820000000,876,11.3640000000,10,22026
1022600104,1611661327,1629484,2540,-3.4810000000,27,-2.1070000000,1349,-5.8950000000,101,-8.3650000000,1063,0.0120000000,10,22026
1022600104,1611661327,1629524,4331,6.5690000000,497,1.7730000000,3069,6.1290000000,134,13.9160000000,631,10.9270000000,10,22026
1022600104,1611661327,1630143,2823,-6.4120000000,142,5.3890000000,2141,-8.2530000000,42,-17.4050000000,498,-0.9370000000,10,22026
1022600104,1611661324,1630471,2490,2.5940000000,560,-11.2560000000,1764,6.1130000000,82,1.1210000000,84,22.4710000000,10,22026
1022600104,1611661327,1631083,2912,-3.6740000000,128,-5.8390000000,1757,-4.8680000000,137,-19.1880000000,890,1.3830000000,10,22026
1022600104,1611661327,1641683,1445,-0.0570000000,560,4.0750000000,711,-4.2960000000,38,6.6500000000,136,3.2230000000,10,22026
1022600104,1611661327,1642296,3352,4.8900000000,160,13.8330000000,2166,2.7140000000,79,6.9540000000,947,8.1850000000,10,22026
1022600104,1611661327,1642304,2941,2.0750000000,1532,5.3240000000,971,-1.5130000000,297,-0.0490000000,141,-4.0470000000,10,22026
1022600104,1611661327,1642782,4018,3.5270000000,321,10.3930000000,2759,0.7560000000,92,20.1590000000,846,8.1510000000,10,22026
1022600104,1611661324,1642797,2904,-5.7260000000,271,-12.4730000000,1758,-6.4510000000,102,-9.5130000000,773,-1.2110000000,10,22026
1022600104,1611661324,1643426,3258,4.8790000000,1180,2.7120000000,1532,8.5170000000,212,-3.3350000000,334,1.0580000000,10,22026
1022600104,1611661327,1643436,1954,-0.3030000000,89,-9.1760000000,1045,-2.5510000000,36,1.9220000000,784,3.5990000000,10,22026
1022600104,1611661324,1643489,3916,-4.2380000000,330,-12.5480000000,3096,-3.8810000000,83,-1.6130000000,407,-0.7530000000,10,22026
1022600104,1611661324,1643490,1650,6.4210000000,372,4.2920000000,1069,5.2560000000,83,11.8940000000,126,18.9830000000,10,22026
1022600104,1611661327,1643494,3444,9.0360000000,515,16.2860000000,1937,4.9200000000,111,34.6350000000,881,10.6200000000,10,22026
1022600104,1611661327,1643506,2699,2.3130000000,1306,5.0960000000,1159,-2.6220000000,186,13.9300000000,48,0.7460000000,10,22026
1022600104,1611661327,1643527,74,20.0880000000,0,0.0000000000,42,26.6380000000,0,0.0000000000,32,11.4910000000,10,22026
1022600105,1611661320,203014,5019,-0.6080000000,643,-7.3490000000,2540,-2.2860000000,312,-1.4620000000,1524,5.2080000000,10,22026
1022600105,1611661331,203026,2343,1.9430000000,568,-1.4900000000,1395,2.5500000000,155,3.0740000000,225,6.0630000000,10,22026
1022600105,1611661331,203866,4918,-2.2460000000,255,-9.3470000000,3801,-1.5060000000,36,9.9360000000,826,-3.9920000000,10,22026
1022600105,1611661320,204324,4878,-7.4390000000,306,-13.4730000000,2770,-9.5330000000,152,-11.0310000000,1650,-2.4730000000,10,22026
1022600105,1611661331,204329,5934,-1.2620000000,382,-13.1260000000,2721,-4.2770000000,55,1.6690000000,2776,3.2690000000,10,22026
1022600105,1611661320,204365,5319,-11.0760000000,1929,-16.7610000000,2988,-8.7050000000,172,-16.9450000000,230,10.1960000000,10,22026
1022600105,1611661320,1628276,5019,20.0180000000,1090,13.4180000000,3017,20.4520000000,165,33.3460000000,747,24.9490000000,10,22026
1022600105,1611661331,1628508,3729,-5.9750000000,649,-4.4990000000,2469,-6.6990000000,220,-11.1110000000,391,-0.9580000000,10,22026
1022600105,1611661320,1628878,3898,-1.3260000000,394,-10.9380000000,2804,-0.3510000000,130,-25.7050000000,570,6.0830000000,10,22026
1022600105,1611661331,1628931,5656,2.0490000000,1143,-4.6170000000,3976,4.5790000000,311,-12.2850000000,226,10.9730000000,10,22026
1022600105,1611661331,1630097,4276,1.6250000000,397,-3.8700000000,3316,1.1930000000,70,-10.0830000000,493,10.6160000000,10,22026
1022600105,1611661320,1630148,655,-11.3750000000,96,-9.4430000000,268,-11.7840000000,20,-25.5350000000,271,-10.6100000000,10,22026
1022600105,1611661320,1630996,3610,2.9660000000,487,4.3410000000,2615,2.4910000000,297,3.8520000000,211,4.4340000000,10,22026
1022600105,1611661331,1631007,5921,-11.7060000000,2288,-19.4380000000,2935,-4.8170000000,313,-19.6140000000,385,-11.8390000000,10,22026
1022600105,1611661320,1642287,2417,-0.5670000000,108,-10.5080000000,1591,-1.0480000000,125,3.8940000000,593,1.5930000000,10,22026
1022600105,1611661320,1642324,1608,-2.8440000000,100,9.9340000000,1342,-4.7500000000,16,-1.2940000000,150,5.5270000000,10,22026
1022600105,1611661331,1642767,4761,3.8660000000,376,-9.1380000000,2956,2.1520000000,92,-24.2850000000,1337,13.2480000000,10,22026
1022600105,1611661320,1642790,194,7.9200000000,0,0.0000000000,96,7.7850000000,0,0.0000000000,98,8.0520000000,10,22026
1022600105,1611661331,1642794,379,7.9080000000,67,27.7640000000,237,4.1490000000,0,0.0000000000,75,2.0490000000,10,22026
1022600105,1611661331,1642822,2084,1.0540000000,575,-4.9140000000,1156,-0.4370000000,53,-13.2810000000,300,20.7750000000,10,22026
1022600105,1611661320,1643444,454,9.5810000000,98,2.9010000000,287,11.0650000000,45,12.3440000000,24,13.9210000000,10,22026
1022600105,1611661320,1643462,1480,-6.6690000000,188,-21.6930000000,1145,-4.2790000000,42,-30.6020000000,105,3.7430000000,10,22026
1022600106,1611661325,203024,399,-19.3800000000,30,-9.4200000000,185,-4.3700000000,17,-6.1760000000,167,-39.1410000000,10,22026
1022600106,1611661332,204330,4326,0.1760000000,756,-1.7780000000,2366,1.5180000000,60,-43.2650000000,1144,0.9720000000,10,22026
1022600106,1611661332,1627700,1860,-8.3270000000,644,-10.2590000000,1091,-6.4300000000,25,-74.9880000000,100,0.0820000000,10,22026
1022600106,1611661332,1627701,3682,-8.1690000000,290,-3.4500000000,1739,-11.7920000000,190,-6.9890000000,1463,-4.9500000000,10,22026
1022600106,1611661332,1628279,3479,8.7280000000,708,4.5380000000,1995,11.8480000000,271,1.6580000000,505,6.0690000000,10,22026
1022600106,1611661325,1628881,3504,-5.7280000000,92,-3.4530000000,1568,-9.8550000000,58,-42.2830000000,1786,-1.0350000000,10,22026
1022600106,1611661325,1628899,1111,-11.1920000000,208,-14.7070000000,504,-15.8990000000,113,-6.3250000000,286,-2.2640000000,10,22026
1022600106,1611661325,1628909,4749,2.4770000000,640,-4.4880000000,3066,7.2580000000,266,-14.5220000000,777,-4.8320000000,10,22026
1022600106,1611661332,1628915,2831,9.4850000000,232,0.7440000000,2248,11.4110000000,59,-6.7690000000,292,4.8900000000,10,22026
1022600106,1611661325,1629482,3473,-3.4020000000,290,-12.8300000000,2751,-4.0920000000,65,-22.4000000000,367,12.5860000000,10,22026
1022600106,1611661332,1629497,5161,18.2940000000,1215,13.4870000000,2907,23.4990000000,252,-1.0230000000,787,12.6750000000,10,22026
1022600106,1611661332,1629576,5926,-0.9250000000,683,-10.9630000000,4499,0.9350000000,99,-4.6860000000,645,-2.6900000000,10,22026
1022600106,1611661325,1631086,3023,0.9380000000,103,-9.1050000000,2605,2.6330000000,7,-67.4290000000,308,-8.4900000000,10,22026
1022600106,1611661325,1641648,3932,-5.3880000000,774,-22.7010000000,1886,-1.2270000000,266,-11.9730000000,1006,1.8760000000,10,22026
1022600106,1611661325,1642286,4905,1.4620000000,1989,1.1390000000,1926,6.8630000000,602,-15.0060000000,388,1.8580000000,10,22026
1022600106,1611661325,1642815,3350,-1.3080000000,35,14.0460000000,1588,-5.6390000000,26,-56.8120000000,1701,3.2680000000,10,22026
1022600106,1611661332,1643420,4086,-13.9150000000,396,-22.0670000000,2437,-16.1390000000,221,-12.4030000000,1032,-5.8590000000,10,22026
1022600106,1611661325,1643433,2199,1.2290000000,535,3.1030000000,1429,-0.1460000000,63,-1.7440000000,172,7.9180000000,10,22026
1022600106,1611661332,1643445,154,-54.4690000000,0,0.0000000000,73,-42.8440000000,0,0.0000000000,81,-64.9470000000,10,22026
1022600106,1611661325,1643453,202,-21.9550000000,0,0.0000000000,22,15.9000000000,0,0.0000000000,180,-26.5820000000,10,22026
1022600106,1611661332,1643457,2227,-15.6860000000,51,-34.8350000000,1378,-12.5060000000,12,-32.9080000000,786,-19.7570000000,10,22026
1022600106,1611661332,1643647,2450,-1.7180000000,920,-6.3990000000,963,5.1730000000,124,-31.5130000000,443,1.3620000000,10,22026
1022600107,1611661323,203398,3332,-15.1220000000,158,-33.3130000000,1128,-13.6460000000,126,-31.9200000000,1920,-13.3910000000,10,22026
1022600107,1611661323,1629568,2477,3.8240000000,146,-10.0840000000,1974,1.8800000000,97,13.3140000000,260,22.8460000000,10,22026
1022600107,1611661322,1630446,6295,-1.5400000000,484,-4.8580000000,4800,-1.7820000000,175,14.1370000000,836,-1.5060000000,10,22026
1022600107,1611661323,1631135,1836,12.3460000000,61,-23.1870000000,286,-5.0400000000,101,0.4970000000,1388,18.3520000000,10,22026
1022600107,1611661323,1641649,1541,-8.8350000000,229,-26.3140000000,1118,-6.4060000000,56,-23.8380000000,138,6.5790000000,10,22026
1022600107,1611661323,1642290,3245,-1.3790000000,202,-3.7130000000,1439,-4.2920000000,174,9.3960000000,1430,0.5710000000,10,22026
1022600107,1611661323,1642303,4076,-15.1310000000,1802,-18.7900000000,1686,-14.1430000000,235,2.2800000000,353,-12.7670000000,10,22026
1022600107,1611661322,1642781,888,-3.4950000000,492,-2.6250000000,314,-7.1100000000,9,-37.9780000000,73,10.4380000000,10,22026
1022600107,1611661322,1642785,6990,15.4280000000,1396,3.5020000000,4224,17.5500000000,284,1.1870000000,1086,26.2270000000,10,22026
1022600107,1611661323,1642800,3088,0.7390000000,276,-3.2520000000,1527,-6.9220000000,139,15.2980000000,1146,10.1410000000,10,22026
1022600107,1611661322,1642802,3343,9.8170000000,1040,2.0970000000,1811,10.1650000000,84,11.8870000000,408,27.5210000000,10,22026
1022600107,1611661323,1642809,3615,-3.8050000000,708,-8.4920000000,2294,-2.3870000000,161,-25.4890000000,452,4.0690000000,10,22026
1022600107,1611661322,1643427,5643,2.7820000000,698,-8.3380000000,2768,5.0060000000,186,-10.6730000000,1991,4.8450000000,10,22026
1022600107,1611661323,1643429,1030,-3.3300000000,50,-6.5520000000,807,-2.9840000000,0,0.0000000000,173,-4.0160000000,10,22026
1022600107,1611661322,1643430,3833,-8.4050000000,306,-11.7750000000,3245,-9.6650000000,69,4.9260000000,213,11.3120000000,10,22026
1022600107,1611661322,1643440,2966,-1.9950000000,1505,-8.3150000000,1225,2.8430000000,120,9.3540000000,116,17.1720000000,10,22026
1022600107,1611661323,1643441,1089,-4.1870000000,48,-6.8770000000,431,-4.4740000000,18,-2.3280000000,592,-3.8160000000,10,22026
1022600107,1611661323,1643448,1876,-5.5970000000,203,-12.1390000000,1313,-4.8340000000,116,-10.7690000000,244,-1.7990000000,10,22026
1022600107,1611661323,1643449,3210,1.0800000000,887,-0.3220000000,2019,-0.0920000000,112,14.2200000000,192,12.2140000000,10,22026
1022600107,1611661322,1643455,5758,1.9520000000,364,-15.0960000000,4017,0.5030000000,72,-23.1940000000,1305,12.5570000000,10,22026
1022600107,1611661322,1643467,1562,-2.2540000000,87,9.9080000000,1107,-1.1260000000,28,-12.0460000000,340,-8.2320000000,10,22026
1022600108,1611661329,203400,3613,-2.5400000000,1198,-14.8100000000,1841,8.1460000000,249,-21.1380000000,325,-3.5910000000,10,22026
1022600108,1611661313,203822,2689,-9.4610000000,202,-18.2400000000,1950,-10.0260000000,57,-35.2070000000,480,-0.4170000000,10,22026
1022600108,1611661329,204322,2899,-6.8660000000,140,-12.8710000000,1074,-8.9620000000,114,-10.9610000000,1571,-4.6010000000,10,22026
1022600108,1611661329,204333,3921,-8.0260000000,1035,-24.3700000000,2373,-0.3170000000,196,-17.7200000000,317,-6.3710000000,10,22026
1022600108,1611661313,1627668,6751,2.1250000000,890,-3.6730000000,3845,2.7960000000,211,-10.6830000000,1805,5.0510000000,10,22026
1022600108,1611661329,1627671,990,4.9990000000,25,2.1160000000,546,6.6050000000,61,-4.9560000000,358,4.4460000000,10,22026
1022600108,1611661313,1627673,5490,-5.6110000000,775,-3.5430000000,2930,-7.8740000000,178,-15.8940000000,1607,-1.3430000000,10,22026
1022600108,1611661329,1628922,2291,-3.7090000000,305,-7.3230000000,1527,-2.7780000000,85,-20.5550000000,374,-0.7350000000,10,22026
1022600108,1611661313,1629477,5764,5.6450000000,1242,-0.2030000000,3240,9.0600000000,219,-10.4370000000,1063,5.3820000000,10,22026
1022600108,1611661313,1629546,3118,-5.0020000000,789,-3.4420000000,1958,-5.5930000000,104,-22.3950000000,267,1.4950000000,10,22026
1022600108,1611661313,1629566,2015,-7.3250000000,173,-10.6910000000,878,-7.4700000000,64,-18.7500000000,900,-5.7240000000,10,22026
1022600108,1611661313,1630142,4288,2.1780000000,466,5.5340000000,2876,0.0470000000,72,-3.4190000000,874,7.8640000000,10,22026
1022600108,1611661313,1630149,3082,2.6180000000,359,-1.6770000000,2008,2.5650000000,71,8.7970000000,644,4.4960000000,10,22026
1022600108,1611661313,1631136,3987,-3.2290000000,1210,-8.2630000000,1943,-1.5780000000,357,-0.5960000000,477,0.8420000000,10,22026
1022600108,1611661329,1642289,1715,-3.0760000000,77,-25.5350000000,835,-8.0600000000,65,-6.1780000000,738,5.1790000000,10,22026
1022600108,1611661329,1642292,2078,1.8630000000,280,-11.8660000000,1584,4.0450000000,43,-22.9790000000,171,10.3820000000,10,22026
1022600108,1611661329,1642321,3026,8.7390000000,668,-3.0030000000,2041,10.8640000000,65,23.8340000000,252,18.7600000000,10,22026
1022600108,1611661329,1642786,1643,5.9590000000,88,-12.0050000000,1169,3.6800000000,26,-9.7120000000,360,18.8830000000,10,22026
1022600108,1611661329,1643447,3639,2.5940000000,350,-11.1730000000,2629,3.5480000000,128,1.8800000000,532,7.1070000000,10,22026
1022600109,1611661331,203026,1747,-12.5330000000,485,-23.4620000000,1065,-7.6000000000,59,-27.5800000000,138,-5.7610000000,10,22026
1022600109,1611661331,203866,6017,2.7160000000,251,-17.4670000000,4479,2.9640000000,61,-14.3720000000,1226,6.7910000000,10,22026
1022600109,1611661331,204329,4323,4.3350000000,323,-12.8000000000,2098,1.7910000000,44,-27.0910000000,1858,10.9310000000,10,22026
1022600109,1611661331,1628508,2219,2.5240000000,425,-6.4630000000,1610,6.5070000000,73,-38.1640000000,111,5.9350000000,10,22026
1022600109,1611661331,1628931,5855,-2.0260000000,1099,-10.4820000000,4097,0.4030000000,374,-6.6180000000,285,1.7010000000,10,22026
1022600109,1611661321,1629481,4071,4.5990000000,502,-5.6390000000,2933,5.1740000000,194,-14.1010000000,442,20.6190000000,10,22026
1022600109,1611661321,1629491,4855,-8.5470000000,702,-19.0120000000,1216,-9.9280000000,511,-19.1020000000,2426,-2.6040000000,10,22026
1022600109,1611661321,1629501,1958,3.8710000000,10,-4.3500000000,903,2.5960000000,6,-66.4500000000,1039,5.4640000000,10,22026
1022600109,1611661331,1630097,4441,6.5050000000,394,-13.7290000000,3166,10.9360000000,89,-11.3650000000,792,0.8680000000,10,22026
1022600109,1611661321,1630134,2265,-6.8200000000,864,-10.6580000000,1243,-3.2150000000,96,-14.1840000000,62,-14.2030000000,10,22026
1022600109,1611661321,1630386,3810,-5.0070000000,303,-16.0970000000,2406,-5.1130000000,61,-14.3300000000,1040,-0.9840000000,10,22026
1022600109,1611661331,1631007,7130,-8.3030000000,2638,-17.9160000000,3533,0.4060000000,455,-36.7820000000,504,6.6750000000,10,22026
1022600109,1611661321,1641652,970,8.8050000000,13,-21.0230000000,602,7.7140000000,14,84.7430000000,341,8.7510000000,10,22026
1022600109,1611661331,1641656,619,2.4830000000,9,-30.1780000000,319,-1.7240000000,0,0.0000000000,291,8.1050000000,10,22026
1022600109,1611661331,1641695,4,-98.0250000000,0,0.0000000000,4,-98.0250000000,0,0.0000000000,0,0.0000000000,10,22026
1022600109,1611661331,1642767,4053,2.6150000000,442,-9.4460000000,2988,4.7770000000,105,-13.3170000000,518,3.6640000000,10,22026
1022600109,1611661321,1642784,5193,1.1620000000,1444,-3.0910000000,2597,4.2140000000,564,-1.7430000000,588,0.9100000000,10,22026
1022600109,1611661321,1642793,927,-1.9160000000,21,11.1330000000,770,-0.8480000000,26,-13.5540000000,110,-9.1340000000,10,22026
1022600109,1611661331,1642794,30,-15.8930000000,26,-10.3380000000,4,-52.0000000000,0,0.0000000000,0,0.0000000000,10,22026
1022600109,1611661331,1642822,4879,-2.0420000000,734,-19.0180000000,3321,1.5500000000,187,-28.0730000000,637,6.4310000000,10,22026
1022600109,1611661321,1643425,5663,5.1800000000,471,-14.6210000000,4094,6.8090000000,158,0.0430000000,940,8.8690000000,10,22026
1022600110,1611661320,203014,5132,0.5230000000,641,-3.1520000000,2711,-5.9400000000,197,12.3070000000,1583,11.6150000000,10,22026
1022600110,1611661324,203825,3454,5.3090000000,410,2.3070000000,2447,4.2390000000,60,0.7000000000,537,12.9930000000,10,22026
1022600110,1611661324,203827,4499,-3.1410000000,344,-8.7740000000,2218,-3.5640000000,234,-8.7100000000,1703,-0.6860000000,10,22026
1022600110,1611661320,204324,4180,2.5380000000,372,6.7450000000,2433,-0.2440000000,151,-4.0810000000,1224,7.6070000000,10,22026
1022600110,1611661320,204365,4158,-0.3640000000,1541,2.6880000000,2179,-3.6080000000,267,7.2580000000,171,1.5630000000,10,22026
1022600110,1611661324,1627675,4007,-2.6370000000,967,-4.4380000000,2723,-1.2010000000,150,0.5480000000,167,-18.5020000000,10,22026
1022600110,1611661320,1628242,591,-1.5030000000,56,15.1210000000,442,-6.7610000000,6,23.0670000000,87,12.8130000000,10,22026
1022600110,1611661324,1628269,4025,3.7300000000,237,-1.1240000000,2925,2.4510000000,37,8.8620000000,826,9.4250000000,10,22026
1022600110,1611661320,1628878,4909,3.0260000000,484,-0.8880000000,3664,2.1260000000,88,2.9160000000,673,10.7520000000,10,22026
1022600110,1611661324,1629479,923,7.1140000000,74,-4.2080000000,438,-0.2830000000,9,-19.1780000000,402,17.8460000000,10,22026
1022600110,1611661320,1630148,3777,-0.4900000000,539,5.8610000000,2500,-2.1580000000,129,8.4670000000,609,-1.1570000000,10,22026
1022600110,1611661324,1630471,3988,-0.2530000000,601,-2.5520000000,2951,-0.9290000000,47,-24.4700000000,389,11.3530000000,10,22026
1022600110,1611661320,1630996,4555,0.6770000000,653,3.6690000000,2704,-1.3940000000,413,2.5330000000,785,4.3430000000,10,22026
1022600110,1611661320,1642324,1475,-1.5590000000,139,0.9050000000,1107,-3.6550000000,48,1.8600000000,181,8.4630000000,10,22026
1022600110,1611661320,1642790,892,3.8280000000,134,-1.2080000000,355,-8.1250000000,57,-6.5160000000,346,19.7470000000,10,22026
1022600110,1611661324,1642797,1794,3.1970000000,180,-21.1970000000,1052,0.6760000000,124,23.2260000000,438,13.6060000000,10,22026
1022600110,1611661324,1643426,4248,0.2820000000,1571,-0.8460000000,1926,0.5270000000,500,3.0690000000,251,-0.0870000000,10,22026
1022600110,1611661320,1643444,1653,0.3720000000,305,5.3840000000,1160,-2.6130000000,20,8.8450000000,168,10.8710000000,10,22026
1022600110,1611661320,1643461,19,-22.9110000000,0,0.0000000000,0,0.0000000000,19,-22.9110000000,0,0.0000000000,10,22026
1022600110,1611661320,1643462,2552,6.2090000000,481,8.7810000000,1797,4.0230000000,31,20.9870000000,243,15.4020000000,10,22026
1022600110,1611661324,1643489,2321,0.6680000000,86,-4.0990000000,2007,-1.0400000000,0,0.0000000000,228,17.5070000000,10,22026
1022600110,1611661324,1643490,1966,0.3910000000,513,3.9660000000,1285,-2.3770000000,101,18.6210000000,67,-1.3610000000,10,22026
1022600112,1611661328,203828,1990,-1.5140000000,48,-10.3190000000,1443,-1.5460000000,0,0.0000000000,499,-0.5740000000,10,22026
1022600112,1611661327,1628317,2738,3.7310000000,323,-0.0920000000,1968,2.8200000000,123,3.0200000000,324,13.3500000000,10,22026
1022600112,1611661328,1629478,2137,4.1620000000,89,2.9790000000,1746,2.9810000000,47,34.9060000000,255,6.9930000000,10,22026
1022600112,1611661327,1629484,5319,-1.0630000000,235,-0.8680000000,2917,-2.1350000000,162,-15.2600000000,2005,1.6200000000,10,22026
1022600112,1611661327,1629524,5389,7.7260000000,341,1.0440000000,3495,4.3610000000,119,13.7030000000,1434,17.0190000000,10,22026
1022600112,1611661328,1629567,5120,8.1430000000,1551,8.6710000000,2951,7.3770000000,298,9.7640000000,320,11.1440000000,10,22026
1022600112,1611661327,1631083,5162,-5.0010000000,259,-4.0970000000,2972,-7.4140000000,260,0.8920000000,1671,-1.7680000000,10,22026
1022600112,1611661328,1631141,4622,4.6810000000,1491,5.1910000000,2861,4.5500000000,74,-8.3530000000,196,7.6220000000,10,22026
1022600112,1611661328,1641660,4301,-1.8410000000,545,9.5350000000,3369,-4.3850000000,98,9.9040000000,289,2.3810000000,10,22026
1022600112,1611661327,1642296,1683,-2.3230000000,91,-2.8880000000,1107,-3.9760000000,52,-5.9190000000,433,2.4550000000,10,22026
1022600112,1611661327,1642304,5506,1.7630000000,2966,1.4550000000,1541,0.7670000000,443,8.6930000000,556,0.6450000000,10,22026
1022600112,1611661328,1642307,772,-6.0760000000,62,-4.2030000000,276,-15.5660000000,0,0.0000000000,434,-0.3090000000,10,22026
1022600112,1611661327,1642782,5093,4.2410000000,460,2.9970000000,3373,4.0650000000,218,-4.5330000000,1042,7.1950000000,10,22026
1022600112,1611661328,1642798,5256,0.9680000000,498,-11.9040000000,2018,-0.5810000000,731,3.6970000000,2009,4.7220000000,10,22026
1022600112,1611661328,1642814,466,13.8730000000,101,18.4820000000,292,14.7450000000,18,-7.3670000000,55,7.7270000000,10,22026
1022600112,1611661328,1643428,2933,-3.0000000000,184,0.3840000000,2339,-4.2370000000,125,3.2610000000,285,2.2220000000,10,22026
1022600112,1611661327,1643436,2167,3.3670000000,64,-82.8000000000,806,7.6520000000,35,-38.4800000000,1262,6.1600000000,10,22026
1022600112,1611661328,1643443,4604,1.5910000000,222,-0.0830000000,2685,-2.2600000000,263,22.6500000000,1434,5.1970000000,10,22026
1022600112,1611661327,1643494,2140,-3.2980000000,161,-2.7110000000,1351,0.8880000000,57,-10.9820000000,571,-12.6010000000,10,22026
1022600112,1611661327,1643506,1862,3.0910000000,928,6.8610000000,753,1.6100000000,128,-11.6090000000,53,-6.3830000000,10,22026
1022600113,1611661330,1628277,5629,10.6040000000,451,-4.5220000000,4363,12.9080000000,165,-18.1930000000,650,12.9450000000,10,22026
1022600113,1611661325,1628881,2279,-5.4900000000,42,-34.1290000000,1049,-8.7670000000,25,-2.6640000000,1163,-1.5600000000,10,22026
1022600113,1611661330,1628886,4456,-0.1360000000,1682,-6.0920000000,2228,5.5750000000,326,-11.9190000000,220,5.0320000000,10,22026
1022600113,1611661325,1628899,2210,-18.6000000000,149,-28.6450000000,1587,-20.1500000000,44,-34.2390000000,430,-7.7990000000,10,22026
1022600113,1611661325,1628909,6665,12.5100000000,939,-10.7090000000,4042,18.0940000000,222,-10.2800000000,1462,15.4460000000,10,22026
1022600113,1611661325,1629482,4892,10.3860000000,263,-5.5170000000,4021,10.7640000000,20,-10.3450000000,588,15.6230000000,10,22026
1022600113,1611661325,1630112,2598,-1.2210000000,500,-22.1160000000,1777,2.7560000000,45,-42.3620000000,276,17.7390000000,10,22026
1022600113,1611661330,1631009,5864,12.8430000000,1041,1.5780000000,3977,14.6390000000,120,-19.7050000000,726,24.5360000000,10,22026
1022600113,1611661330,1631021,680,-20.1080000000,37,-30.4030000000,487,-18.1690000000,85,-34.4920000000,71,-10.8270000000,10,22026
1022600113,1611661330,1631044,4904,-8.8760000000,393,-10.5540000000,3323,-10.0990000000,67,-6.8580000000,1121,-4.7810000000,10,22026
1022600113,1611661325,1631086,2769,4.2150000000,152,-10.1300000000,2224,5.7400000000,23,-18.8830000000,370,2.3820000000,10,22026
1022600113,1611661325,1641648,6286,-6.8230000000,962,-18.5120000000,2712,-7.0090000000,782,-17.8240000000,1830,4.3000000000,10,22026
1022600113,1611661325,1642286,5589,0.7320000000,2422,-1.7470000000,2186,5.0670000000,523,-10.9390000000,458,6.4710000000,10,22026
1022600113,1611661330,1642291,4441,-4.2520000000,258,-13.7720000000,2276,-1.6930000000,367,-10.4310000000,1540,-4.9680000000,10,22026
1022600113,1611661330,1642302,1883,-7.2940000000,187,-18.5370000000,1452,-4.4590000000,107,-36.1730000000,137,0.5640000000,10,22026
1022600113,1611661330,1642804,2215,-1.0350000000,645,-10.6350000000,1264,7.2040000000,156,-28.7330000000,150,-0.3810000000,10,22026
1022600113,1611661325,1642815,3696,-5.6190000000,121,-27.1150000000,2024,-9.4140000000,69,-39.8130000000,1482,2.9120000000,10,22026
1022600113,1611661330,1643431,787,-10.9600000000,38,0.9240000000,409,-4.5440000000,33,-23.0910000000,307,-19.6740000000,10,22026
1022600113,1611661325,1643433,574,0.4100000000,198,-0.4360000000,325,-1.3660000000,27,-28.3190000000,24,63.7670000000,10,22026
1022600114,1611661323,203398,3782,13.6050000000,170,1.8250000000,822,10.2690000000,333,27.0470000000,2457,13.7150000000,10,22026
1022600114,1611661332,204330,5015,0.0170000000,417,-8.2030000000,2710,-0.9980000000,149,-31.7110000000,1739,6.2880000000,10,22026
1022600114,1611661332,1627700,5902,-3.4620000000,1733,-8.7330000000,3590,0.1620000000,287,-16.1810000000,292,-4.2370000000,10,22026
1022600114,1611661332,1627701,5282,0.0590000000,584,-12.2720000000,2241,0.8070000000,140,-24.0160000000,2317,3.9000000000,10,22026
1022600114,1611661332,1628915,1102,14.7790000000,130,21.3970000000,781,12.0080000000,12,16.3170000000,179,21.9590000000,10,22026
1022600114,1611661332,1629497,5100,16.1490000000,1319,12.5390000000,2800,17.8630000000,265,5.5960000000,716,20.0020000000,10,22026
1022600114,1611661323,1629568,4250,1.4000000000,237,-2.8320000000,3181,1.1830000000,105,35.4100000000,727,-1.1820000000,10,22026
1022600114,1611661332,1629576,5093,-1.3850000000,721,-2.1790000000,3735,-1.5560000000,140,5.2210000000,497,-0.8030000000,10,22026
1022600114,1611661323,1631135,2852,13.6300000000,116,-4.1700000000,907,12.4790000000,215,15.3090000000,1614,15.3320000000,10,22026
1022600114,1611661323,1641649,3572,-1.6040000000,539,-7.1240000000,2352,-2.3920000000,192,-7.1460000000,489,10.4440000000,10,22026
1022600114,1611661323,1642290,3537,3.5990000000,333,-1.0170000000,1501,-5.8570000000,22,-29.6680000000,1681,13.3920000000,10,22026
1022600114,1611661323,1642303,5049,-1.9220000000,1381,-9.0010000000,2863,-1.5200000000,251,-6.7250000000,554,15.8250000000,10,22026
1022600114,1611661323,1642800,3093,3.5790000000,334,-0.4800000000,1686,-2.5040000000,147,23.7920000000,926,12.9100000000,10,22026
1022600114,1611661323,1642809,3253,-5.7930000000,787,-11.3200000000,2104,-4.6750000000,69,-12.0640000000,293,2.4980000000,10,22026
1022600114,1611661323,1642817,50,-28.5700000000,0,0.0000000000,0,0.0000000000,0,0.0000000000,50,-28.5700000000,10,22026
1022600114,1611661332,1643420,4432,-3.7150000000,459,-9.3030000000,2924,-3.0470000000,172,-18.3200000000,877,-0.1520000000,10,22026
1022600114,1611661323,1643448,474,-5.3940000000,40,-4.9150000000,308,-1.4270000000,45,-1.9240000000,81,-22.6420000000,10,22026
1022600114,1611661323,1643449,3155,0.0650000000,1182,1.1080000000,1383,-3.6650000000,120,7.5900000000,470,6.4920000000,10,22026
1022600114,1611661332,1643457,959,-3.0550000000,23,-1.2390000000,409,-3.1290000000,6,-38.4170000000,521,-2.6700000000,10,22026
1022600114,1611661332,1643647,796,-9.3180000000,157,-14.3710000000,588,-8.8040000000,27,21.6590000000,24,-23.7040000000,10,22026
1022600115,1611661313,203822,1408,1.4580000000,271,-1.0690000000,777,4.1060000000,18,-28.5390000000,342,-0.9780000000,10,22026
1022600115,1611661313,1627668,5134,-5.4250000000,859,-16.7600000000,2515,-5.3580000000,485,-4.1410000000,1275,1.5930000000,10,22026
1022600115,1611661313,1627673,5179,-2.0920000000,517,-2.3390000000,2853,-4.9380000000,111,1.0450000000,1698,2.5600000000,10,22026
1022600115,1611661313,1629477,4989,8.0320000000,1118,1.8590000000,2655,8.2590000000,262,-1.4700000000,954,17.2440000000,10,22026
1022600115,1611661313,1629546,4389,1.2550000000,934,0.8270000000,2751,-1.4140000000,109,-3.9610000000,595,15.2260000000,10,22026
1022600115,1611661313,1629566,1947,-3.6150000000,164,-15.2930000000,845,-7.8940000000,0,0.0000000000,938,2.2810000000,10,22026
1022600115,1611661313,1630142,5117,9.2890000000,532,-2.8050000000,3370,10.5980000000,76,-11.3530000000,1139,12.4430000000,10,22026
1022600115,1611661313,1630149,2846,2.1190000000,365,7.6950000000,1956,-0.7790000000,73,9.5530000000,452,8.9550000000,10,22026
1022600115,1611661322,1630446,5219,5.8070000000,123,0.5240000000,3935,5.1840000000,96,6.2430000000,1065,8.6790000000,10,22026
1022600115,1611661322,1631022,5046,-8.1220000000,557,-10.7160000000,2395,-11.8240000000,368,-8.1720000000,1726,-2.1350000000,10,22026
1022600115,1611661313,1631136,1516,-4.2690000000,484,-7.8960000000,636,-4.2740000000,127,-10.8020000000,269,5.3550000000,10,22026
1022600115,1611661322,1642781,5611,-7.7970000000,2812,-9.5960000000,2138,-3.6330000000,181,-14.8400000000,480,-13.1490000000,10,22026
1022600115,1611661322,1642785,6493,9.6330000000,1084,1.7080000000,3540,9.7210000000,367,-7.8200000000,1502,19.4110000000,10,22026
1022600115,1611661322,1642792,5102,-7.5250000000,235,-11.7540000000,2260,-10.0510000000,241,-14.0390000000,2366,-4.0290000000,10,22026
1022600115,1611661322,1642802,1794,0.6390000000,610,-2.6170000000,1020,3.4870000000,11,-0.5640000000,153,-5.2860000000,10,22026
1022600115,1611661322,1643427,3453,-5.3380000000,325,-18.2150000000,1826,-10.6130000000,37,11.6270000000,1265,5.0900000000,10,22026
1022600115,1611661322,1643430,2265,4.5050000000,75,-14.3650000000,1889,6.0790000000,50,-17.4620000000,251,2.6720000000,10,22026
1022600115,1611661322,1643455,1353,-4.9740000000,125,1.3130000000,742,-11.1680000000,28,-39.9110000000,458,5.4810000000,10,22026
1022600115,1611661322,1643467,1002,-5.7930000000,141,-21.6530000000,755,-2.5350000000,11,0.4000000000,95,-8.8600000000,10,22026
1022600116,1611661331,203026,3087,5.4010000000,320,6.2720000000,1491,6.4500000000,90,6.8760000000,1186,3.7360000000,10,22026
1022600116,1611661324,203825,5449,8.1990000000,423,-9.9860000000,3980,10.4620000000,138,-0.4090000000,908,8.0560000000,10,22026
1022600116,1611661324,203827,4162,-0.3530000000,555,-10.5850000000,1662,-3.3560000000,285,-0.0210000000,1660,6.0170000000,10,22026
1022600116,1611661331,203866,4266,-5.1460000000,205,2.4800000000,3421,-7.5410000000,17,-3.0590000000,623,5.4410000000,10,22026
1022600116,1611661331,204329,3511,-1.6890000000,204,6.9450000000,1713,0.1700000000,47,-8.3430000000,1547,-4.6830000000,10,22026
1022600116,1611661324,1627675,5852,1.5810000000,1369,-4.8210000000,4000,3.9180000000,233,-4.5300000000,250,4.9580000000,10,22026
1022600116,1611661324,1628269,5306,0.6210000000,449,-6.5700000000,4011,2.0470000000,110,-31.7550000000,736,2.0740000000,10,22026
1022600116,1611661331,1628508,4754,4.1460000000,859,6.7210000000,3401,1.4420000000,221,15.4640000000,273,20.5680000000,10,22026
1022600116,1611661331,1628931,5289,-1.6330000000,1038,1.6000000000,3522,-2.4440000000,276,-15.6650000000,453,5.8080000000,10,22026
1022600116,1611661331,1630097,3773,0.2670000000,437,4.0450000000,2672,-0.3220000000,169,0.2080000000,495,0.1320000000,10,22026
1022600116,1611661324,1630471,1527,-5.0730000000,161,-22.0730000000,1258,-2.6900000000,45,-30.8980000000,63,9.2350000000,10,22026
1022600116,1611661331,1631007,4417,2.8590000000,1612,6.1290000000,2290,1.0980000000,200,1.5090000000,315,-0.2180000000,10,22026
1022600116,1611661331,1641656,133,6.5420000000,0,0.0000000000,0,0.0000000000,0,0.0000000000,133,6.5420000000,10,22026
1022600116,1611661331,1642767,3979,2.4050000000,336,4.3610000000,2644,0.4700000000,85,6.1960000000,914,6.9310000000,10,22026
1022600116,1611661324,1642797,3342,-5.3260000000,210,-15.0880000000,2073,-4.3710000000,88,15.7750000000,971,-7.1660000000,10,22026
1022600116,1611661331,1642822,2858,0.6500000000,958,0.7980000000,1489,-0.8350000000,152,4.3270000000,259,6.4820000000,10,22026
1022600116,1611661324,1643426,5245,-1.6030000000,1951,0.8990000000,2741,-3.6030000000,331,-20.1590000000,222,28.7580000000,10,22026
1022600116,1611661324,1643489,1172,-2.5140000000,63,-16.5410000000,974,-4.1730000000,0,0.0000000000,135,16.0040000000,10,22026
1022600118,1611661317,201886,4555,-2.1800000000,329,-6.4150000000,3704,-2.2260000000,48,-49.5600000000,474,5.9150000000,10,22026
1022600118,1611661317,203826,5676,-2.1560000000,1745,-4.5120000000,1794,-6.2810000000,459,-8.3720000000,1678,6.4060000000,10,22026
1022600118,1611661328,203828,3166,-7.9770000000,180,6.5170000000,2003,-2.7760000000,13,22.7230000000,970,-21.8160000000,10,22026
1022600118,1611661317,204468,4617,-2.3950000000,840,-20.6650000000,2994,-0.1350000000,120,-9.0490000000,663,11.7500000000,10,22026
1022600118,1611661317,1627674,5111,4.2360000000,672,2.7170000000,3439,1.2530000000,190,-2.1350000000,810,19.6530000000,10,22026
1022600118,1611661328,1629478,4233,-5.8980000000,368,8.7660000000,3345,-3.4190000000,96,-51.0640000000,424,-27.9610000000,10,22026
1022600118,1611661328,1629567,4005,-1.7100000000,1522,-4.5930000000,1953,-1.2150000000,210,1.9350000000,320,6.5850000000,10,22026
1022600118,1611661317,1630442,4863,0.7570000000,185,6.5100000000,2204,-4.5500000000,169,-1.5110000000,2305,5.5370000000,10,22026
1022600118,1611661317,1631118,6026,3.7770000000,1524,4.2450000000,3412,0.4170000000,327,-0.1680000000,763,19.5610000000,10,22026
1022600118,1611661328,1631141,1812,-11.6650000000,625,-25.0040000000,962,-6.9090000000,46,-5.3130000000,179,7.7150000000,10,22026
1022600118,1611661328,1641660,2470,-7.8750000000,496,-7.4240000000,1718,-5.1600000000,105,-0.0030000000,151,-45.7180000000,10,22026
1022600118,1611661328,1642307,616,3.3060000000,0,0.0000000000,259,0.5980000000,55,-6.7040000000,302,7.4510000000,10,22026
1022600118,1611661317,1642768,2275,-9.9590000000,351,3.7480000000,1198,-17.8300000000,64,-19.8410000000,662,-2.0270000000,10,22026
1022600118,1611661328,1642798,3431,4.2840000000,426,3.9280000000,1644,-1.5300000000,318,2.0870000000,1043,14.2650000000,10,22026
1022600118,1611661328,1642814,926,6.6500000000,26,-10.7460000000,658,4.7970000000,25,-2.6760000000,217,15.4290000000,10,22026
1022600118,1611661328,1643428,5079,1.2240000000,810,-11.8540000000,3749,3.2870000000,193,4.2110000000,327,8.1990000000,10,22026
1022600118,1611661328,1643443,4809,-2.3930000000,462,1.4200000000,2519,-4.1700000000,128,7.9040000000,1700,-1.5710000000,10,22026
1022600118,1611661317,1643487,755,-18.2110000000,24,31.4750000000,691,-21.6720000000,17,26.5650000000,23,0.8090000000,10,22026
1022600118,1611661317,1643493,6247,3.5180000000,813,-4.5120000000,4127,0.5630000000,162,30.8490000000,1145,16.0020000000,10,22026
1022600119,1611661329,203400,4686,-5.4850000000,1665,-17.4460000000,2112,2.8060000000,429,-14.8440000000,480,7.8880000000,10,22026
1022600119,1611661329,204322,2133,-0.2280000000,89,-26.9360000000,972,-2.0070000000,49,10.5410000000,1023,3.2700000000,10,22026
1022600119,1611661329,204333,4286,-3.8630000000,1190,-20.0640000000,2740,4.0920000000,183,-23.3440000000,173,2.1990000000,10,22026
1022600119,1611661329,1628922,4251,3.3710000000,401,-18.3210000000,3152,5.3310000000,110,-11.1970000000,588,10.3830000000,10,22026
1022600119,1611661321,1629481,6359,2.0620000000,715,-0.2640000000,4950,2.9880000000,128,-8.3050000000,566,-0.7480000000,10,22026
1022600119,1611661321,1629491,6572,0.2760000000,1237,-6.4520000000,1799,-2.9000000000,627,-10.0600000000,2909,7.3280000000,10,22026
1022600119,1611661321,1629501,820,-0.6680000000,53,-19.8060000000,580,-2.1360000000,0,0.0000000000,187,9.3090000000,10,22026
1022600119,1611661321,1629574,3173,-12.2910000000,151,-7.1420000000,1948,-14.9360000000,55,-5.8400000000,1019,-8.3440000000,10,22026
1022600119,1611661321,1630134,1982,-5.4030000000,722,-6.6300000000,1190,-4.0320000000,39,-25.8850000000,31,-3.6680000000,10,22026
1022600119,1611661321,1630386,2416,0.4580000000,106,-9.9890000000,1271,-3.4790000000,41,9.0390000000,998,6.2290000000,10,22026
1022600119,1611661321,1641652,1503,-10.9170000000,83,-10.9230000000,999,-14.1300000000,24,-20.9580000000,397,-2.2230000000,10,22026
1022600119,1611661329,1642289,4749,-1.4520000000,188,-14.3010000000,1886,-2.9790000000,240,-24.1280000000,2435,2.9570000000,10,22026
1022600119,1611661329,1642292,2732,-0.3570000000,373,-10.6480000000,1856,2.0330000000,114,-25.7530000000,389,5.5550000000,10,22026
1022600119,1611661329,1642321,3463,-2.3350000000,543,-13.4620000000,2515,-1.3650000000,62,-15.9710000000,343,10.6300000000,10,22026
1022600119,1611661321,1642784,7065,7.0370000000,1778,0.9410000000,3557,10.5040000000,486,-6.5660000000,1244,11.1500000000,10,22026
1022600119,1611661321,1642793,550,1.4750000000,36,9.8080000000,448,2.2170000000,56,-12.1890000000,10,14.7400000000,10,22026
1022600119,1611661329,1642818,1177,10.0230000000,112,-7.2040000000,776,9.0810000000,53,-15.4600000000,236,27.0170000000,10,22026
1022600119,1611661321,1643425,6045,1.2450000000,828,-2.4600000000,3966,0.4170000000,128,-22.2390000000,1123,9.5770000000,10,22026
1022600119,1611661329,1643447,3522,2.1160000000,322,-10.8620000000,2600,2.6020000000,78,-4.9620000000,522,8.7580000000,10,22026
1022600120,1611661331,203026,3166,1.0150000000,1008,-11.6820000000,1764,8.3440000000,161,-17.0340000000,233,12.9280000000,10,22026
1022600120,1611661319,203833,4683,-4.0070000000,1802,-5.9260000000,2302,-3.1920000000,211,-0.2440000000,368,-1.8650000000,10,22026
1022600120,1611661319,203855,3139,-4.1640000000,261,-10.6750000000,2402,-4.6650000000,101,-11.1240000000,375,5.4460000000,10,22026
1022600120,1611661331,203866,4232,-4.7840000000,194,-9.4860000000,3260,-6.0470000000,42,-43.6790000000,736,4.2720000000,10,22026
1022600120,1611661319,204319,3382,-5.5950000000,573,-16.4290000000,2091,-6.8180000000,41,-20.4680000000,677,8.2530000000,10,22026
1022600120,1611661319,204323,615,3.7380000000,21,-4.0900000000,318,4.1210000000,24,35.3460000000,252,0.8970000000,10,22026
1022600120,1611661331,204329,3997,-3.8330000000,387,-16.0410000000,1861,-6.8320000000,61,-14.5160000000,1688,2.6580000000,10,22026
1022600120,1611661331,1628508,5163,-1.1700000000,753,-11.9050000000,3516,2.9950000000,259,-11.3870000000,635,-7.3340000000,10,22026
1022600120,1611661331,1628931,4597,5.2710000000,812,-9.1120000000,3406,9.0720000000,153,-18.7510000000,226,15.9350000000,10,22026
1022600120,1611661319,1628932,3838,0.9170000000,283,-20.1480000000,1981,1.8810000000,289,-0.9170000000,1285,4.4830000000,10,22026
1022600120,1611661319,1629488,2785,2.7320000000,84,-3.3450000000,978,-3.6740000000,44,-5.2750000000,1679,6.9780000000,10,22026
1022600120,1611661319,1629498,4062,0.0320000000,1403,-3.8960000000,1944,0.9240000000,138,-2.2190000000,577,7.1180000000,10,22026
1022600120,1611661331,1630097,3680,6.2920000000,304,-10.9480000000,2921,8.6750000000,61,-40.7410000000,394,9.2100000000,10,22026
1022600120,1611661319,1631006,2815,1.3610000000,312,-4.9480000000,2150,1.2390000000,24,-29.2040000000,329,10.3650000000,10,22026
1022600120,1611661331,1631007,2914,-8.6680000000,822,-15.8850000000,1800,-4.8870000000,126,-45.4000000000,166,13.9480000000,10,22026
1022600120,1611661319,1631019,3991,-0.3960000000,99,-16.9870000000,1092,-4.5970000000,158,-16.9250000000,2642,2.9500000000,10,22026
1022600120,1611661331,1631039,78,-69.6420000000,15,4.6600000000,26,-69.8730000000,0,0.0000000000,37,-99.6030000000,10,22026
1022600120,1611661331,1641656,2379,-9.3480000000,226,-16.4440000000,1413,-6.3670000000,110,-13.3510000000,630,-12.7870000000,10,22026
1022600120,1611661331,1642767,3512,-0.2870000000,352,-9.0550000000,2022,-4.3490000000,133,-21.3870000000,1005,13.7470000000,10,22026
1022600120,1611661331,1642794,1279,-3.2110000000,379,-13.8840000000,794,2.5440000000,58,-26.4620000000,48,13.9600000000,10,22026
1022600120,1611661331,1642822,4927,-3.7350000000,1564,-8.5950000000,2710,-0.8910000000,134,-31.7500000000,519,3.3000000000,10,22026
1022600120,1611661331,1643686,939,2.8090000000,53,-13.5600000000,523,5.7230000000,13,0.8310000000,350,1.0070000000,10,22026
1022600121,1611661324,203825,5582,2.1000000000,452,-18.3820000000,4070,3.1080000000,193,-19.0130000000,867,12.7470000000,10,22026
1022600121,1611661324,203827,5477,-4.6150000000,676,-7.2480000000,2086,-8.6790000000,376,-15.7330000000,2339,1.5570000000,10,22026
1022600121,1611661324,1627675,4951,-2.7780000000,1067,-9.0470000000,3328,-3.0550000000,210,10.2000000000,346,11.3410000000,10,22026
1022600121,1611661324,1628269,4803,-5.3360000000,389,-8.4520000000,3535,-8.1850000000,32,-6.6530000000,847,8.0350000000,10,22026
1022600121,1611661324,1629479,1135,-2.9070000000,155,-13.7320000000,352,-7.3180000000,40,-15.8750000000,588,3.4690000000,10,22026
1022600121,1611661322,1630446,4281,5.2940000000,219,7.1620000000,3413,4.6550000000,115,18.5040000000,534,5.7670000000,10,22026
1022600121,1611661324,1630471,2119,-12.5370000000,236,-13.6050000000,1700,-12.3730000000,51,-68.6710000000,132,8.9500000000,10,22026
1022600121,1611661322,1631022,4435,-6.3760000000,463,-3.7820000000,2160,-15.8610000000,409,-6.3610000000,1403,7.3670000000,10,22026
1022600121,1611661322,1642781,6868,2.2740000000,3084,3.2290000000,2655,4.1880000000,487,0.3010000000,642,-8.7310000000,10,22026
1022600121,1611661322,1642785,7191,10.5630000000,708,8.9670000000,5012,10.3710000000,180,14.2030000000,1291,11.6740000000,10,22026
1022600121,1611661322,1642792,6286,-0.9370000000,574,3.2350000000,3191,-5.9900000000,390,5.4350000000,2131,4.3400000000,10,22026
1022600121,1611661324,1642797,1401,-18.5450000000,0,0.0000000000,1067,-21.5950000000,16,-10.9060000000,318,-8.6970000000,10,22026
1022600121,1611661322,1642802,1059,8.8600000000,439,13.9830000000,591,2.0770000000,0,0.0000000000,29,69.5520000000,10,22026
1022600121,1611661324,1643426,5113,2.1440000000,1792,0.0820000000,2306,0.4080000000,618,8.3860000000,397,11.8130000000,10,22026
1022600121,1611661322,1643427,3505,-1.0270000000,135,-2.8440000000,1464,-4.0370000000,132,8.5840000000,1774,0.8790000000,10,22026
1022600121,1611661322,1643430,2592,-0.8950000000,215,-6.8230000000,2107,0.5240000000,93,-14.9860000000,177,-3.1840000000,10,22026
1022600121,1611661322,1643450,618,-1.4280000000,58,-1.5720000000,454,-1.9880000000,0,0.0000000000,106,1.0510000000,10,22026
1022600121,1611661322,1643455,2418,-7.1020000000,177,-3.6250000000,1506,-11.1530000000,10,-28.0700000000,725,0.7520000000,10,22026
1022600121,1611661322,1643467,36,55.5560000000,28,100.0000000000,0,0.0000000000,0,0.0000000000,8,-100.0000000000,10,22026
1022600121,1611661324,1643489,1459,-2.9370000000,94,-14.2240000000,1062,-4.5740000000,11,13.4910000000,292,6.0280000000,10,22026
1022600121,1611661322,1643644,329,-40.2640000000,0,0.0000000000,91,4.4770000000,0,0.0000000000,238,-57.3700000000,10,22026
1022600122,1611661320,203014,5555,-7.3030000000,525,-10.8070000000,3035,-11.4510000000,319,-1.4240000000,1676,0.1860000000,10,22026
1022600122,1611661313,203822,1428,-2.6060000000,208,-12.8340000000,894,-0.9980000000,35,-42.6630000000,291,4.5860000000,10,22026
1022600122,1611661313,204296,700,2.2590000000,94,-0.6530000000,394,5.3180000000,1,-34.2000000000,211,-1.9820000000,10,22026
1022600122,1611661320,204324,4455,-1.6730000000,461,-9.2810000000,2116,-5.4730000000,319,-8.5710000000,1559,7.1450000000,10,22026
1022600122,1611661320,204365,4013,-8.1260000000,1142,-17.2600000000,2384,-3.3870000000,250,-20.0100000000,237,0.7430000000,10,22026
1022600122,1611661313,1627668,5659,0.0290000000,1065,-13.9080000000,3168,3.4160000000,233,-18.0280000000,1193,7.0040000000,10,22026
1022600122,1611661313,1627673,5513,-2.4660000000,731,-4.1750000000,2966,-3.6670000000,55,-1.0040000000,1761,0.2200000000,10,22026
1022600122,1611661320,1628276,5590,9.6760000000,1146,5.7180000000,3546,9.6390000000,188,0.1150000000,710,18.7810000000,10,22026
1022600122,1611661320,1628878,4006,-4.1810000000,309,-4.8000000000,3078,-5.3910000000,61,-12.9950000000,558,3.7990000000,10,22026
1022600122,1611661313,1629477,3922,5.3720000000,683,-3.0600000000,2564,8.0890000000,113,-15.0440000000,562,7.3280000000,10,22026
1022600122,1611661313,1629546,2588,6.3640000000,474,3.5930000000,1607,5.9380000000,57,-10.1300000000,450,12.8910000000,10,22026
1022600122,1611661313,1629566,884,-1.1880000000,87,-1.9180000000,530,-3.6430000000,0,0.0000000000,267,3.9220000000,10,22026
1022600122,1611661313,1630142,4574,4.8440000000,584,-7.3800000000,2574,4.9080000000,159,-4.2800000000,1257,11.5480000000,10,22026
1022600122,1611661320,1630148,413,6.2670000000,36,-26.8860000000,339,6.0540000000,27,36.8000000000,11,46.3640000000,10,22026
1022600122,1611661313,1630149,4216,1.4760000000,776,-3.4520000000,2309,0.4250000000,103,-5.8980000000,1028,8.2970000000,10,22026
1022600122,1611661313,1630384,73,13.2660000000,24,0.0920000000,38,12.9080000000,0,0.0000000000,11,43.2450000000,10,22026
1022600122,1611661320,1630461,1131,-2.2450000000,297,1.4560000000,807,-4.3440000000,16,5.8560000000,11,40.0360000000,10,22026
1022600122,1611661320,1630996,3704,-5.0440000000,599,-14.1830000000,2441,-3.6690000000,298,-6.0110000000,366,1.5290000000,10,22026
1022600122,1611661313,1631136,2998,-4.9470000000,868,-8.3860000000,1577,-4.0460000000,192,-8.9590000000,361,1.5180000000,10,22026
1022600122,1611661320,1643461,1496,-5.7960000000,71,-18.6450000000,889,-7.6350000000,23,-6.6650000000,513,-0.7910000000,10,22026
1022600123,1611661329,202664,10,-4.8600000000,0,0.0000000000,1,-25.3000000000,0,0.0000000000,9,-2.5890000000,10,22026
1022600123,1611661323,203398,3301,5.2570000000,115,3.5920000000,574,-4.0450000000,287,-4.8690000000,2325,8.8860000000,10,22026
1022600123,1611661329,203400,4013,7.2890000000,1147,10.2790000000,2141,6.3980000000,159,26.6220000000,566,-0.8320000000,10,22026
1022600123,1611661329,204322,3048,0.2490000000,185,2.2790000000,1543,1.8990000000,87,-44.9480000000,1233,1.0670000000,10,22026
1022600123,1611661329,204333,4495,0.7420000000,1644,-1.2030000000,2531,1.8950000000,86,-0.5900000000,234,2.4280000000,10,22026
1022600123,1611661329,1627671,3561,-0.7260000000,592,-1.0470000000,2566,2.7390000000,17,-15.5120000000,386,-22.6190000000,10,22026
1022600123,1611661329,1628922,5500,-5.3180000000,448,-16.4200000000,3855,-4.4190000000,165,-53.1270000000,1032,3.7850000000,10,22026
1022600123,1611661323,1629568,3585,-0.1300000000,316,-5.7750000000,2711,-1.1660000000,101,12.1970000000,457,7.1940000000,10,22026
1022600123,1611661323,1631135,3957,0.0170000000,410,-12.6580000000,1659,-6.3990000000,161,2.8320000000,1727,8.9270000000,10,22026
1022600123,1611661323,1641649,3382,0.8320000000,424,-12.5650000000,2314,1.9610000000,152,-0.0550000000,492,7.3410000000,10,22026
1022600123,1611661329,1642288,29,-18.3340000000,0,0.0000000000,29,-18.3340000000,0,0.0000000000,0,0.0000000000,10,22026
1022600123,1611661329,1642289,5203,-14.7720000000,496,-23.5750000000,2661,-20.4590000000,329,-45.6370000000,1717,2.4980000000,10,22026
1022600123,1611661323,1642290,1860,4.4240000000,127,-0.2740000000,873,0.2950000000,169,16.4790000000,691,7.5570000000,10,22026
1022600123,1611661329,1642292,331,-20.4180000000,25,8.4200000000,110,3.0820000000,9,25.5110000000,187,-40.3060000000,10,22026
1022600123,1611661323,1642303,2655,-3.2840000000,845,-9.8970000000,1420,-3.7950000000,174,14.1100000000,216,11.9320000000,10,22026
1022600123,1611661329,1642321,4810,-1.1300000000,746,-3.9030000000,3142,-5.5780000000,127,14.9120000000,795,16.4890000000,10,22026
1022600123,1611661323,1642800,716,-4.4340000000,24,-25.3460000000,316,-13.1320000000,79,10.1030000000,297,2.6440000000,10,22026
1022600123,1611661323,1642809,1418,-0.4010000000,225,-22.5150000000,954,1.4130000000,50,-12.8140000000,189,20.0540000000,10,22026
1022600123,1611661329,1642818,3974,0.3400000000,837,7.9800000000,2534,-2.7000000000,203,8.7960000000,400,-0.6780000000,10,22026
1022600123,1611661323,1643429,885,4.1580000000,61,3.4610000000,550,5.2910000000,13,-92.7150000000,261,6.7610000000,10,22026
1022600123,1611661323,1643441,956,-3.8790000000,21,28.1050000000,167,-15.8820000000,28,-10.5640000000,740,-1.8240000000,10,22026
1022600123,1611661329,1643447,5664,6.8340000000,865,10.9590000000,4008,5.1560000000,98,-2.1330000000,693,12.6560000000,10,22026
1022600123,1611661323,1643448,1352,2.7340000000,233,1.3240000000,767,-1.7680000000,67,27.9340000000,285,10.0760000000,10,22026
1022600123,1611661323,1643449,4558,-2.2650000000,1492,-3.0880000000,2313,-2.4510000000,170,-6.1300000000,583,1.7050000000,10,22026
1022600123,1611661329,1643458,843,2.3000000000,64,4.7440000000,651,2.2790000000,0,0.0000000000,128,1.1860000000,10,22026
1022600125,1611661317,201886,2620,9.4540000000,148,-4.9550000000,1984,7.2160000000,16,-28.1000000000,472,24.6490000000,10,22026
1022600125,1611661317,203826,3103,-10.8180000000,1025,-16.3200000000,1097,-11.9280000000,264,-3.3440000000,717,-4.0090000000,10,22026
1022600125,1611661317,204468,2583,7.9620000000,444,-4.2700000000,1359,14.6580000000,177,-16.1210000000,603,8.9460000000,10,22026
1022600125,1611661317,1627674,2734,12.8660000000,207,11.0990000000,1760,11.9280000000,161,14.3410000000,606,15.8010000000,10,22026
1022600125,1611661325,1628881,2963,-4.0660000000,54,-15.8870000000,1418,-8.9290000000,86,-8.3980000000,1405,1.5630000000,10,22026
1022600125,1611661325,1628899,522,-11.8440000000,88,-10.6350000000,232,-15.3780000000,0,0.0000000000,202,-8.3120000000,10,22026
1022600125,1611661325,1628909,2826,1.1950000000,975,-10.8770000000,1275,6.8980000000,116,2.3980000000,460,10.6680000000,10,22026
1022600125,1611661325,1629482,2483,-1.2060000000,139,-22.4320000000,1982,0.2000000000,39,-10.3970000000,323,0.4100000000,10,22026
1022600125,1611661317,1630442,2840,-11.7660000000,135,-21.6070000000,1192,-11.2590000000,152,-16.2070000000,1361,-10.7390000000,10,22026
1022600125,1611661325,1631086,1155,8.7830000000,77,0.0570000000,986,8.7370000000,20,28.9500000000,72,13.1490000000,10,22026
1022600125,1611661317,1631118,2246,9.4520000000,625,7.9730000000,1399,10.2230000000,82,10.5780000000,140,7.6910000000,10,22026
1022600125,1611661325,1641648,2915,-0.5940000000,231,-0.5940000000,1898,-7.7690000000,78,6.3500000000,708,17.8740000000,10,22026
1022600125,1611661325,1642286,2182,1.9970000000,969,-0.9480000000,905,1.6000000000,100,2.0130000000,208,17.4330000000,10,22026
1022600125,1611661317,1642768,691,-12.5410000000,12,-0.7750000000,624,-11.2390000000,0,0.0000000000,55,-29.8800000000,10,22026
1022600125,1611661325,1642815,219,6.6250000000,0,0.0000000000,132,8.3790000000,0,0.0000000000,87,3.9630000000,10,22026
1022600125,1611661325,1643433,1611,-3.2760000000,325,-21.4750000000,987,-0.6160000000,50,18.4760000000,249,5.5640000000,10,22026
1022600125,1611661325,1643453,219,-1.0390000000,72,4.9430000000,87,-7.6970000000,0,0.0000000000,60,1.4350000000,10,22026
1022600125,1611661317,1643470,351,-9.0970000000,111,-22.6170000000,240,-2.8440000000,0,0.0000000000,0,0.0000000000,10,22026
1022600125,1611661317,1643487,351,0.7410000000,0,0.0000000000,351,0.7410000000,0,0.0000000000,0,0.0000000000,10,22026
1022600125,1611661317,1643493,1891,-1.8970000000,280,-14.9850000000,1330,-1.3820000000,43,1.8930000000,238,9.9430000000,10,22026
1022600126,1611661321,203824,1,1.6000000000,0,0.0000000000,1,1.6000000000,0,0.0000000000,0,0.0000000000,10,22026
1022600126,1611661328,203828,1818,6.6420000000,92,6.0490000000,1363,4.9310000000,0,0.0000000000,363,13.2150000000,10,22026
1022600126,1611661328,1629478,3308,1.3350000000,79,-9.4800000000,2892,1.6770000000,10,-35.2000000000,327,2.0410000000,10,22026
1022600126,1611661321,1629481,3252,0.3990000000,636,-5.3700000000,2140,3.5090000000,103,-36.4870000000,373,2.5800000000,10,22026
1022600126,1611661321,1629491,5742,-8.3870000000,802,-17.9690000000,2282,-8.7790000000,431,-17.4730000000,2227,-2.7740000000,10,22026
1022600126,1611661328,1629567,6356,-10.3520000000,3061,-15.6440000000,2610,-2.9970000000,334,-27.1380000000,351,-2.9130000000,10,22026
1022600126,1611661321,1629574,3082,-2.8610000000,165,-6.8900000000,1684,-4.4720000000,22,-5.0320000000,1211,-0.0330000000,10,22026
1022600126,1611661321,1630134,1638,-0.2590000000,516,1.8820000000,977,-6.1050000000,66,24.5920000000,79,37.2960000000,10,22026
1022600126,1611661321,1630386,3480,-5.4380000000,293,-24.2250000000,1898,-7.9400000000,67,-8.4100000000,1222,3.1150000000,10,22026
1022600126,1611661321,1641652,2196,-0.7740000000,79,-28.5460000000,1556,-0.5850000000,34,-16.7090000000,527,3.8600000000,10,22026
1022600126,1611661328,1641660,5301,2.8090000000,597,-11.0270000000,3915,5.2030000000,149,-25.8570000000,640,7.7400000000,10,22026
1022600126,1611661321,1642784,5795,4.3410000000,1583,-5.6420000000,2862,4.7010000000,550,6.2860000000,800,21.4730000000,10,22026
1022600126,1611661321,1642793,3881,2.3150000000,497,-0.7240000000,2904,3.4260000000,187,-14.2080000000,293,6.9980000000,10,22026
1022600126,1611661328,1642798,6264,1.6420000000,393,-18.0700000000,3213,2.3490000000,499,-11.9780000000,2159,7.3250000000,10,22026
1022600126,1611661321,1643425,6892,11.0780000000,839,2.5670000000,4775,13.1730000000,303,-5.0030000000,975,13.1390000000,10,22026
1022600126,1611661328,1643428,6382,1.4880000000,818,-13.7330000000,4810,4.1220000000,247,-8.6790000000,507,6.0170000000,10,22026
1022600126,1611661328,1643443,6934,0.9120000000,626,-18.4390000000,4197,1.8560000000,186,-25.3020000000,1925,7.6800000000,10,22026
1022600126,1611661328,1643473,1152,-3.3010000000,357,-10.5440000000,712,1.9090000000,60,-32.6300000000,23,24.3520000000,10,22026
1022600127,1611661319,203833,5222,5.5140000000,1613,-0.1870000000,3093,8.3790000000,174,1.6320000000,342,8.4660000000,10,22026
1022600127,1611661319,203855,2097,-15.9340000000,113,-26.5120000000,1707,-15.7300000000,33,-27.6480000000,244,-10.8800000000,10,22026
1022600127,1611661313,204296,21,-49.2000000000,0,0.0000000000,0,0.0000000000,0,0.0000000000,21,-49.2000000000,10,22026
1022600127,1611661319,204319,4353,4.1230000000,202,-14.1510000000,3076,5.0550000000,31,-7.5160000000,1044,5.2570000000,10,22026
1022600127,1611661319,204323,2169,-5.2010000000,76,-4.7220000000,1260,-9.2190000000,38,-49.8290000000,795,3.2530000000,10,22026
1022600127,1611661313,204335,3333,3.6760000000,340,-12.0910000000,2423,5.8370000000,48,25.5620000000,522,1.9050000000,10,22026
1022600127,1611661313,1627668,7509,-8.0830000000,1573,-21.5460000000,3914,-5.3200000000,257,-19.1700000000,1765,-0.5950000000,10,22026
1022600127,1611661313,1627673,5767,-7.9360000000,593,-15.3630000000,3500,-8.1850000000,64,-31.9580000000,1610,-3.7040000000,10,22026
1022600127,1611661319,1628932,5116,1.7130000000,597,0.3940000000,1813,-4.0310000000,605,-0.0720000000,2101,7.5580000000,10,22026
1022600127,1611661313,1629477,6050,2.1000000000,2236,-7.0840000000,2896,11.3420000000,329,-23.2880000000,589,5.7100000000,10,22026
1022600127,1611661319,1629498,5504,1.1170000000,1792,-8.1960000000,2963,6.4930000000,351,-14.0770000000,398,16.4310000000,10,22026
1022600127,1611661313,1629546,3402,3.2970000000,848,-13.3990000000,1952,8.4160000000,109,-3.6130000000,493,13.2750000000,10,22026
1022600127,1611661313,1629566,2389,-11.3290000000,175,-23.9060000000,1215,-14.3010000000,43,-27.9580000000,956,-4.5030000000,10,22026
1022600127,1611661313,1630142,6467,8.6880000000,287,-3.5650000000,4925,11.1250000000,78,-27.2190000000,1177,3.8580000000,10,22026
1022600127,1611661313,1630149,1455,-0.9880000000,154,-4.8640000000,1081,-1.9920000000,0,0.0000000000,220,6.6600000000,10,22026
1022600127,1611661313,1630384,105,-57.5860000000,0,0.0000000000,21,25.2330000000,0,0.0000000000,84,-78.2900000000,10,22026
1022600127,1611661319,1631006,1293,-11.6120000000,37,-7.1510000000,1173,-13.3860000000,0,0.0000000000,83,11.4610000000,10,22026
1022600127,1611661319,1631019,3871,-7.7630000000,77,-29.9290000000,1219,-9.1150000000,186,-12.0110000000,2389,-6.0290000000,10,22026
1022600127,1611661313,1631136,4243,3.4780000000,794,-7.1140000000,2181,6.7440000000,225,-21.5110000000,1043,10.1030000000,10,22026
1022600128,1611661317,201886,6019,-1.4140000000,504,-13.3530000000,4474,0.5780000000,225,-19.7140000000,816,0.0850000000,10,22026
1022600128,1611661325,203024,53,94.3320000000,0,0.0000000000,2,100.0000000000,7,60.8140000000,44,99.4070000000,10,22026
1022600128,1611661317,203826,6525,-9.3590000000,1789,-12.5660000000,2157,-3.7020000000,747,-18.9040000000,1832,-8.9940000000,10,22026
1022600128,1611661317,204468,5084,-0.2120000000,751,-9.7250000000,3117,1.0440000000,134,-22.5100000000,1082,5.5340000000,10,22026
1022600128,1611661317,1627674,5593,8.3800000000,811,-3.1560000000,3717,11.5680000000,235,-9.5880000000,830,10.4620000000,10,22026
1022600128,1611661325,1628881,3900,-8.7490000000,93,-8.6020000000,1613,-8.7240000000,78,-29.9120000000,2116,-7.9950000000,10,22026
1022600128,1611661325,1628899,4310,-8.7060000000,518,-13.4410000000,2684,-11.1110000000,170,-12.2890000000,938,1.4370000000,10,22026
1022600128,1611661325,1628909,7609,8.2570000000,2136,-0.4160000000,4279,10.8980000000,211,21.1670000000,983,12.8400000000,10,22026
1022600128,1611661325,1629482,3898,7.6080000000,192,5.6130000000,3189,6.8460000000,0,0.0000000000,517,13.0470000000,10,22026
1022600128,1611661325,1630112,675,7.7810000000,171,2.8040000000,362,4.4640000000,0,0.0000000000,142,22.2300000000,10,22026
1022600128,1611661325,1631086,5192,3.7210000000,167,-6.4370000000,4235,2.6480000000,192,6.6450000000,598,13.2160000000,10,22026
1022600128,1611661317,1631118,4543,3.1710000000,855,-5.6450000000,3083,6.9670000000,147,-27.6810000000,458,3.9830000000,10,22026
1022600128,1611661325,1641648,7099,0.5430000000,1403,0.3900000000,3495,-4.1830000000,503,1.7990000000,1698,10.0240000000,10,22026
1022600128,1611661325,1642286,3614,3.4310000000,1274,4.7460000000,1512,7.1770000000,346,-23.5000000000,482,7.5340000000,10,22026
1022600128,1611661325,1642788,7,91.2570000000,0,0.0000000000,0,0.0000000000,7,91.2570000000,0,0.0000000000,10,22026
1022600128,1611661325,1643433,3902,-0.3850000000,480,-12.5790000000,2322,0.2220000000,116,-30.4010000000,984,7.6690000000,10,22026
1022600128,1611661317,1643438,1528,-8.1150000000,30,-16.4300000000,876,-10.9880000000,71,-21.7900000000,551,-1.3320000000,10,22026
1022600128,1611661317,1643487,261,-5.4920000000,14,-11.8070000000,208,-3.6090000000,20,-29.5000000000,19,3.8110000000,10,22026
1022600128,1611661317,1643493,5713,1.5770000000,547,-7.1150000000,3650,3.9950000000,180,-18.7630000000,1336,1.2710000000,10,22026
1022600129,1611661324,203825,5605,9.4810000000,572,5.5810000000,4047,7.5150000000,166,29.4370000000,820,17.8660000000,10,22026
1022600129,1611661324,203827,5188,-6.6230000000,362,-16.7020000000,2476,-11.6010000000,324,-7.9300000000,2026,1.4690000000,10,22026
1022600129,1611661324,1627675,3606,2.5680000000,675,0.6970000000,2598,2.8940000000,158,-1.3940000000,175,8.5270000000,10,22026
1022600129,1611661324,1628269,3164,-12.1760000000,304,-14.5360000000,2487,-12.5190000000,58,-25.1210000000,315,-4.8050000000,10,22026
1022600129,1611661324,1629479,1098,9.6150000000,12,-41.7330000000,411,-7.5270000000,0,0.0000000000,675,20.9660000000,10,22026
1022600129,1611661322,1630446,4561,5.3490000000,141,16.9420000000,3760,6.0850000000,0,0.0000000000,660,-1.3240000000,10,22026
1022600129,1611661324,1630471,2019,-4.7270000000,87,-34.9230000000,1800,-5.3180000000,0,0.0000000000,132,23.2400000000,10,22026
1022600129,1611661322,1631022,5017,-10.5150000000,616,2.9690000000,2431,-18.1610000000,387,-6.4710000000,1583,-5.0090000000,10,22026
1022600129,1611661322,1642781,5289,6.4390000000,2389,9.0240000000,2472,2.8650000000,241,6.2550000000,187,20.8820000000,10,22026
1022600129,1611661322,1642785,6442,10.6320000000,970,5.7230000000,4688,11.2010000000,240,9.9110000000,544,14.8000000000,10,22026
1022600129,1611661322,1642792,5760,-2.3260000000,380,0.5760000000,2799,-8.9020000000,258,-3.8380000000,2323,5.2920000000,10,22026
1022600129,1611661324,1642797,2288,-9.8240000000,134,-9.2510000000,1427,-13.3720000000,69,-16.8420000000,658,-1.5100000000,10,22026
1022600129,1611661322,1642802,931,1.9650000000,364,2.3720000000,490,2.5700000000,19,-19.9630000000,58,1.4930000000,10,22026
1022600129,1611661324,1643426,5234,-2.6320000000,2156,-12.5640000000,2180,2.9530000000,624,6.4580000000,274,10.3800000000,10,22026
1022600129,1611661322,1643427,3355,-0.9380000000,311,5.0060000000,1204,-3.8950000000,203,12.0310000000,1637,-1.5000000000,10,22026
1022600129,1611661322,1643430,3545,-2.9140000000,347,-0.8050000000,2470,-3.9460000000,171,11.8440000000,557,-4.1810000000,10,22026
1022600129,1611661322,1643450,54,-61.6460000000,0,0.0000000000,54,-61.6460000000,0,0.0000000000,0,0.0000000000,10,22026
1022600129,1611661322,1643455,3580,-0.2190000000,449,11.4900000000,2368,-3.7640000000,104,24.9170000000,659,0.5730000000,10,22026
1022600129,1611661324,1643489,1143,-5.9410000000,146,-1.3860000000,899,-7.0640000000,22,2.6680000000,76,-3.8910000000,10,22026
1022600129,1611661322,1643644,298,0.3000000000,185,4.5980000000,113,-6.7370000000,0,0.0000000000,0,0.0000000000,10,22026
1022600130,1611661329,203400,3420,2.7400000000,1219,0.0430000000,1901,3.1430000000,158,1.0880000000,142,22.3420000000,10,22026
1022600130,1611661329,204322,2387,12.0010000000,122,5.1310000000,1192,10.7490000000,134,2.3570000000,939,15.8590000000,10,22026
1022600130,1611661329,204333,3077,2.5750000000,980,2.5660000000,1787,0.5610000000,71,2.5700000000,239,17.6720000000,10,22026
1022600130,1611661329,1627671,776,-0.4860000000,32,10.7970000000,623,-2.6990000000,0,0.0000000000,121,7.9210000000,10,22026
1022600130,1611661327,1628317,3281,5.3440000000,155,-7.4880000000,2552,4.9200000000,0,0.0000000000,574,10.6950000000,10,22026
1022600130,1611661329,1628922,4196,-1.7120000000,577,-1.3470000000,2554,-4.7580000000,223,4.7050000000,842,5.5780000000,10,22026
1022600130,1611661327,1629484,4458,-5.0670000000,99,-10.6660000000,2735,-6.1360000000,186,-31.2940000000,1438,0.7430000000,10,22026
1022600130,1611661327,1629524,5778,7.2540000000,560,3.4190000000,3865,6.5250000000,201,-14.5320000000,1152,15.3630000000,10,22026
1022600130,1611661327,1630143,3079,-4.8030000000,151,-5.3570000000,2064,-6.1240000000,33,-6.6120000000,831,-1.3490000000,10,22026
1022600130,1611661327,1631083,3422,2.5680000000,259,5.1910000000,2303,1.5390000000,201,-22.3360000000,659,12.7290000000,10,22026
1022600130,1611661327,1641683,816,1.3680000000,456,-7.9660000000,285,7.5010000000,44,27.5550000000,31,45.1260000000,10,22026
1022600130,1611661329,1642289,3494,9.5060000000,187,-4.5000000000,1368,2.7280000000,147,26.7840000000,1792,14.7230000000,10,22026
1022600130,1611661329,1642292,3336,5.8460000000,538,7.9820000000,2399,5.2410000000,78,-6.4230000000,321,9.7690000000,10,22026
1022600130,1611661327,1642296,2527,6.6920000000,151,-10.4370000000,1978,5.8080000000,38,-3.8030000000,360,19.8420000000,10,22026
1022600130,1611661327,1642304,5705,-5.5870000000,2802,-6.2170000000,2032,-7.5050000000,414,-5.9880000000,457,7.1660000000,10,22026
1022600130,1611661329,1642321,3082,-2.1120000000,513,7.7120000000,2187,-4.5150000000,41,-6.5460000000,341,-0.9430000000,10,22026
1022600130,1611661327,1642782,5607,5.6700000000,699,1.1560000000,3860,6.3510000000,212,-20.0170000000,836,12.8180000000,10,22026
1022600130,1611661329,1642786,2160,-3.7050000000,127,3.6280000000,1508,-10.7220000000,141,25.2310000000,384,10.8040000000,10,22026
1022600130,1611661327,1643436,1262,7.3250000000,9,-10.3110000000,375,-8.3090000000,38,4.9920000000,840,14.5990000000,10,22026
1022600130,1611661329,1643447,3453,5.2080000000,499,-0.5290000000,2521,5.2590000000,94,-0.3710000000,339,14.8210000000,10,22026
1022600130,1611661327,1643494,2939,8.2940000000,248,4.4480000000,1958,6.3730000000,148,4.4950000000,585,17.3150000000,10,22026
1022600130,1611661327,1643506,1757,-9.5830000000,807,-11.1620000000,687,-5.9590000000,220,-14.2720000000,43,-13.8470000000,10,22026
1022600131,1611661331,203026,4339,3.1860000000,772,-9.5040000000,3179,6.3370000000,140,-2.6340000000,248,5.5950000000,10,22026
1022600131,1611661331,203866,7260,-6.5510000000,251,-14.6590000000,6389,-5.8920000000,51,5.2880000000,569,-11.4310000000,10,22026
1022600131,1611661331,204329,5578,-12.5250000000,277,-32.0170000000,2843,-13.7470000000,70,-56.9640000000,2388,-7.5050000000,10,22026
1022600131,1611661330,1628277,3418,5.0770000000,342,-3.0370000000,2720,5.8600000000,141,11.9350000000,215,3.5830000000,10,22026
1022600131,1611661331,1628508,4611,10.1250000000,622,1.9750000000,3536,12.9520000000,149,-16.8040000000,304,7.1240000000,10,22026
1022600131,1611661330,1628886,3296,-13.5880000000,1273,-14.8880000000,1493,-10.7790000000,249,-7.7930000000,281,-27.7570000000,10,22026
1022600131,1611661331,1628931,7139,6.9030000000,1336,-4.6310000000,5008,11.8690000000,265,-5.8120000000,530,-4.5960000000,10,22026
1022600131,1611661331,1630097,2316,3.8660000000,148,-2.7360000000,1928,3.3590000000,10,-6.2800000000,230,12.8070000000,10,22026
1022600131,1611661331,1631007,7887,-5.7190000000,3537,-8.4510000000,3460,-1.4060000000,313,-31.8880000000,577,-0.6400000000,10,22026
1022600131,1611661330,1631009,4192,9.8280000000,678,10.0620000000,2607,8.7990000000,80,-4.4900000000,827,14.2660000000,10,22026
1022600131,1611661330,1631021,1566,-11.2150000000,46,-37.1700000000,844,-6.0510000000,97,-26.9190000000,579,-14.0500000000,10,22026
1022600131,1611661330,1631044,1277,6.4330000000,86,-0.8080000000,942,7.3800000000,0,0.0000000000,249,5.3520000000,10,22026
1022600131,1611661331,1641656,2863,-11.9170000000,282,-25.1940000000,1294,-13.2310000000,110,-57.9180000000,1177,-2.9910000000,10,22026
1022600131,1611661330,1642291,3623,-0.7430000000,203,-15.4270000000,1423,-6.7230000000,270,-20.4360000000,1727,8.9890000000,10,22026
1022600131,1611661330,1642302,3140,-5.8180000000,411,-4.4460000000,2334,-8.1630000000,107,6.2930000000,288,6.7250000000,10,22026
1022600131,1611661331,1642767,2468,0.1120000000,159,-20.4460000000,1889,0.1690000000,53,-9.9150000000,367,10.1780000000,10,22026
1022600131,1611661330,1642804,2069,0.4730000000,769,-6.0300000000,1187,5.7380000000,57,-42.1720000000,56,21.5700000000,10,22026
1022600131,1611661331,1642822,1320,-11.3280000000,501,-16.3590000000,602,-3.3560000000,122,-31.9750000000,95,-8.7880000000,10,22026
1022600131,1611661330,1643431,2662,-9.3070000000,248,-7.7920000000,957,-15.3290000000,165,-20.4330000000,1292,-3.7170000000,10,22026
1022600131,1611661330,1643469,1616,-12.2300000000,124,-9.2400000000,1358,-12.9060000000,33,-2.8550000000,101,-9.8730000000,10,22026
1022600132,1611661320,203014,4135,7.7910000000,488,-0.1370000000,2164,1.9910000000,286,30.9890000000,1197,15.9670000000,10,22026
1022600132,1611661320,204324,4405,6.7370000000,469,-0.0420000000,2417,0.5090000000,192,29.5730000000,1327,17.1740000000,10,22026
1022600132,1611661332,204330,3393,4.1130000000,660,1.1180000000,1715,5.4120000000,34,7.3530000000,984,3.7470000000,10,22026
1022600132,1611661320,204365,3986,-0.1280000000,1179,0.3630000000,2373,-0.6550000000,163,2.3420000000,271,0.8710000000,10,22026
1022600132,1611661332,1627700,4937,-4.9920000000,1722,-10.1150000000,2745,-0.4430000000,181,-25.9080000000,289,-4.5670000000,10,22026
1022600132,1611661332,1627701,3174,-3.4950000000,255,-2.3090000000,1699,-4.9530000000,92,-18.5230000000,1128,-0.3430000000,10,22026
1022600132,1611661320,1628242,1784,6.3060000000,145,-5.2390000000,1156,7.8090000000,57,24.3160000000,426,3.7470000000,10,22026
1022600132,1611661320,1628878,2309,-0.7200000000,198,0.9540000000,1415,-5.4750000000,29,-30.2660000000,667,10.1550000000,10,22026
1022600132,1611661332,1628915,2937,4.9370000000,323,-2.3410000000,2273,5.6090000000,90,4.7120000000,251,8.2960000000,10,22026
1022600132,1611661332,1629497,5275,12.6260000000,794,2.3290000000,3260,15.1620000000,246,2.6050000000,975,15.0580000000,10,22026
1022600132,1611661332,1629576,4550,-1.4640000000,405,-7.5450000000,3620,-0.8130000000,88,-12.3160000000,437,0.9600000000,10,22026
1022600132,1611661320,1630148,2926,-3.4390000000,613,-5.4640000000,1614,-4.9470000000,60,8.8000000000,639,1.1630000000,10,22026
1022600132,1611661320,1630461,2267,-3.1280000000,671,-5.5660000000,1244,-2.8010000000,25,5.1880000000,327,-0.0090000000,10,22026
1022600132,1611661320,1630996,4821,7.9270000000,851,5.8880000000,3097,6.4680000000,312,24.4330000000,561,9.8900000000,10,22026
1022600132,1611661332,1631055,3161,2.5400000000,300,10.0930000000,1834,0.1470000000,83,-16.9100000000,944,6.5010000000,10,22026
1022600132,1611661332,1643420,3474,-4.3340000000,270,-18.6390000000,1900,-2.9980000000,251,-31.2180000000,1053,3.3340000000,10,22026
1022600132,1611661320,1643444,471,5.6140000000,0,0.0000000000,383,3.6420000000,0,0.0000000000,88,14.1970000000,10,22026
1022600132,1611661332,1643445,9,20.1780000000,0,0.0000000000,9,20.1780000000,0,0.0000000000,0,0.0000000000,10,22026
1022600132,1611661332,1643457,238,-18.3710000000,37,-60.1840000000,116,-21.4440000000,27,-2.9040000000,58,7.2500000000,10,22026
1022600132,1611661320,1643461,1641,-0.9260000000,99,11.6590000000,1226,-4.0320000000,27,-0.2300000000,289,7.8780000000,10,22026
1022600132,1611661320,1643462,1943,2.7610000000,237,-4.5420000000,1317,4.0030000000,48,-5.8900000000,341,4.2580000000,10,22026
1022600132,1611661332,1643647,2198,-1.5270000000,566,-10.0720000000,1238,5.2630000000,248,-13.9410000000,146,-4.8870000000,10,22026
1022600133,1611661321,202252,1521,-0.1720000000,18,-24.6780000000,1226,3.6940000000,39,-29.3510000000,238,-13.4550000000,10,22026
1022600133,1611661319,203833,5160,-6.1660000000,1972,-12.1120000000,2502,-1.9290000000,371,-12.9120000000,315,5.3490000000,10,22026
1022600133,1611661319,203855,2450,1.5140000000,138,-6.7380000000,2119,1.4000000000,16,-46.9380000000,177,13.6990000000,10,22026
1022600133,1611661319,204319,4515,1.4170000000,571,-19.1350000000,3066,3.7890000000,37,-30.3300000000,841,8.1210000000,10,22026
1022600133,1611661319,204323,2900,-3.1590000000,211,-8.6950000000,1607,-2.5650000000,167,-18.4010000000,915,-0.1440000000,10,22026
1022600133,1611661319,1628932,4653,1.2520000000,378,-9.9740000000,2202,1.1310000000,449,-16.8570000000,1624,9.0340000000,10,22026
1022600133,1611661321,1629481,6153,4.6710000000,940,-19.7120000000,4112,8.9820000000,199,-31.7450000000,902,18.4630000000,10,22026
1022600133,1611661319,1629488,451,25.1410000000,0,0.0000000000,383,27.8030000000,0,0.0000000000,68,10.1470000000,10,22026
1022600133,1611661321,1629491,7301,-5.9860000000,985,-19.6430000000,2202,-4.9070000000,434,-31.9110000000,3680,0.0820000000,10,22026
1022600133,1611661319,1629498,4616,1.3840000000,1407,-7.0530000000,2614,6.6080000000,190,-22.1470000000,405,8.0140000000,10,22026
1022600133,1611661321,1629574,1251,-12.9350000000,29,-30.2240000000,602,-16.0440000000,6,-47.9000000000,614,-8.7280000000,10,22026
1022600133,1611661321,1630134,1375,-17.3790000000,271,-12.0490000000,834,-3.8860000000,33,-47.3240000000,237,-66.7840000000,10,22026
1022600133,1611661321,1630386,4126,-10.6910000000,219,-24.6850000000,2478,-8.7980000000,8,-33.5250000000,1421,-11.7070000000,10,22026
1022600133,1611661319,1631006,2258,6.3920000000,102,-22.7900000000,1928,8.0550000000,9,-14.6560000000,219,6.2120000000,10,22026
1022600133,1611661319,1631019,4662,4.6240000000,225,-19.2640000000,1508,-2.8850000000,90,-12.9710000000,2839,11.0640000000,10,22026
1022600133,1611661321,1641652,3170,-17.2620000000,150,-12.2720000000,1658,-10.0890000000,82,-56.3950000000,1280,-24.6310000000,10,22026
1022600133,1611661321,1642784,7714,-2.9070000000,2857,-13.4660000000,3444,8.6590000000,623,-14.6260000000,790,-5.9060000000,10,22026
1022600133,1611661321,1642793,2834,-6.6330000000,353,-26.8760000000,1828,5.1390000000,176,-31.7730000000,477,-27.4890000000,10,22026
1022600133,1611661321,1643425,6966,4.4360000000,799,-19.4450000000,4730,14.7260000000,266,-65.5790000000,1171,-4.9260000000,10,22026
1022600134,1611661313,203822,2126,2.1090000000,154,-7.8510000000,1167,2.5570000000,46,2.3980000000,759,3.4250000000,10,22026
1022600134,1611661328,203828,2152,2.3990000000,66,9.6730000000,1359,-0.5690000000,19,-9.3890000000,708,7.7350000000,10,22026
1022600134,1611661313,204335,3654,-0.5960000000,375,-1.6560000000,2382,-1.8380000000,205,1.5060000000,692,3.6320000000,10,22026
1022600134,1611661313,1627673,4915,-4.3980000000,507,-5.7020000000,2413,-7.1200000000,222,-20.3250000000,1773,1.6740000000,10,22026
1022600134,1611661313,1629477,5322,4.6120000000,1539,0.5880000000,2812,5.4290000000,259,0.8650000000,712,11.4460000000,10,22026
1022600134,1611661328,1629478,1699,5.2590000000,116,13.2670000000,1382,2.1450000000,0,0.0000000000,201,22.0480000000,10,22026
1022600134,1611661313,1629546,2998,3.2440000000,864,-1.0980000000,1828,3.1810000000,21,24.8480000000,285,15.2210000000,10,22026
1022600134,1611661313,1629566,2390,-0.3340000000,298,-4.4410000000,971,-4.9580000000,51,3.0900000000,1070,4.8440000000,10,22026
1022600134,1611661328,1629567,4596,-1.9040000000,1323,-6.2260000000,2960,-0.7210000000,150,-6.9860000000,163,16.3790000000,10,22026
1022600134,1611661313,1630142,5409,2.6100000000,438,-4.7210000000,3676,2.6990000000,98,-16.1710000000,1197,6.5560000000,10,22026
1022600134,1611661313,1630384,2887,1.5150000000,137,1.4550000000,1265,0.3930000000,18,-21.1280000000,1467,2.7670000000,10,22026
1022600134,1611661313,1631136,3989,-0.0010000000,1122,-2.1540000000,1881,2.1290000000,384,-6.6440000000,602,1.5930000000,10,22026
1022600134,1611661328,1631141,3491,-3.7460000000,1795,-2.5520000000,1401,-2.9210000000,143,-28.6690000000,152,-1.9890000000,10,22026
1022600134,1611661328,1641660,2066,1.8590000000,295,15.8800000000,1715,-0.4860000000,39,-14.3510000000,17,32.3000000000,10,22026
1022600134,1611661328,1642798,4379,0.0410000000,295,1.1440000000,2261,0.5000000000,61,-6.9490000000,1762,-0.4910000000,10,22026
1022600134,1611661328,1642814,369,4.3220000000,4,49.8000000000,320,2.7590000000,0,0.0000000000,45,11.3960000000,10,22026
1022600134,1611661328,1643428,4486,-3.7380000000,615,-7.7000000000,3238,0.8700000000,217,-17.3880000000,416,-26.6260000000,10,22026
1022600134,1611661328,1643443,4607,-2.0830000000,302,-5.0510000000,2741,0.0160000000,129,-4.7390000000,1435,-5.2270000000,10,22026
1022600135,1611661323,203398,3673,2.1490000000,126,-18.0290000000,886,-3.6170000000,373,0.2180000000,2288,5.8080000000,10,22026
1022600135,1611661323,1629568,4807,6.3870000000,439,3.6010000000,3887,5.2980000000,101,18.3890000000,380,17.5520000000,10,22026
1022600135,1611661322,1630446,5966,4.3140000000,368,-10.3800000000,4605,4.2770000000,118,-8.6800000000,875,12.4430000000,10,22026
1022600135,1611661322,1631022,4646,-2.4230000000,818,-9.7050000000,1888,-9.3850000000,242,-4.6380000000,1698,9.1430000000,10,22026
1022600135,1611661323,1631135,5059,0.8870000000,262,-11.4170000000,2014,-13.9380000000,424,-1.3930000000,2359,15.3200000000,10,22026
1022600135,1611661323,1641649,3785,2.5930000000,601,-2.4720000000,2527,2.5120000000,161,-2.4840000000,496,10.7890000000,10,22026
1022600135,1611661323,1642290,2643,-1.4710000000,215,-17.1470000000,1366,-9.9300000000,100,-5.7510000000,962,14.4890000000,10,22026
1022600135,1611661323,1642303,4785,-0.1160000000,1444,-6.7420000000,2566,-0.7180000000,227,5.9960000000,548,17.6310000000,10,22026
1022600135,1611661322,1642781,6850,-4.0170000000,3015,-6.7170000000,3318,-2.6510000000,181,-4.1580000000,336,6.8010000000,10,22026
1022600135,1611661322,1642785,6058,15.4990000000,1001,8.4620000000,3483,15.7230000000,132,15.2830000000,1442,19.8640000000,10,22026
1022600135,1611661322,1642792,6307,1.1450000000,382,-13.8010000000,2948,-2.9290000000,291,-15.5190000000,2686,9.5460000000,10,22026
1022600135,1611661322,1642802,699,1.9980000000,211,-14.4120000000,371,10.6560000000,14,-1.9860000000,103,4.9750000000,10,22026
1022600135,1611661322,1643427,3560,7.5380000000,471,-6.8140000000,1427,9.9210000000,200,-22.8550000000,1462,13.9950000000,10,22026
1022600135,1611661322,1643430,4759,-3.1520000000,481,-5.6070000000,3499,-1.6900000000,152,-20.9750000000,627,-5.1040000000,10,22026
1022600135,1611661323,1643437,865,8.0370000000,0,0.0000000000,644,5.5430000000,0,0.0000000000,221,15.3070000000,10,22026
1022600135,1611661323,1643441,1342,5.1610000000,66,-5.1940000000,494,2.8810000000,55,-20.1750000000,727,9.5680000000,10,22026
1022600135,1611661323,1643448,857,-1.4630000000,161,-0.9250000000,572,-2.7680000000,73,-11.4120000000,51,25.7120000000,10,22026
1022600135,1611661323,1643449,5089,-1.8430000000,1599,-9.9090000000,2795,-1.6140000000,163,-1.7570000000,532,21.1680000000,10,22026
1022600135,1611661322,1643455,1746,4.3210000000,80,1.3880000000,986,-3.0480000000,24,-8.6580000000,656,16.2310000000,10,22026
1022600135,1611661322,1643644,391,1.2390000000,25,-14.3800000000,202,-0.1190000000,0,0.0000000000,164,5.2910000000,10,22026
1022600136,1611661329,202664,2122,2.7670000000,727,9.4760000000,1283,-0.9210000000,52,-1.6560000000,60,4.1800000000,10,22026
1022600136,1611661329,203400,3399,9.7630000000,1241,8.3990000000,1716,8.5890000000,159,11.9670000000,283,21.6220000000,10,22026
1022600136,1611661329,204322,2499,-6.7160000000,82,5.5220000000,1266,-19.5990000000,171,6.2390000000,980,6.6420000000,10,22026
1022600136,1611661329,204333,2534,-2.5660000000,669,-1.0190000000,1619,-5.1040000000,50,-8.0300000000,196,14.5150000000,10,22026
1022600136,1611661329,1627671,2028,-5.6600000000,311,1.4650000000,1606,-8.3110000000,20,-32.8100000000,91,22.7410000000,10,22026
1022600136,1611661329,1628922,4468,-3.9100000000,392,-5.6090000000,3161,-5.5410000000,128,-10.1080000000,787,4.4930000000,10,22026
1022600136,1611661327,1629484,5145,-4.3050000000,315,-1.4280000000,2587,-8.1170000000,109,-20.2170000000,2134,0.7050000000,10,22026
1022600136,1611661327,1629524,5532,12.8270000000,439,0.5840000000,3275,13.4860000000,343,-4.2610000000,1475,18.9820000000,10,22026
1022600136,1611661327,1631083,3351,4.3660000000,295,-9.3630000000,2042,2.8040000000,128,5.7040000000,886,12.3430000000,10,22026
1022600136,1611661327,1641683,543,3.4550000000,134,-3.4290000000,324,7.9130000000,56,-10.9910000000,29,13.3550000000,10,22026
1022600136,1611661329,1642289,3517,7.4850000000,157,4.8290000000,1396,0.4540000000,184,6.5450000000,1780,13.3310000000,10,22026
1022600136,1611661329,1642292,2140,1.2810000000,496,5.8920000000,1402,-4.3160000000,18,24.4890000000,224,24.2310000000,10,22026
1022600136,1611661327,1642296,2440,1.4810000000,101,3.0750000000,1920,-0.0150000000,8,-72.1630000000,411,9.5110000000,10,22026
1022600136,1611661327,1642304,3994,-10.5880000000,2082,-14.4940000000,1094,-7.4660000000,306,-12.5310000000,512,-0.2120000000,10,22026
1022600136,1611661329,1642321,3065,3.1290000000,476,6.6830000000,2197,0.4560000000,87,24.0840000000,305,10.8570000000,10,22026
1022600136,1611661327,1642782,5387,3.6980000000,623,-3.4980000000,3846,5.1190000000,232,-8.6140000000,686,6.4320000000,10,22026
1022600136,1611661327,1643436,2389,-5.7780000000,65,0.4250000000,794,-8.3750000000,178,-25.1900000000,1352,-1.9950000000,10,22026
1022600136,1611661329,1643447,3549,7.2830000000,306,13.1170000000,2671,4.5350000000,145,16.4320000000,427,17.1850000000,10,22026
1022600136,1611661327,1643494,3840,3.3910000000,235,2.4370000000,2772,0.8580000000,43,-18.1370000000,790,13.7350000000,10,22026
1022600136,1611661327,1643506,2363,-4.1980000000,754,-11.9380000000,1144,-0.4390000000,168,-17.0190000000,297,8.2290000000,10,22026
1022600136,1611661327,1643527,2686,-5.0230000000,684,-15.0610000000,1404,0.1660000000,236,-22.5720000000,362,5.2560000000,10,22026
1022600137,1611661331,203026,3969,7.3590000000,1302,4.6600000000,2202,11.1260000000,150,-8.5130000000,315,-0.2650000000,10,22026
1022600137,1611661331,203866,3505,-10.4780000000,232,-23.2730000000,3069,-9.4650000000,0,0.0000000000,204,-11.1580000000,10,22026
1022600137,1611661331,204329,5951,-18.1300000000,556,-30.7380000000,3443,-14.1930000000,84,-66.1510000000,1868,-19.4740000000,10,22026
1022600137,1611661330,1628277,5584,4.1350000000,515,-4.6730000000,4218,3.5760000000,171,-6.2920000000,680,16.8950000000,10,22026
1022600137,1611661331,1628508,3470,1.0460000000,396,-15.3000000000,2542,6.5940000000,74,-32.8510000000,458,-10.1340000000,10,22026
1022600137,1611661330,1628886,2214,-6.1790000000,621,-14.8940000000,1207,-0.1430000000,262,-21.8390000000,124,11.8080000000,10,22026
1022600137,1611661331,1628931,4551,6.7930000000,743,-9.3760000000,3211,14.5970000000,253,-25.0820000000,344,-7.6840000000,10,22026
1022600137,1611661331,1630097,3085,-4.8390000000,99,-38.6700000000,2487,-2.3640000000,38,3.7210000000,461,-11.6310000000,10,22026
1022600137,1611661331,1631007,4254,-14.7060000000,1703,-10.6950000000,2103,-17.0780000000,228,-31.9490000000,220,-5.2140000000,10,22026
1022600137,1611661330,1631009,6564,6.7230000000,1260,-1.6720000000,4137,5.3220000000,333,-2.7260000000,834,30.1250000000,10,22026
1022600137,1611661330,1631044,1072,0.2680000000,65,-18.2750000000,818,-2.9190000000,0,0.0000000000,189,20.4370000000,10,22026
1022600137,1611661331,1641656,1862,-3.8620000000,264,-8.5450000000,1045,1.0380000000,41,-16.8830000000,512,-10.4050000000,10,22026
1022600137,1611661330,1642291,5755,-2.8370000000,708,-24.2810000000,2188,-7.4600000000,312,-16.3880000000,2547,8.7560000000,10,22026
1022600137,1611661330,1642302,5886,0.8580000000,454,-7.1150000000,4475,-1.1450000000,202,-9.9190000000,755,20.4060000000,10,22026
1022600137,1611661331,1642767,4131,-7.1220000000,192,-6.6060000000,2907,-7.6300000000,68,-7.0870000000,964,-5.6930000000,10,22026
1022600137,1611661330,1642804,3443,-6.0440000000,1059,-11.5340000000,2109,-4.1320000000,213,-5.5480000000,62,21.0270000000,10,22026
1022600137,1611661331,1642822,3381,-6.4090000000,1067,-10.9240000000,1935,-1.4700000000,146,-24.8690000000,233,-15.1780000000,10,22026
1022600137,1611661330,1643431,2201,-2.8530000000,161,-23.8400000000,702,-5.6710000000,152,-18.5380000000,1186,3.6740000000,10,22026
1022600139,1611661320,203014,4057,-3.3920000000,482,-5.9130000000,2259,-4.0400000000,180,-9.2560000000,1136,-0.1070000000,10,22026
1022600139,1611661325,203024,768,11.3810000000,288,7.5640000000,332,11.3530000000,16,16.6810000000,132,19.1360000000,10,22026
1022600139,1611661320,204324,3447,-7.4730000000,503,-10.3140000000,1808,-7.0220000000,224,1.3830000000,912,-8.9760000000,10,22026
1022600139,1611661320,204365,2729,0.5670000000,900,-6.6390000000,1676,3.4900000000,88,9.8310000000,65,12.4430000000,10,22026
1022600139,1611661320,1628242,1227,8.0760000000,116,5.4030000000,523,2.8250000000,24,-12.3460000000,564,14.3640000000,10,22026
1022600139,1611661320,1628878,3245,2.2190000000,367,-6.6520000000,2302,2.8500000000,70,-0.6960000000,506,6.1850000000,10,22026
1022600139,1611661325,1628881,3831,-0.6390000000,249,-9.7790000000,1872,-6.1110000000,193,5.5530000000,1517,6.8270000000,10,22026
1022600139,1611661325,1628899,1923,-11.4420000000,356,-9.7220000000,1106,-9.8950000000,185,-33.9300000000,276,-4.7880000000,10,22026
1022600139,1611661325,1628909,4024,9.4870000000,534,-0.3220000000,2423,11.6550000000,191,-5.4510000000,876,12.7280000000,10,22026
1022600139,1611661325,1629482,3058,1.6300000000,179,-39.5780000000,2351,2.8130000000,43,5.1670000000,485,10.7860000000,10,22026
1022600139,1611661325,1630112,5184,-7.2460000000,1699,-10.7940000000,3100,-5.6870000000,106,-23.2030000000,279,3.1130000000,10,22026
1022600139,1611661320,1630148,3514,-1.4040000000,328,-12.2180000000,2327,0.0720000000,77,-41.9090000000,782,2.7270000000,10,22026
1022600139,1611661320,1630461,3355,-1.2420000000,798,-10.9170000000,2169,2.8300000000,130,-16.4550000000,258,2.1140000000,10,22026
1022600139,1611661320,1630996,4278,2.6590000000,666,-5.2230000000,2877,6.6380000000,318,-25.0670000000,417,8.9450000000,10,22026
1022600139,1611661325,1631086,3568,-2.4380000000,267,-3.2900000000,2702,-3.8860000000,92,14.5270000000,507,2.6480000000,10,22026
1022600139,1611661325,1641648,3528,-7.2460000000,737,-8.3900000000,1627,-3.7600000000,393,-6.6100000000,771,-13.8300000000,10,22026
1022600139,1611661320,1642287,10,29.2700000000,0,0.0000000000,0,0.0000000000,0,0.0000000000,10,29.2700000000,10,22026
1022600139,1611661325,1642788,1641,12.2390000000,236,14.5180000000,1020,8.6410000000,38,22.8420000000,347,20.1050000000,10,22026
1022600139,1611661325,1642815,2032,-8.1160000000,42,-14.5690000000,1081,-12.6270000000,27,-34.7300000000,882,-1.4650000000,10,22026
1022600139,1611661325,1643433,3093,-5.7260000000,598,-9.3710000000,1925,-6.9970000000,147,-10.0750000000,423,6.7210000000,10,22026
1022600139,1611661320,1643444,1154,-3.7630000000,163,-16.1290000000,842,-0.5850000000,80,-29.2860000000,69,16.2490000000,10,22026
1022600139,1611661325,1643453,869,6.4840000000,73,-12.7050000000,512,10.1100000000,31,-20.2650000000,253,7.9600000000,10,22026
1022600139,1611661320,1643461,1681,-4.9510000000,144,5.1030000000,988,-6.2010000000,138,-22.2200000000,411,0.3310000000,10,22026
1022600139,1611661320,1643462,1676,3.0900000000,167,-9.0160000000,1182,4.5950000000,108,-23.1130000000,219,17.1170000000,10,22026
1022600140,1611661328,203828,2308,-7.5330000000,114,-9.7460000000,1780,-7.6660000000,26,-1.4420000000,388,-6.6850000000,10,22026
1022600140,1611661330,1628277,5721,-0.9270000000,722,-8.3140000000,4651,-0.3760000000,134,-0.4840000000,214,11.7460000000,10,22026
1022600140,1611661330,1628886,5899,-6.8000000000,1861,-9.4060000000,3139,-5.2300000000,565,-12.3500000000,334,2.3610000000,10,22026
1022600140,1611661328,1629478,3640,-2.2770000000,211,-25.0570000000,3050,-0.1670000000,25,-68.4960000000,354,-2.2030000000,10,22026
1022600140,1611661328,1629496,13,-14.0380000000,0,0.0000000000,13,-14.0380000000,0,0.0000000000,0,0.0000000000,10,22026
1022600140,1611661330,1629539,80,-8.1070000000,0,0.0000000000,77,-8.7730000000,0,0.0000000000,3,8.9670000000,10,22026
1022600140,1611661328,1629567,5974,-2.2970000000,1690,-9.8300000000,3747,1.3400000000,263,-17.3700000000,274,8.8920000000,10,22026
1022600140,1611661330,1631009,6038,8.8100000000,1241,-1.1840000000,3708,9.1630000000,167,22.8270000000,922,18.2980000000,10,22026
1022600140,1611661330,1631021,2185,-10.8490000000,79,-25.5750000000,1654,-8.9230000000,71,-48.9630000000,381,-9.0580000000,10,22026
1022600140,1611661328,1631141,5612,-3.7580000000,1679,-14.7620000000,3287,2.8410000000,209,-28.2560000000,437,0.5920000000,10,22026
1022600140,1611661328,1641651,245,-1.1550000000,27,7.4560000000,199,-0.3550000000,12,-17.8000000000,7,-28.5710000000,10,22026
1022600140,1611661328,1641660,2111,16.8450000000,262,-1.3720000000,1610,21.6340000000,72,0.1080000000,167,6.4730000000,10,22026
1022600140,1611661330,1642291,5281,4.7960000000,342,-5.2480000000,1934,0.9720000000,338,3.1000000000,2667,9.0730000000,10,22026
1022600140,1611661330,1642302,2271,-4.5810000000,266,-9.4010000000,1595,-4.6740000000,49,1.1390000000,361,-1.3940000000,10,22026
1022600140,1611661328,1642307,371,22.4670000000,0,0.0000000000,309,24.5800000000,13,73.4770000000,49,-4.3900000000,10,22026
1022600140,1611661328,1642798,5248,-15.4890000000,645,-22.7210000000,2510,-12.9050000000,359,-42.1160000000,1734,-11.0280000000,10,22026
1022600140,1611661330,1642804,2387,8.9180000000,265,-1.0320000000,1946,8.4990000000,39,32.1620000000,137,27.4930000000,10,22026
1022600140,1611661328,1642814,1133,18.7360000000,58,1.3000000000,903,21.7880000000,42,-7.2550000000,130,13.7150000000,10,22026
1022600140,1611661328,1643428,5879,5.8690000000,1103,-14.2210000000,4094,12.7890000000,284,-10.3240000000,398,1.9180000000,10,22026
1022600140,1611661330,1643431,1696,-0.7920000000,128,-37.0020000000,599,0.9780000000,54,-14.1220000000,915,3.9010000000,10,22026
1022600140,1611661328,1643443,5055,-9.1500000000,389,-12.7430000000,3191,-10.8480000000,47,-64.9060000000,1428,-2.5400000000,10,22026
1022600140,1611661330,1643469,147,-34.2290000000,6,48.8670000000,121,-53.8420000000,20,59.5050000000,0,0.0000000000,10,22026
1022600141,1611661324,203825,6431,3.8480000000,503,-12.0500000000,4922,6.0750000000,122,-17.8010000000,884,3.4810000000,10,22026
1022600141,1611661324,203827,6055,-0.2860000000,457,-13.5800000000,2797,0.2860000000,331,-8.4360000000,2470,2.6180000000,10,22026
1022600141,1611661324,1627675,6043,1.7110000000,1471,-8.4100000000,4114,5.9960000000,196,-11.8050000000,262,1.3620000000,10,22026
1022600141,1611661324,1628269,5646,-1.8030000000,248,-19.0290000000,3984,-0.1510000000,86,-19.6190000000,1328,-2.3890000000,10,22026
1022600141,1611661321,1629481,4348,-1.7840000000,393,-1.7350000000,2435,-2.0630000000,170,-11.0380000000,1350,-0.1300000000,10,22026
1022600141,1611661321,1629491,6021,-0.3700000000,483,-2.6970000000,2021,-1.9670000000,334,2.2700000000,3183,0.7200000000,10,22026
1022600141,1611661321,1629574,982,-6.6270000000,139,-13.9870000000,467,-12.7230000000,0,0.0000000000,376,3.6640000000,10,22026
1022600141,1611661321,1630134,2005,-7.7680000000,637,-2.3750000000,1078,-12.4750000000,134,-10.0340000000,156,4.6850000000,10,22026
1022600141,1611661321,1630386,2509,-14.2220000000,159,-16.9530000000,1481,-14.3810000000,57,-55.8650000000,812,-10.4720000000,10,22026
1022600141,1611661324,1630471,1517,-1.5230000000,162,-15.6120000000,1155,-0.0800000000,47,-15.9620000000,153,6.9360000000,10,22026
1022600141,1611661321,1641652,4426,-3.0830000000,272,4.0810000000,2903,-5.8850000000,85,1.1340000000,1166,1.9140000000,10,22026
1022600141,1611661321,1642784,6054,9.4940000000,1955,4.8420000000,2712,9.5970000000,702,25.0480000000,685,6.4200000000,10,22026
1022600141,1611661321,1642793,2204,2.7460000000,193,6.5220000000,1540,0.3520000000,101,29.3430000000,370,3.4810000000,10,22026
1022600141,1611661324,1642797,421,9.4780000000,0,0.0000000000,259,11.0850000000,0,0.0000000000,162,6.9090000000,10,22026
1022600141,1611661324,1642820,1006,7.8000000000,90,-9.6880000000,635,8.6910000000,15,-37.8600000000,266,14.1650000000,10,22026
1022600141,1611661321,1643425,6466,3.4150000000,945,4.2460000000,4514,5.1750000000,244,14.4330000000,763,-11.5500000000,10,22026
1022600141,1611661324,1643426,5568,-6.4010000000,2384,-11.6650000000,2607,-0.0530000000,452,-18.2870000000,125,4.6060000000,10,22026
1022600141,1611661324,1643489,133,-11.1300000000,0,0.0000000000,127,-10.3930000000,0,0.0000000000,6,-26.7330000000,10,22026
1022600142,1611661327,1629484,8466,0.4420000000,297,-12.5540000000,4928,-1.9540000000,193,-19.7020000000,3048,6.8580000000,10,22026
1022600142,1611661327,1629524,9388,8.6020000000,611,-0.6200000000,6820,8.9490000000,276,-8.0020000000,1681,13.2740000000,10,22026
1022600142,1611661322,1630446,9025,-0.2300000000,421,-5.3580000000,7111,-1.5880000000,186,8.5990000000,1307,7.5560000000,10,22026
1022600142,1611661322,1631022,8370,-2.4780000000,738,-5.5230000000,3802,-2.6790000000,287,-10.5970000000,3543,-0.9700000000,10,22026
1022600142,1611661327,1631083,7484,-2.3790000000,455,-6.7770000000,4665,-4.8390000000,310,-18.8360000000,2054,6.6650000000,10,22026
1022600142,1611661327,1642296,3382,3.9220000000,112,-16.0680000000,2313,-1.8290000000,39,-48.5850000000,918,23.0810000000,10,22026
1022600142,1611661327,1642304,8963,-7.9940000000,4787,-12.3340000000,2403,-3.8180000000,897,-7.4860000000,876,3.7410000000,10,22026
1022600142,1611661322,1642781,1463,4.5540000000,587,4.7670000000,773,4.5300000000,38,5.5080000000,65,2.3690000000,10,22026
1022600142,1611661327,1642782,7927,8.4900000000,787,-10.0820000000,5263,8.3800000000,389,-23.3580000000,1488,27.0260000000,10,22026
1022600142,1611661322,1642785,9479,9.5720000000,2260,3.0810000000,5413,9.1370000000,357,9.0080000000,1449,21.4610000000,10,22026
1022600142,1611661327,1642790,4629,5.7770000000,277,-0.5690000000,3133,4.9880000000,87,3.0170000000,1132,9.7270000000,10,22026
1022600142,1611661322,1642792,8909,-2.6700000000,469,-9.5240000000,3924,-7.5330000000,492,2.4860000000,4024,2.2400000000,10,22026
1022600142,1611661322,1642802,2357,-0.1420000000,1151,0.4870000000,1086,0.9050000000,65,-26.5650000000,55,-2.7650000000,10,22026
1022600142,1611661322,1643427,2080,0.8360000000,118,-11.8710000000,695,-4.4730000000,160,8.7510000000,1107,4.3800000000,10,22026
1022600142,1611661322,1643430,3015,-6.0810000000,291,-3.2810000000,2390,-6.6530000000,42,-11.8640000000,292,-3.3550000000,10,22026
1022600142,1611661327,1643436,2523,2.1920000000,106,-12.1730000000,719,-11.4130000000,139,-13.7600000000,1559,10.8660000000,10,22026
1022600142,1611661322,1643450,1,24.3000000000,0,0.0000000000,0,0.0000000000,0,0.0000000000,1,24.3000000000,10,22026
1022600142,1611661322,1643455,1414,-0.7260000000,255,0.9020000000,805,0.9830000000,100,13.7520000000,254,-13.4780000000,10,22026
1022600142,1611661327,1643506,1469,0.5250000000,358,-3.8990000000,887,3.7510000000,103,-17.7600000000,121,5.5310000000,10,22026
1022600142,1611661327,1643527,1886,-3.6580000000,847,-6.2930000000,621,-3.4010000000,231,-7.3210000000,187,11.9470000000,10,22026
1022600142,1611661322,1643644,6311,5.7720000000,2247,1.0650000000,3327,6.7510000000,231,2.0350000000,506,21.9520000000,10,22026
1022600144,1611661331,203026,3654,-0.7350000000,1104,-6.6590000000,2430,1.4580000000,72,20.6540000000,48,-7.5920000000,10,22026
1022600144,1611661313,203822,2328,-5.0490000000,363,-16.0250000000,1335,-5.0820000000,110,-12.7200000000,520,4.3210000000,10,22026
1022600144,1611661331,203866,5618,3.5330000000,145,-10.9260000000,4844,4.1960000000,14,-31.7290000000,615,2.5230000000,10,22026
1022600144,1611661313,204296,463,-5.5720000000,42,-11.2880000000,367,-6.0540000000,0,0.0000000000,54,2.1480000000,10,22026
1022600144,1611661331,204329,4764,-5.8720000000,236,-14.2190000000,2732,-7.2730000000,34,23.8790000000,1762,-3.1560000000,10,22026
1022600144,1611661313,204335,1879,5.3260000000,135,-8.6190000000,1158,5.3750000000,91,-0.7760000000,495,10.1360000000,10,22026
1022600144,1611661313,1627668,3612,-0.0920000000,499,-0.2790000000,1788,-3.7470000000,228,1.5130000000,1097,5.6170000000,10,22026
1022600144,1611661313,1627673,3699,-3.4200000000,650,-9.4190000000,2042,-6.8270000000,204,-8.1020000000,803,11.2910000000,10,22026
1022600144,1611661331,1628508,3884,7.4110000000,400,-4.1360000000,2883,7.6310000000,140,16.1690000000,461,13.3970000000,10,22026
1022600144,1611661331,1628931,4739,-1.8380000000,707,-8.6560000000,3567,-0.2400000000,132,-17.3640000000,333,1.6790000000,10,22026
1022600144,1611661313,1629477,4151,3.3950000000,944,-1.9730000000,2318,5.2760000000,160,1.3660000000,729,4.8070000000,10,22026
1022600144,1611661313,1629546,2362,4.2730000000,527,-10.9030000000,1423,6.7470000000,27,-26.4480000000,385,18.0550000000,10,22026
1022600144,1611661313,1629566,1343,2.5370000000,71,-1.9280000000,844,0.6770000000,25,-28.4440000000,403,9.1410000000,10,22026
1022600144,1611661331,1630097,4679,1.4520000000,258,15.5720000000,3713,0.9890000000,103,8.3040000000,605,-2.8920000000,10,22026
1022600144,1611661313,1630142,4259,-1.4070000000,495,-13.2550000000,2841,1.0480000000,134,-28.1780000000,789,1.7340000000,10,22026
1022600144,1611661313,1630384,1180,9.1820000000,34,-4.2060000000,465,-0.9940000000,60,28.1270000000,621,15.7050000000,10,22026
1022600144,1611661313,1630993,61,-13.1560000000,0,0.0000000000,58,-13.5500000000,0,0.0000000000,3,-5.5330000000,10,22026
1022600144,1611661331,1631007,5911,-6.6990000000,3012,-10.5470000000,2228,-1.7020000000,377,-18.0930000000,294,9.4630000000,10,22026
1022600144,1611661313,1631136,3293,-1.4520000000,779,-12.3640000000,1908,0.9680000000,166,11.2210000000,440,2.5930000000,10,22026
1022600144,1611661331,1641656,3215,-3.1300000000,173,-9.6080000000,1620,-2.7380000000,77,-17.9250000000,1345,-1.9220000000,10,22026
1022600144,1611661331,1642767,3121,-0.6340000000,255,3.2510000000,2036,-2.0990000000,108,-2.6840000000,722,2.4310000000,10,22026
1022600144,1611661331,1642794,333,5.0590000000,13,-20.6000000000,288,5.8520000000,0,0.0000000000,32,8.3410000000,10,22026
1022600144,1611661331,1642822,2680,2.3980000000,1070,1.0640000000,1240,1.6280000000,135,1.5070000000,235,13.0400000000,10,22026
1022600144,1611661331,1643686,333,-0.4250000000,26,-11.2310000000,198,-3.7880000000,0,0.0000000000,109,8.2630000000,10,22026
1022600145,1611661330,1628277,6073,6.7910000000,609,-4.6520000000,4682,7.5400000000,287,-6.4720000000,495,21.4830000000,10,22026
1022600145,1611661330,1628886,4457,-11.2680000000,1412,-20.8540000000,2417,-7.6270000000,390,-15.1290000000,238,14.9510000000,10,22026
1022600145,1611661322,1630446,4947,12.6290000000,276,-17.6140000000,3381,15.5010000000,150,-28.1230000000,1140,16.7960000000,10,22026
1022600145,1611661330,1631009,5287,8.1760000000,1397,-4.0650000000,3012,10.7540000000,240,5.7430000000,638,23.7180000000,10,22026
1022600145,1611661330,1631021,2183,-4.3840000000,74,-9.7640000000,1530,-11.0180000000,0,0.0000000000,579,13.8360000000,10,22026
1022600145,1611661322,1631022,5898,-6.3280000000,818,-8.3450000000,3245,-11.1650000000,248,0.0500000000,1587,3.6060000000,10,22026
1022600145,1611661330,1631044,5227,-3.4260000000,314,-4.8830000000,3847,-8.5640000000,123,18.8560000000,943,15.1130000000,10,22026
1022600145,1611661330,1642291,5904,2.9500000000,396,-3.7220000000,1975,-1.3420000000,234,-9.1960000000,3299,7.1810000000,10,22026
1022600145,1611661330,1642302,878,4.9710000000,64,-26.9380000000,628,9.0540000000,55,-27.8710000000,131,14.7750000000,10,22026
1022600145,1611661322,1642781,1647,-0.7360000000,812,-6.0350000000,600,2.8850000000,113,-1.4880000000,122,17.4250000000,10,22026
1022600145,1611661322,1642792,6063,-6.1940000000,529,-12.8530000000,3017,-10.8250000000,119,2.7190000000,2398,0.6590000000,10,22026
1022600145,1611661322,1642802,1051,5.9650000000,153,-8.5310000000,705,5.9280000000,27,-27.6520000000,166,24.9490000000,10,22026
1022600145,1611661330,1642804,2081,-8.1770000000,749,-9.3580000000,1098,-5.6320000000,96,-23.7410000000,138,-11.1850000000,10,22026
1022600145,1611661322,1643427,2515,-9.1490000000,268,-19.3470000000,852,-9.9100000000,70,-23.9570000000,1325,-5.8140000000,10,22026
1022600145,1611661322,1643430,5951,7.7770000000,400,-4.9040000000,4146,8.9370000000,93,2.6700000000,1312,8.3380000000,10,22026
1022600145,1611661330,1643431,1299,2.6300000000,176,-23.4980000000,478,-4.0240000000,42,-44.5950000000,603,18.8200000000,10,22026
1022600145,1611661322,1643440,20,8.9150000000,0,0.0000000000,20,8.9150000000,0,0.0000000000,0,0.0000000000,10,22026
1022600145,1611661322,1643455,2896,-6.9210000000,696,-8.6770000000,1615,-9.0750000000,58,-23.5120000000,527,3.8240000000,10,22026
1022600145,1611661322,1643467,3301,2.7060000000,269,-27.7670000000,2449,5.7730000000,49,-32.5960000000,534,7.2280000000,10,22026
1022600145,1611661330,1643469,29,12.7170000000,0,0.0000000000,29,12.7170000000,0,0.0000000000,0,0.0000000000,10,22026
1022600145,1611661322,1643644,5004,-8.9390000000,2340,-5.9500000000,2095,-9.3230000000,341,-22.7810000000,228,-15.3840000000,10,22026
1022600147,1611661317,201886,5212,-2.7290000000,406,-9.0770000000,3973,-4.7210000000,92,6.6640000000,741,10.2640000000,10,22026
1022600147,1611661317,203826,5237,1.3880000000,1689,0.0340000000,1720,-5.0370000000,432,11.5810000000,1396,7.7880000000,10,22026
1022600147,1611661328,203828,2175,6.4120000000,197,-4.2950000000,1510,5.8540000000,37,-20.4760000000,431,15.5710000000,10,22026
1022600147,1611661317,204468,4127,-2.0870000000,435,4.3850000000,2721,-0.6980000000,88,-2.2440000000,883,-9.5410000000,10,22026
1022600147,1611661317,1627674,5604,-0.6710000000,880,3.9070000000,3395,0.2840000000,271,15.7850000000,1058,-11.7570000000,10,22026
1022600147,1611661317,1628244,25,-69.3200000000,8,-45.2500000000,0,0.0000000000,6,-45.1670000000,11,-100.0000000000,10,22026
1022600147,1611661328,1629478,1321,-3.5830000000,69,-8.6430000000,1110,-5.7210000000,0,0.0000000000,142,15.5890000000,10,22026
1022600147,1611661328,1629496,3033,5.5340000000,236,8.8250000000,1821,0.5200000000,116,1.8940000000,860,15.7390000000,10,22026
1022600147,1611661328,1629567,4126,-8.9640000000,1317,6.2850000000,2126,-6.5770000000,153,6.4240000000,530,-60.8740000000,10,22026
1022600147,1611661317,1631118,5213,-3.7700000000,1035,-9.9580000000,3260,-3.2060000000,192,-21.5390000000,726,7.2170000000,10,22026
1022600147,1611661328,1631141,4073,-13.1520000000,1230,-9.5890000000,2204,-6.8160000000,70,0.8290000000,569,-47.1170000000,10,22026
1022600147,1611661328,1641651,3689,-4.7120000000,297,-10.1060000000,2576,-6.8600000000,68,-26.2940000000,748,6.7870000000,10,22026
1022600147,1611661328,1641660,1198,1.5910000000,417,-1.7510000000,612,1.8470000000,13,41.5460000000,156,6.1900000000,10,22026
1022600147,1611661328,1642307,480,-7.1020000000,0,0.0000000000,398,-7.7110000000,0,0.0000000000,82,-4.1480000000,10,22026
1022600147,1611661317,1642768,1322,-5.6760000000,121,-13.1960000000,897,-6.5840000000,40,-11.3570000000,264,1.7160000000,10,22026
1022600147,1611661317,1642777,2577,0.0920000000,636,5.9410000000,1471,-6.0360000000,100,8.7220000000,370,12.0720000000,10,22026
1022600147,1611661328,1642798,2883,-0.0860000000,423,-6.4980000000,1281,-5.9350000000,163,-2.9820000000,1016,10.4210000000,10,22026
1022600147,1611661328,1642814,540,-4.5730000000,60,3.8400000000,463,-6.1500000000,6,2.1330000000,11,12.2450000000,10,22026
1022600147,1611661328,1643428,4591,-5.6980000000,959,-15.2730000000,2905,-4.0320000000,278,2.0690000000,449,-0.8350000000,10,22026
1022600147,1611661317,1643438,1440,1.9020000000,11,-12.5550000000,996,0.8670000000,44,16.5340000000,389,3.3050000000,10,22026
1022600147,1611661328,1643443,4206,1.1800000000,306,-1.3510000000,2401,-0.5740000000,48,32.1830000000,1451,3.5900000000,10,22026
1022600147,1611661317,1643487,1901,-8.2050000000,41,-12.8510000000,1474,-9.1510000000,20,-32.5550000000,366,-2.5420000000,10,22026
1022600148,1611661313,203822,549,13.2200000000,9,-100.0000000000,449,16.5290000000,13,23.0310000000,78,5.6010000000,10,22026
1022600148,1611661324,203825,5615,10.6250000000,859,7.1270000000,4064,10.9380000000,80,1.0210000000,612,14.7150000000,10,22026
1022600148,1611661324,203827,5595,2.4420000000,333,-7.7780000000,1627,3.6450000000,216,-3.8230000000,3419,3.2610000000,10,22026
1022600148,1611661313,1627668,5914,0.6080000000,503,10.0500000000,2995,-2.4980000000,257,5.0030000000,2159,2.1930000000,10,22026
1022600148,1611661313,1627673,5440,-4.4400000000,753,2.4280000000,3207,-7.5050000000,223,7.1730000000,1257,-2.7950000000,10,22026
1022600148,1611661324,1627675,4288,-0.3440000000,1110,-1.1480000000,2692,2.2610000000,166,-9.7560000000,320,-14.5860000000,10,22026
1022600148,1611661324,1628269,5361,-8.2170000000,339,-4.9150000000,3444,-8.2690000000,245,-13.0320000000,1333,-8.0360000000,10,22026
1022600148,1611661313,1629477,5775,1.6860000000,1623,-6.8100000000,3177,6.6510000000,229,-6.5980000000,746,1.5660000000,10,22026
1022600148,1611661313,1629546,1980,4.9930000000,358,8.5110000000,1414,2.1950000000,46,24.4070000000,162,16.1280000000,10,22026
1022600148,1611661313,1629566,1430,-13.5570000000,78,5.5230000000,764,-20.4800000000,36,31.0750000000,552,-9.5820000000,10,22026
1022600148,1611661313,1630142,6033,2.0150000000,598,4.5150000000,4058,-0.8030000000,133,5.3560000000,1244,9.6470000000,10,22026
1022600148,1611661313,1630384,560,-1.5870000000,0,0.0000000000,232,2.5930000000,0,0.0000000000,328,-4.5440000000,10,22026
1022600148,1611661324,1630471,3898,-2.5370000000,479,-6.4970000000,3081,-2.1270000000,74,-21.0470000000,264,5.0530000000,10,22026
1022600148,1611661313,1631136,5205,-3.6680000000,1359,2.2970000000,2946,-9.2660000000,364,-3.3700000000,536,11.7800000000,10,22026
1022600148,1611661324,1642797,2290,-3.9330000000,118,-23.9290000000,1038,-3.8590000000,156,-10.6370000000,978,-0.5300000000,10,22026
1022600148,1611661324,1642820,922,-5.1920000000,132,-16.3520000000,485,-6.2850000000,41,-40.9370000000,264,7.9480000000,10,22026
1022600148,1611661324,1643426,4796,-5.9980000000,1950,-8.2890000000,2174,-2.7290000000,497,-8.8940000000,175,-12.8680000000,10,22026
1022600148,1611661324,1643489,2655,7.6210000000,217,-3.4690000000,2127,8.4300000000,72,4.5580000000,239,11.4160000000,10,22026
1022600150,1611661331,203026,2847,8.5270000000,640,-2.7750000000,1842,13.5630000000,114,-2.1270000000,251,5.2220000000,10,22026
1022600150,1611661331,203866,4516,-1.8380000000,192,-22.6540000000,3257,-2.7950000000,26,-26.3960000000,1041,5.6090000000,10,22026
1022600150,1611661331,204329,4186,-10.8430000000,472,-14.6050000000,2621,-9.4110000000,16,-39.2620000000,1077,-12.2560000000,10,22026
1022600150,1611661330,1628277,6409,6.8880000000,785,-2.2660000000,4447,7.2380000000,369,0.9820000000,808,16.5570000000,10,22026
1022600150,1611661331,1628508,4190,3.6910000000,574,4.9980000000,3291,3.6100000000,165,-2.5760000000,160,7.1370000000,10,22026
1022600150,1611661330,1628886,5848,-5.6690000000,2198,-7.7930000000,3047,-6.8970000000,350,8.3540000000,253,8.1690000000,10,22026
1022600150,1611661331,1628931,5125,7.3660000000,1033,7.3770000000,3479,8.8170000000,220,-10.3140000000,393,4.3960000000,10,22026
1022600150,1611661330,1629539,76,-37.6070000000,27,-9.8190000000,42,-62.2860000000,7,3.2860000000,0,0.0000000000,10,22026
1022600150,1611661331,1630097,3764,5.5480000000,477,1.6220000000,2955,6.8620000000,21,-9.2480000000,311,0.0800000000,10,22026
1022600150,1611661331,1631007,6038,-1.7910000000,2685,-6.5490000000,2760,1.4360000000,228,-6.7330000000,365,11.8990000000,10,22026
1022600150,1611661330,1631009,6211,11.7360000000,1439,4.8900000000,3701,12.5290000000,199,15.7550000000,872,18.7460000000,10,22026
1022600150,1611661330,1631021,791,1.0070000000,15,-34.8730000000,447,0.4960000000,30,-11.5700000000,299,4.8320000000,10,22026
1022600150,1611661330,1631044,4096,-1.2290000000,178,-2.3010000000,2818,-4.8540000000,37,-2.6840000000,1063,8.6110000000,10,22026
1022600150,1611661331,1641656,2804,-12.0040000000,220,-18.7760000000,1614,-12.5190000000,72,-36.9920000000,898,-7.4150000000,10,22026
1022600150,1611661330,1642291,5879,1.5030000000,299,-11.6990000000,2105,-5.1930000000,156,3.9150000000,3319,6.8260000000,10,22026
1022600150,1611661330,1642302,1821,-4.5070000000,278,-12.4730000000,1145,-4.8710000000,92,-10.0640000000,306,5.7600000000,10,22026
1022600150,1611661331,1642767,4324,-3.1560000000,282,-12.7200000000,3010,-4.4160000000,46,-18.0610000000,986,4.1230000000,10,22026
1022600150,1611661330,1642804,567,1.4720000000,104,-0.7870000000,426,2.0080000000,30,-2.5500000000,7,19.6430000000,10,22026
1022600150,1611661331,1642822,1925,-2.0530000000,408,-4.1560000000,1209,1.4260000000,72,-32.7740000000,236,-6.8640000000,10,22026
1022600150,1611661330,1643431,1947,5.9580000000,65,-7.1510000000,608,2.8580000000,107,0.8430000000,1167,8.7720000000,10,22026
1022600150,1611661330,1643469,751,-8.6570000000,103,1.1210000000,553,-11.3720000000,0,0.0000000000,95,-3.4580000000,10,22026
1022600151,1611661328,203828,1566,0.5170000000,127,6.8590000000,1066,-2.8670000000,5,12.8200000000,368,7.9610000000,10,22026
1022600151,1611661328,1629478,2852,-3.5470000000,145,-0.0650000000,2377,-4.8450000000,88,3.8600000000,242,4.4200000000,10,22026
1022600151,1611661327,1629484,4987,-3.2520000000,272,3.3510000000,2903,-6.0620000000,51,-1.7410000000,1761,0.3150000000,10,22026
1022600151,1611661328,1629496,1967,2.3650000000,156,17.5530000000,1209,-1.3180000000,97,7.0100000000,505,5.5980000000,10,22026
1022600151,1611661327,1629524,5504,3.1280000000,769,-3.8460000000,3001,1.1600000000,361,7.7230000000,1373,10.1250000000,10,22026
1022600151,1611661328,1629567,4902,4.6890000000,1501,2.8780000000,2948,5.7050000000,164,-6.0650000000,289,9.8310000000,10,22026
1022600151,1611661327,1631083,4000,-9.5310000000,165,-23.1900000000,2420,-10.7230000000,155,-55.1950000000,1260,0.1640000000,10,22026
1022600151,1611661328,1631141,2848,4.9920000000,1115,5.8560000000,1432,2.1700000000,95,6.2720000000,206,19.3390000000,10,22026
1022600151,1611661328,1641651,1421,-6.5040000000,123,7.8120000000,985,-11.0160000000,69,10.5260000000,244,-0.3180000000,10,22026
1022600151,1611661328,1641660,2310,8.8800000000,325,14.2140000000,1700,7.6640000000,72,19.0080000000,213,7.0240000000,10,22026
1022600151,1611661327,1641683,1051,-5.7640000000,198,-9.7410000000,589,-4.2260000000,113,-11.2420000000,151,-2.4480000000,10,22026
1022600151,1611661327,1642296,2583,3.4030000000,52,14.4100000000,1942,0.4030000000,18,2.8940000000,571,12.6200000000,10,22026
1022600151,1611661327,1642304,4074,0.1570000000,1720,-0.8820000000,1734,-0.3880000000,330,1.5550000000,290,7.9870000000,10,22026
1022600151,1611661327,1642782,4974,6.5770000000,497,8.7760000000,3647,5.6320000000,221,-0.7830000000,609,13.1090000000,10,22026
1022600151,1611661327,1642790,20,-5.2450000000,0,0.0000000000,0,0.0000000000,0,0.0000000000,20,-5.2450000000,10,22026
1022600151,1611661328,1642798,2896,1.3050000000,291,-2.5290000000,1291,-6.9080000000,343,12.9580000000,971,9.2580000000,10,22026
1022600151,1611661328,1642814,3,-6.8670000000,0,0.0000000000,3,-6.8670000000,0,0.0000000000,0,0.0000000000,10,22026
1022600151,1611661328,1643428,4415,1.7250000000,768,12.1490000000,3048,-3.2360000000,159,-0.5130000000,440,18.7080000000,10,22026
1022600151,1611661327,1643436,1886,-5.0070000000,64,-1.6500000000,687,-11.9440000000,40,0.6850000000,1095,-1.0590000000,10,22026
1022600151,1611661328,1643443,5072,4.6080000000,368,-0.3000000000,3026,4.4860000000,49,-8.7330000000,1629,6.3450000000,10,22026
1022600151,1611661327,1643494,2720,0.7010000000,316,7.3830000000,1720,-2.8500000000,92,-9.4380000000,592,9.0260000000,10,22026
1022600151,1611661327,1643506,2762,1.9130000000,1265,-0.2370000000,1143,5.5920000000,218,1.4920000000,136,-8.3320000000,10,22026
1022600152,1611661321,202252,1116,3.4210000000,95,-19.4470000000,774,4.2710000000,23,9.4430000000,224,9.5630000000,10,22026
1022600152,1611661321,203824,1416,-2.2010000000,652,-0.9440000000,627,-0.2420000000,78,-31.1350000000,59,1.3360000000,10,22026
1022600152,1611661332,204330,4711,0.8650000000,399,-9.8320000000,1998,-2.7800000000,225,-6.7260000000,2089,7.2110000000,10,22026
1022600152,1611661332,1628915,3516,-5.1150000000,465,-14.6520000000,2715,-4.4620000000,64,1.6160000000,272,3.0780000000,10,22026
1022600152,1611661321,1629481,4292,8.0540000000,465,-3.3630000000,2597,9.1690000000,168,-10.2060000000,1062,13.2150000000,10,22026
1022600152,1611661321,1629491,5305,-2.6450000000,685,-14.4780000000,1435,1.8620000000,366,-29.5390000000,2819,1.4280000000,10,22026
1022600152,1611661332,1629497,5730,14.3350000000,1776,12.1250000000,2783,15.9200000000,277,17.5080000000,894,12.8050000000,10,22026
1022600152,1611661321,1629501,2857,-0.8470000000,173,-11.2870000000,1603,-2.7740000000,56,-14.5000000000,1025,4.6730000000,10,22026
1022600152,1611661321,1629574,993,13.5990000000,49,67.5040000000,293,11.6440000000,27,13.4220000000,624,10.2930000000,10,22026
1022600152,1611661332,1629576,4661,-4.1420000000,921,-8.8850000000,2917,-2.3400000000,315,-6.7280000000,508,-4.2900000000,10,22026
1022600152,1611661321,1630134,1329,-8.4340000000,478,-12.8420000000,690,-4.3780000000,44,-6.7680000000,117,-14.9680000000,10,22026
1022600152,1611661321,1630386,3432,-2.6210000000,109,-14.2790000000,1816,-6.2760000000,27,-25.6930000000,1480,3.1440000000,10,22026
1022600152,1611661332,1631055,5177,-3.6870000000,815,-15.4050000000,3020,-0.2760000000,255,-24.7890000000,1087,0.5710000000,10,22026
1022600152,1611661321,1641652,1733,2.9170000000,106,0.2140000000,945,8.2200000000,9,-48.5110000000,673,-3.4160000000,10,22026
1022600152,1611661321,1642784,5253,2.6930000000,1517,-4.5750000000,2584,6.2700000000,354,-8.3020000000,798,9.8020000000,10,22026
1022600152,1611661321,1642793,2568,-3.3610000000,476,-1.9620000000,1552,-4.5660000000,161,-6.0370000000,379,0.9510000000,10,22026
1022600152,1611661332,1643420,4071,-1.1240000000,367,-8.3740000000,2653,-1.0250000000,79,-10.4470000000,972,2.1010000000,10,22026
1022600152,1611661321,1643425,4896,4.8420000000,743,-5.7310000000,3052,5.8980000000,177,-6.4850000000,924,12.0230000000,10,22026
1022600152,1611661332,1643457,1733,-7.4600000000,21,-28.6670000000,1206,-7.2470000000,9,37.1110000000,497,-7.8900000000,10,22026
1022600152,1611661332,1643647,3623,-3.1440000000,659,-12.1840000000,2420,-2.7940000000,88,-6.4670000000,456,8.7060000000,10,22026
1022600152,1611661332,1643706,1273,-3.2860000000,125,-13.8650000000,992,-1.0440000000,44,-31.4680000000,112,-0.2580000000,10,22026
1022600154,1611661331,203026,4114,1.8280000000,1055,0.7440000000,2319,0.5400000000,202,-5.2820000000,538,12.1790000000,10,22026
1022600154,1611661331,203866,3266,-5.0370000000,154,-7.2970000000,2766,-5.9800000000,18,-13.3830000000,328,4.4370000000,10,22026
1022600154,1611661331,204329,5310,-2.0100000000,317,-6.1680000000,3282,-6.2300000000,45,-18.1470000000,1666,7.5310000000,10,22026
1022600154,1611661331,1628508,2951,2.6070000000,489,-7.3520000000,2177,2.7000000000,85,11.8070000000,200,22.0380000000,10,22026
1022600154,1611661331,1628931,3569,1.7580000000,640,8.1140000000,2623,0.6010000000,113,1.6720000000,193,-3.5450000000,10,22026
1022600154,1611661331,1630097,4817,3.8740000000,428,-6.4070000000,3841,3.8540000000,177,-7.5510000000,371,21.3960000000,10,22026
1022600154,1611661322,1630446,5114,4.9210000000,435,-6.5830000000,3777,2.9640000000,144,21.9010000000,758,18.0490000000,10,22026
1022600154,1611661331,1631007,4659,1.2630000000,1730,-1.3590000000,2122,0.2840000000,345,-1.5340000000,462,17.6580000000,10,22026
1022600154,1611661322,1631022,4927,0.3380000000,682,-7.7550000000,2124,-7.9120000000,447,2.3400000000,1674,13.5670000000,10,22026
1022600154,1611661331,1641656,1613,-3.3820000000,53,-2.0550000000,665,0.9080000000,29,-29.0520000000,866,-5.8980000000,10,22026
1022600154,1611661331,1642767,4548,-1.9610000000,195,-13.3030000000,3606,-2.6240000000,88,4.9740000000,659,4.0980000000,10,22026
1022600154,1611661322,1642781,3689,0.1730000000,1243,-2.8770000000,2048,0.1470000000,114,2.3820000000,284,12.8210000000,10,22026
1022600154,1611661322,1642792,5285,13.5190000000,244,-2.8280000000,2025,0.9440000000,222,39.9540000000,2794,21.9600000000,10,22026
1022600154,1611661322,1642802,2638,-0.7380000000,404,-1.4270000000,1838,-1.8340000000,81,-8.1580000000,315,8.4540000000,10,22026
1022600154,1611661331,1642822,3969,1.5850000000,1279,0.6440000000,2014,2.3790000000,304,-3.7880000000,372,4.9080000000,10,22026
1022600154,1611661322,1643427,2966,1.5010000000,218,-15.8030000000,908,-16.9960000000,313,21.1350000000,1527,10.9470000000,10,22026
1022600154,1611661322,1643430,5259,3.8590000000,831,-0.0660000000,3466,2.2850000000,218,6.7340000000,744,14.7350000000,10,22026
1022600154,1611661322,1643450,20,23.2050000000,1,-89.7000000000,15,21.4330000000,0,0.0000000000,4,58.0750000000,10,22026
1022600154,1611661322,1643455,1483,-0.1600000000,218,-1.2470000000,662,-6.5820000000,55,-0.5840000000,548,8.0720000000,10,22026
1022600154,1611661322,1643467,2001,-5.2240000000,136,-15.4580000000,1400,-8.8430000000,43,30.1910000000,422,6.4740000000,10,22026
1022600154,1611661322,1643644,3414,-10.1820000000,1115,-11.5350000000,1737,-13.7350000000,173,2.7500000000,389,3.8100000000,10,22026
1022600155,1611661323,203398,4447,4.1900000000,172,19.2670000000,1410,-5.9700000000,186,27.1630000000,2679,6.9740000000,10,22026
1022600155,1611661324,203825,5451,-7.0680000000,864,-10.5630000000,3394,-5.5410000000,279,-42.8970000000,914,1.5040000000,10,22026
1022600155,1611661324,203827,2764,-20.7620000000,355,-21.4430000000,975,-16.3890000000,180,-42.0710000000,1254,-20.9110000000,10,22026
1022600155,1611661324,1627675,5259,-4.3980000000,1918,0.1610000000,2597,7.8980000000,169,-18.3570000000,575,-71.0390000000,10,22026
1022600155,1611661324,1628269,3058,-29.7970000000,411,-46.7130000000,1839,-27.1730000000,107,-48.3000000000,701,-23.9360000000,10,22026
1022600155,1611661323,1629568,2270,-16.0410000000,186,14.3720000000,1614,-16.6020000000,29,31.1210000000,441,-29.9140000000,10,22026
1022600155,1611661324,1630471,1764,-21.2010000000,220,-34.6650000000,1283,-13.9640000000,75,-78.6370000000,186,-32.0350000000,10,22026
1022600155,1611661323,1631135,5225,-2.3140000000,284,21.9020000000,2051,-8.3840000000,153,22.9570000000,2737,-1.6910000000,10,22026
1022600155,1611661323,1641649,2771,-13.5610000000,192,-6.9690000000,1641,-15.5790000000,207,3.0640000000,731,-15.4710000000,10,22026
1022600155,1611661324,1641657,3277,-11.1950000000,346,-13.1750000000,1751,-10.9060000000,64,-46.4140000000,1116,-9.0140000000,10,22026
1022600155,1611661323,1642290,231,-26.8230000000,0,0.0000000000,24,-6.4830000000,0,0.0000000000,207,-29.1810000000,10,22026
1022600155,1611661323,1642303,5026,-3.3000000000,1960,4.7570000000,2481,-13.7570000000,324,14.9890000000,261,12.9050000000,10,22026
1022600155,1611661324,1642797,1789,-35.0920000000,117,-33.7760000000,581,-25.1340000000,8,-13.4880000000,1083,-40.7360000000,10,22026
1022600155,1611661323,1642809,1687,-11.4900000000,267,-8.7280000000,1213,-13.3540000000,51,1.2860000000,156,-5.8990000000,10,22026
1022600155,1611661323,1643429,545,-1.9760000000,14,17.2640000000,484,-5.0710000000,0,0.0000000000,47,24.1640000000,10,22026
1022600155,1611661323,1643437,22,-98.2050000000,0,0.0000000000,22,-98.2050000000,0,0.0000000000,0,0.0000000000,10,22026
1022600155,1611661323,1643441,8,-100.0000000000,0,0.0000000000,0,0.0000000000,8,-100.0000000000,0,0.0000000000,10,22026
1022600155,1611661323,1643448,176,-10.1570000000,0,0.0000000000,135,-7.7870000000,0,0.0000000000,41,-17.9610000000,10,22026
1022600155,1611661323,1643449,3625,-2.0600000000,1047,9.4500000000,2082,-5.5980000000,140,-5.2660000000,356,-13.9610000000,10,22026
1022600155,1611661324,1643488,74,-100.0000000000,0,0.0000000000,6,-100.0000000000,28,-100.0000000000,40,-100.0000000000,10,22026
1022600155,1611661324,1643489,3376,-0.4030000000,87,-10.5480000000,2980,-0.3660000000,0,0.0000000000,309,2.1000000000,10,22026
1022600155,1611661324,1643490,1451,-24.5230000000,352,-28.2750000000,974,-19.4380000000,67,-63.4130000000,58,-42.2280000000,10,22026
1022600156,1611661320,203014,4719,-8.6490000000,543,-14.1350000000,2608,-13.2690000000,331,-11.0000000000,1237,4.1280000000,10,22026
1022600156,1611661328,203828,2078,3.7720000000,90,9.1120000000,1374,-0.5220000000,0,0.0000000000,614,12.6000000000,10,22026
1022600156,1611661320,204324,4030,-10.2910000000,360,-14.9890000000,2278,-10.9530000000,283,-1.2800000000,1109,-9.7050000000,10,22026
1022600156,1611661320,204365,3261,-7.0620000000,1155,-16.4140000000,1772,-1.9830000000,135,0.8960000000,199,-3.4020000000,10,22026
1022600156,1611661320,1628242,2845,-9.0780000000,227,-13.0050000000,1825,-12.6560000000,107,10.2070000000,686,-1.2670000000,10,22026
1022600156,1611661320,1628878,3191,-3.3630000000,247,-4.7590000000,2279,-3.6680000000,52,-7.5670000000,613,-1.3120000000,10,22026
1022600156,1611661328,1629478,2558,2.0220000000,79,5.2480000000,2330,0.6600000000,0,0.0000000000,149,21.6030000000,10,22026
1022600156,1611661328,1629496,1569,-0.8530000000,105,-19.9280000000,1123,0.9820000000,115,-26.9060000000,226,12.1540000000,10,22026
1022600156,1611661328,1629567,2940,-0.7210000000,1198,-10.3200000000,1443,9.4530000000,186,-21.9700000000,113,6.0840000000,10,22026
1022600156,1611661320,1630148,2246,-7.5930000000,201,-30.1670000000,1505,-6.1180000000,153,-11.0880000000,387,-0.2240000000,10,22026
1022600156,1611661320,1630461,3141,-6.5700000000,936,-10.5080000000,1827,-2.8580000000,85,-16.2650000000,293,-14.3170000000,10,22026
1022600156,1611661320,1630996,3278,-3.2790000000,562,-8.9260000000,2091,2.8740000000,287,8.3920000000,338,-41.8630000000,10,22026
1022600156,1611661328,1631141,3507,-8.3600000000,1241,-8.6340000000,1576,-5.6280000000,207,-3.8570000000,483,-18.5010000000,10,22026
1022600156,1611661328,1641651,2289,0.2200000000,164,-2.8180000000,1679,-1.3760000000,42,0.2120000000,404,8.0880000000,10,22026
1022600156,1611661328,1641660,318,-26.2690000000,71,-20.8520000000,217,-23.5220000000,6,-6.9330000000,24,-71.9580000000,10,22026
1022600156,1611661328,1642307,235,2.8660000000,9,-27.6560000000,156,0.8920000000,3,-11.7670000000,67,12.2160000000,10,22026
1022600156,1611661320,1642324,3110,-3.7990000000,379,-5.7070000000,2552,-3.9380000000,13,9.5540000000,166,1.6610000000,10,22026
1022600156,1611661328,1642798,3385,4.7310000000,502,12.7770000000,1722,5.5400000000,245,-9.7540000000,916,2.6770000000,10,22026
1022600156,1611661328,1642814,309,-0.2800000000,22,-25.4050000000,226,2.5630000000,7,-1.6860000000,54,-1.7630000000,10,22026
1022600156,1611661328,1643428,3065,-8.6180000000,424,-5.5710000000,1934,1.0600000000,117,-15.3580000000,590,-41.1950000000,10,22026
1022600156,1611661328,1643443,3104,-4.4870000000,206,-2.3570000000,2154,-6.8960000000,41,13.3950000000,703,1.2300000000,10,22026
1022600156,1611661320,1643462,1697,-13.7060000000,210,-22.3000000000,1252,-12.4630000000,50,-13.5480000000,185,-12.4110000000,10,22026
1022600157,1611661321,202252,19,-7.7630000000,0,0.0000000000,19,-7.7630000000,0,0.0000000000,0,0.0000000000,10,22026
1022600157,1611661313,203822,4344,6.9510000000,404,-14.1790000000,2490,9.4500000000,269,-20.3010000000,1181,15.1170000000,10,22026
1022600157,1611661321,203824,1988,-8.2700000000,765,-13.1630000000,1037,-5.2500000000,101,-13.6170000000,85,5.2760000000,10,22026
1022600157,1611661313,204296,600,2.2810000000,95,-10.7310000000,341,5.4630000000,30,-44.2800000000,134,13.8310000000,10,22026
1022600157,1611661313,204335,3257,-2.2110000000,260,-14.3640000000,2046,3.2440000000,147,-36.0330000000,804,-5.9790000000,10,22026
1022600157,1611661313,1627668,6039,-0.0310000000,1011,-10.3180000000,3369,2.4150000000,403,0.1020000000,1256,1.6450000000,10,22026
1022600157,1611661313,1627673,5706,-4.4710000000,735,-20.4320000000,3217,-0.8090000000,111,-37.0900000000,1643,-2.2970000000,10,22026
1022600157,1611661313,1629477,5882,1.0670000000,1469,-12.5940000000,2935,4.6520000000,285,-18.3090000000,1193,13.6950000000,10,22026
1022600157,1611661321,1629481,4198,9.7520000000,355,-5.3310000000,2369,11.6670000000,68,8.7500000000,1406,10.3840000000,10,22026
1022600157,1611661321,1629491,6268,-10.1860000000,895,-26.0540000000,2370,-9.8600000000,379,-16.6210000000,2624,-4.1380000000,10,22026
1022600157,1611661321,1629501,2426,-5.8590000000,204,-14.3150000000,1358,-6.9000000000,64,-13.1860000000,800,-1.3500000000,10,22026
1022600157,1611661313,1629546,4348,2.3120000000,675,-8.9340000000,3031,3.9490000000,58,-33.5530000000,584,10.3760000000,10,22026
1022600157,1611661313,1629566,1835,-8.8160000000,162,-18.6300000000,835,-13.2170000000,68,-20.7290000000,770,-0.9260000000,10,22026
1022600157,1611661321,1630134,1102,5.6520000000,56,-8.6610000000,509,0.7230000000,0,0.0000000000,537,11.8170000000,10,22026
1022600157,1611661313,1630384,1077,5.8120000000,48,-26.3850000000,573,4.2220000000,24,-5.4000000000,432,12.1210000000,10,22026
1022600157,1611661321,1630386,4601,-13.1580000000,410,-24.6220000000,3042,-15.2410000000,64,-19.0090000000,1085,-2.6400000000,10,22026
1022600157,1611661313,1631136,4609,-1.0050000000,1118,-12.1510000000,2671,3.3370000000,169,-15.3880000000,651,4.0510000000,10,22026
1022600157,1611661321,1642784,5390,0.4200000000,1870,-7.9730000000,2534,4.8420000000,356,1.6650000000,630,6.8460000000,10,22026
1022600157,1611661321,1642793,1276,-2.7130000000,186,-24.8910000000,744,2.4510000000,92,-19.6500000000,254,4.5390000000,10,22026
1022600157,1611661321,1643425,5899,9.1000000000,617,-3.5310000000,4247,11.6630000000,175,-7.8560000000,860,8.9590000000,10,22026
1022600158,1611661317,201886,5131,-4.1580000000,293,-17.6660000000,3909,-3.4110000000,82,-15.4090000000,847,-1.8450000000,10,22026
1022600158,1611661329,202664,5538,1.6640000000,1517,0.3930000000,3175,3.5870000000,227,-17.7380000000,619,2.0350000000,10,22026
1022600158,1611661317,203826,4843,-11.3550000000,1474,-14.7240000000,1534,-7.5890000000,498,-16.1220000000,1337,-10.1850000000,10,22026
1022600158,1611661329,204322,4931,4.1110000000,220,-17.8110000000,1853,-0.5780000000,309,3.2620000000,2549,9.5150000000,10,22026
1022600158,1611661329,204333,5112,-8.2130000000,2016,-13.3980000000,2784,-4.9200000000,94,-6.8690000000,218,-2.8940000000,10,22026
1022600158,1611661317,204468,4253,-7.7090000000,488,-5.3040000000,2876,-8.7650000000,52,-23.0920000000,837,-4.5250000000,10,22026
1022600158,1611661329,1627671,3348,3.9040000000,468,-3.3460000000,1998,3.8270000000,139,-0.2310000000,743,9.4500000000,10,22026
1022600158,1611661317,1627674,5042,6.8830000000,687,-3.2900000000,3450,10.6700000000,143,-5.2120000000,762,1.1770000000,10,22026
1022600158,1611661329,1628922,4070,2.9840000000,305,-4.3710000000,2673,1.1780000000,112,19.9300000000,980,8.2620000000,10,22026
1022600158,1611661317,1631118,4138,-7.4450000000,948,-6.6380000000,2478,-8.0840000000,89,-22.7690000000,623,-3.9410000000,10,22026
1022600158,1611661329,1642289,207,-46.6190000000,0,0.0000000000,146,-45.0480000000,32,-54.7630000000,29,-45.5450000000,10,22026
1022600158,1611661329,1642292,1090,-16.3220000000,121,-12.1640000000,847,-10.5110000000,9,-12.2780000000,113,-64.6470000000,10,22026
1022600158,1611661329,1642321,3151,7.8140000000,440,-0.5050000000,2331,7.8380000000,79,4.9870000000,301,20.5250000000,10,22026
1022600158,1611661317,1642768,1311,-20.6350000000,107,6.0790000000,887,-24.4730000000,35,1.9830000000,282,-21.5040000000,10,22026
1022600158,1611661317,1642777,2557,-0.0190000000,771,-0.6490000000,1356,0.3360000000,91,-26.5080000000,339,7.1050000000,10,22026
1022600158,1611661329,1642786,2706,-0.7820000000,90,3.2390000000,1833,-4.6680000000,89,-16.3180000000,694,10.9520000000,10,22026
1022600158,1611661317,1643438,1021,-12.4070000000,114,-14.4620000000,592,-14.4080000000,78,-28.8180000000,237,-1.0200000000,10,22026
1022600158,1611661329,1643447,3728,-0.7000000000,425,-12.3250000000,2733,0.6540000000,104,7.1720000000,466,0.2020000000,10,22026
1022600158,1611661317,1643493,2826,-2.5180000000,284,-5.1130000000,2106,-3.3780000000,11,-31.8550000000,425,4.2390000000,10,22026
1022600159,1611661331,203026,4806,-1.1940000000,1190,-10.3150000000,3143,2.1100000000,139,-8.1670000000,334,3.1130000000,10,22026
1022600159,1611661331,203866,5995,-5.3570000000,264,-9.1670000000,4843,-6.7370000000,83,-14.5140000000,805,5.1380000000,10,22026
1022600159,1611661331,204329,3140,0.8190000000,172,-6.1840000000,1808,0.0140000000,0,0.0000000000,1160,3.1140000000,10,22026
1022600159,1611661332,204330,4227,-8.8150000000,447,-2.8170000000,1768,-12.2680000000,322,-15.4510000000,1690,-5.5240000000,10,22026
1022600159,1611661332,1627700,5179,-5.4480000000,1739,-10.2380000000,2913,-3.2360000000,179,-4.7390000000,348,-0.3990000000,10,22026
1022600159,1611661331,1628508,3418,5.5410000000,394,-1.8250000000,2655,5.0140000000,93,9.3480000000,276,19.8390000000,10,22026
1022600159,1611661332,1628915,2365,5.7300000000,241,1.4070000000,1762,5.0350000000,79,5.9140000000,283,13.6870000000,10,22026
1022600159,1611661331,1628931,4048,9.1070000000,718,1.4270000000,2884,10.8630000000,161,4.5650000000,285,13.2480000000,10,22026
1022600159,1611661332,1629497,4624,19.3390000000,923,22.9960000000,2723,18.1660000000,210,11.9700000000,768,21.1160000000,10,22026
1022600159,1611661332,1629576,5258,0.5960000000,600,-2.7340000000,3808,1.0960000000,177,5.3420000000,673,-0.5110000000,10,22026
1022600159,1611661331,1630097,6081,3.3660000000,264,-9.6590000000,4701,3.3460000000,109,-18.9990000000,1007,9.2960000000,10,22026
1022600159,1611661331,1631007,5025,-2.2170000000,2097,-5.4580000000,2426,0.1400000000,208,-2.8610000000,294,1.9090000000,10,22026
1022600159,1611661332,1631055,792,3.6950000000,93,1.6270000000,343,-1.5870000000,82,11.2020000000,274,8.7620000000,10,22026
1022600159,1611661331,1641656,3436,5.8970000000,110,5.0730000000,2046,3.7310000000,63,-23.5540000000,1217,11.1360000000,10,22026
1022600159,1611661331,1642767,5845,8.8180000000,527,-1.0450000000,3715,8.7140000000,297,6.9640000000,1306,13.5170000000,10,22026
1022600159,1611661331,1642822,5427,-5.3670000000,2265,-6.9750000000,2498,-3.1110000000,349,-6.9310000000,315,-9.9660000000,10,22026
1022600159,1611661332,1643420,2255,-4.5020000000,272,-9.6270000000,1293,-5.1060000000,131,-17.3990000000,559,2.4090000000,10,22026
1022600159,1611661332,1643457,2086,-6.5650000000,112,-28.4850000000,1104,-9.7880000000,48,6.4480000000,822,-0.0100000000,10,22026
1022600159,1611661332,1643647,2019,-5.5480000000,96,-21.2680000000,1702,-6.3840000000,10,-8.6900000000,211,8.4930000000,10,22026
1022600159,1611661331,1643686,359,6.5180000000,13,14.1310000000,112,17.4160000000,0,0.0000000000,234,0.8790000000,10,22026
1022600160,1611661324,203825,7330,15.7310000000,1236,17.3390000000,5167,15.7540000000,157,1.8520000000,770,15.8220000000,10,22026
1022600160,1611661324,203827,5562,-2.8210000000,677,-13.0560000000,2408,1.5140000000,245,-21.3200000000,2232,-2.3630000000,10,22026
1022600160,1611661324,1627675,5630,6.5580000000,2209,8.1120000000,3078,6.6860000000,147,-17.2540000000,196,4.9030000000,10,22026
1022600160,1611661324,1628269,2956,-5.3510000000,193,-9.6690000000,1958,-3.9360000000,91,-40.2630000000,714,-3.6140000000,10,22026
1022600160,1611661323,1629568,4666,1.8020000000,337,12.1160000000,2981,-2.8990000000,77,28.5900000000,1271,8.4700000000,10,22026
1022600160,1611661324,1630471,3108,-6.8210000000,225,-16.1610000000,2471,-6.7750000000,55,-10.7750000000,357,-0.6460000000,10,22026
1022600160,1611661323,1631135,4484,9.5770000000,167,12.8650000000,1341,3.8660000000,294,11.0320000000,2682,12.0680000000,10,22026
1022600160,1611661323,1641649,3601,-1.6800000000,548,11.3450000000,2299,-3.8790000000,142,31.6780000000,612,-12.8200000000,10,22026
1022600160,1611661324,1641657,3452,-13.9720000000,528,-14.4130000000,2204,-13.3660000000,75,-45.9040000000,645,-11.9650000000,10,22026
1022600160,1611661323,1642290,3253,3.2150000000,174,7.7050000000,1704,-4.8980000000,118,37.4230000000,1257,10.3800000000,10,22026
1022600160,1611661323,1642303,4334,0.8050000000,1422,5.3950000000,1931,-5.5090000000,270,16.8390000000,711,2.6820000000,10,22026
1022600160,1611661324,1642797,3186,-5.1950000000,220,-2.5190000000,1876,-4.4870000000,99,-41.0160000000,991,-3.5510000000,10,22026
1022600160,1611661323,1642809,1622,0.9290000000,344,10.6520000000,1098,-6.1700000000,75,45.6470000000,105,11.3680000000,10,22026
1022600160,1611661323,1642817,13,-100.0000000000,0,0.0000000000,0,0.0000000000,0,0.0000000000,13,-100.0000000000,10,22026
1022600160,1611661323,1643429,1812,-6.1410000000,295,20.0370000000,1353,-9.5530000000,44,-66.9980000000,120,-9.7120000000,10,22026
1022600160,1611661323,1643441,2574,9.0120000000,63,19.4440000000,796,6.1890000000,92,3.1660000000,1623,10.3230000000,10,22026
1022600160,1611661323,1643448,2938,3.7940000000,229,10.5060000000,2164,0.5330000000,171,11.7040000000,374,14.9340000000,10,22026
1022600160,1611661323,1643449,5299,1.7580000000,1751,13.8460000000,3040,-6.3360000000,295,15.3190000000,213,-0.8700000000,10,22026
1022600160,1611661324,1643489,4470,1.2350000000,440,2.7950000000,3443,1.3520000000,146,-26.9180000000,441,8.0820000000,10,22026
1022600160,1611661324,1643490,2196,1.5720000000,697,4.2810000000,1291,1.6160000000,138,-1.2200000000,70,-20.7300000000,10,22026
1022600161,1611661320,203014,3914,-2.5340000000,574,-4.2190000000,2075,-4.6060000000,360,-9.6740000000,905,6.1260000000,10,22026
1022600161,1611661325,203024,3598,5.2520000000,561,-2.4930000000,2254,5.9380000000,28,-22.6820000000,755,9.9920000000,10,22026
1022600161,1611661320,204324,4168,-3.5440000000,312,-9.2140000000,2009,-3.8880000000,127,-29.8410000000,1720,-0.1720000000,10,22026
1022600161,1611661320,204365,3182,-3.4390000000,1175,-1.8380000000,1803,-4.3380000000,107,-17.1970000000,97,9.0640000000,10,22026
1022600161,1611661320,1628242,390,-6.7500000000,10,-63.2300000000,255,-12.9390000000,0,0.0000000000,125,10.3950000000,10,22026
1022600161,1611661320,1628878,4026,4.9530000000,454,-5.9140000000,3059,6.7330000000,56,-32.7160000000,457,8.4520000000,10,22026
1022600161,1611661325,1628881,2201,-0.9860000000,216,-12.1700000000,1006,-1.6870000000,31,-3.0680000000,948,2.3740000000,10,22026
1022600161,1611661325,1628899,1865,-3.0520000000,160,0.8320000000,1270,-1.0560000000,0,0.0000000000,435,-10.3080000000,10,22026
1022600161,1611661325,1628909,5170,17.3480000000,1134,16.1350000000,3187,20.2370000000,247,-0.5190000000,602,11.6710000000,10,22026
1022600161,1611661325,1629482,1920,-1.8620000000,111,-5.1490000000,1651,-1.4900000000,5,22.0800000000,153,-4.2690000000,10,22026
1022600161,1611661325,1630112,4005,-1.7790000000,1464,-7.2020000000,2065,-0.5410000000,82,-2.5400000000,394,12.0370000000,10,22026
1022600161,1611661320,1630148,1758,-2.3240000000,189,-2.4960000000,1431,-1.5520000000,13,-41.3620000000,125,-6.8440000000,10,22026
1022600161,1611661320,1630461,2257,-6.2280000000,721,-11.1380000000,1416,-2.8720000000,14,-24.0360000000,106,-15.3110000000,10,22026
1022600161,1611661320,1630996,4455,2.4150000000,666,-0.3160000000,2958,4.4820000000,335,-19.5430000000,496,8.5860000000,10,22026
1022600161,1611661325,1631086,2952,-6.2040000000,452,-9.0460000000,2087,-7.3040000000,89,-30.3630000000,324,11.4770000000,10,22026
1022600161,1611661325,1642286,1965,15.3000000000,653,8.5800000000,878,20.5910000000,192,13.9240000000,242,15.3260000000,10,22026
1022600161,1611661320,1642293,1519,-11.6960000000,31,-16.5390000000,1070,-8.8650000000,8,-29.1130000000,410,-18.3790000000,10,22026
1022600161,1611661325,1642788,100,3.3920000000,0,0.0000000000,41,-10.6930000000,0,0.0000000000,59,13.1800000000,10,22026
1022600161,1611661325,1642815,3687,-3.1450000000,30,-20.8870000000,1789,-10.7690000000,61,-2.2890000000,1807,4.6680000000,10,22026
1022600161,1611661325,1643433,1656,-4.8260000000,348,-11.5720000000,995,-1.4000000000,104,-23.5250000000,209,-0.5940000000,10,22026
1022600161,1611661325,1643453,1019,-10.4950000000,54,-1.9870000000,756,-10.0360000000,24,-44.7670000000,185,-10.4080000000,10,22026
1022600161,1611661320,1643462,13,-100.0000000000,0,0.0000000000,3,-100.0000000000,0,0.0000000000,10,-100.0000000000,10,22026
1022600162,1611661328,203828,2331,-4.6210000000,133,-10.5620000000,1624,-6.0280000000,41,-7.2370000000,533,1.3500000000,10,22026
1022600162,1611661330,1628277,6315,4.0700000000,895,-3.4330000000,4572,5.3290000000,329,9.5100000000,519,2.4680000000,10,22026
1022600162,1611661330,1628886,6469,-2.2420000000,2162,-4.7900000000,3179,-0.2580000000,542,-13.3310000000,586,6.6550000000,10,22026
1022600162,1611661328,1629478,2291,3.8580000000,66,2.6060000000,2150,4.0450000000,13,-51.8690000000,62,10.3680000000,10,22026
1022600162,1611661328,1629496,1410,-1.7190000000,149,5.7900000000,927,-2.8690000000,81,1.9740000000,253,-3.1080000000,10,22026
1022600162,1611661328,1629567,5553,-0.5040000000,1680,-5.4230000000,3259,4.5520000000,296,-32.3040000000,318,3.2700000000,10,22026
1022600162,1611661330,1631009,6336,9.9590000000,1434,0.9080000000,4098,12.1940000000,174,-1.5340000000,630,19.1970000000,10,22026
1022600162,1611661330,1631021,2062,-7.1490000000,166,-18.9060000000,1408,-6.8360000000,82,-24.7830000000,406,0.1350000000,10,22026
1022600162,1611661330,1631044,5361,-5.6700000000,294,-25.3420000000,3657,-6.9240000000,23,-2.6090000000,1387,1.7560000000,10,22026
1022600162,1611661328,1631141,3713,-6.1870000000,961,-14.9460000000,2405,-1.7840000000,54,-37.8890000000,293,-7.7630000000,10,22026
1022600162,1611661328,1641651,2129,3.4470000000,143,-3.0410000000,1580,3.6330000000,34,53.8410000000,372,0.5440000000,10,22026
1022600162,1611661328,1641660,1388,-1.7880000000,356,-9.5350000000,828,6.0740000000,143,-34.5310000000,61,13.4670000000,10,22026
1022600162,1611661330,1642291,5672,-0.4420000000,434,-6.5690000000,2341,-3.0680000000,229,-14.3070000000,2668,4.0480000000,10,22026
1022600162,1611661330,1642302,1922,6.2950000000,167,4.3390000000,1491,6.1410000000,60,-36.0480000000,204,21.4730000000,10,22026
1022600162,1611661328,1642798,4900,-2.7810000000,384,-14.4700000000,2437,-3.2670000000,326,-11.7990000000,1753,2.1320000000,10,22026
1022600162,1611661330,1642804,1587,3.2400000000,242,-4.0970000000,1210,5.5250000000,0,0.0000000000,135,-4.0830000000,10,22026
1022600162,1611661328,1643428,4622,5.7410000000,869,-2.4340000000,3203,8.7120000000,224,-5.4080000000,326,5.9950000000,10,22026
1022600162,1611661330,1643431,1545,-2.3370000000,105,-11.9130000000,522,-10.7580000000,117,-6.0310000000,801,4.9460000000,10,22026
1022600162,1611661328,1643443,4953,-2.8360000000,658,-1.8360000000,2718,-2.6480000000,47,-36.8170000000,1530,-2.5550000000,10,22026
1022600163,1611661317,201886,2142,-10.4840000000,497,-18.1570000000,1333,-9.1060000000,59,3.6100000000,253,-5.9550000000,10,22026
1022600163,1611661317,203826,1672,-25.5540000000,245,-26.3610000000,888,-23.9880000000,51,-30.7590000000,488,-27.4550000000,10,22026
1022600163,1611661317,204468,1592,-22.1280000000,325,-21.2710000000,865,-12.6920000000,49,-2.0200000000,353,-48.8300000000,10,22026
1022600163,1611661317,1627674,1713,16.3770000000,306,34.3380000000,1194,13.5910000000,61,-37.0570000000,152,23.5490000000,10,22026
1022600163,1611661317,1628244,1564,-2.8280000000,360,-3.6130000000,1035,-2.0710000000,31,5.6550000000,138,-8.3700000000,10,22026
1022600163,1611661325,1628881,3531,-60.8430000000,21,-3.2670000000,1021,-52.3020000000,35,-8.6910000000,2454,-65.6320000000,10,22026
1022600163,1611661325,1628899,930,-15.7840000000,120,-26.0080000000,465,-30.7380000000,48,1.5080000000,297,8.9640000000,10,22026
1022600163,1611661325,1628909,3403,-27.4250000000,1043,-48.2060000000,1675,-13.9110000000,176,-26.7600000000,509,-29.5440000000,10,22026
1022600163,1611661325,1629482,2434,-12.6340000000,97,-45.7640000000,1846,-7.6980000000,67,-44.7250000000,424,-21.4740000000,10,22026
1022600163,1611661325,1630112,2247,-24.7230000000,647,-47.8640000000,1246,-13.0770000000,148,-12.0220000000,206,-31.6050000000,10,22026
1022600163,1611661317,1630442,41,54.8290000000,0,0.0000000000,41,54.8290000000,0,0.0000000000,0,0.0000000000,10,22026
1022600163,1611661325,1631086,1600,-24.8370000000,187,-5.9340000000,1094,-21.8940000000,97,-15.5070000000,222,-59.3410000000,10,22026
1022600163,1611661317,1631118,1403,-32.6360000000,51,-22.9690000000,1061,-25.3880000000,20,-66.3200000000,271,-60.3470000000,10,22026
1022600163,1611661325,1641648,3639,-51.8200000000,659,-72.7240000000,1840,-54.9000000000,235,-51.8810000000,905,-30.3230000000,10,22026
1022600163,1611661317,1642777,224,13.7190000000,67,2.0480000000,128,39.1850000000,26,-84.7230000000,3,40.9670000000,10,22026
1022600163,1611661325,1642815,550,-38.9060000000,8,-77.8370000000,265,-40.0230000000,0,0.0000000000,277,-36.7130000000,10,22026
1022600163,1611661325,1643433,2829,-20.0380000000,587,-27.4390000000,1710,-18.8090000000,48,-34.2400000000,484,-13.9930000000,10,22026
1022600163,1611661317,1643438,1317,-18.2210000000,237,-13.2280000000,404,-6.9600000000,168,-34.2240000000,508,-24.2150000000,10,22026
1022600163,1611661317,1643470,9,13.6670000000,9,13.6670000000,0,0.0000000000,0,0.0000000000,0,0.0000000000,10,22026
1022600163,1611661317,1643493,2378,-21.1530000000,232,-0.6300000000,1784,-22.7530000000,49,-56.7570000000,313,-21.6760000000,10,22026
1022600164,1611661319,203833,5541,1.9450000000,1838,3.7940000000,3076,-0.8720000000,169,8.0670000000,458,11.1860000000,10,22026
1022600164,1611661319,203855,2822,-3.3820000000,180,15.1160000000,2099,-6.4980000000,45,-31.3000000000,498,5.5910000000,10,22026
1022600164,1611661319,204319,4829,2.7060000000,502,-7.8920000000,3348,1.3260000000,30,-18.6100000000,949,13.8530000000,10,22026
1022600164,1611661319,204323,399,-3.7350000000,14,-12.7790000000,196,-10.4510000000,65,3.4580000000,124,4.1310000000,10,22026
1022600164,1611661327,1628317,2152,5.7640000000,119,1.8030000000,1708,5.6350000000,0,0.0000000000,325,7.8880000000,10,22026
1022600164,1611661319,1628932,5041,9.2500000000,570,2.5070000000,2061,2.0390000000,472,15.6990000000,1938,17.3320000000,10,22026
1022600164,1611661327,1629484,4250,0.8140000000,88,-29.5240000000,2448,-0.4510000000,41,-35.5610000000,1673,5.1520000000,10,22026
1022600164,1611661319,1629488,2388,-4.4560000000,43,1.2160000000,996,-3.9910000000,54,10.9090000000,1295,-5.6420000000,10,22026
1022600164,1611661319,1629498,4879,-5.1120000000,1797,3.1020000000,2627,-12.1850000000,195,12.6560000000,260,-3.7470000000,10,22026
1022600164,1611661327,1629524,4707,3.2140000000,296,-1.1210000000,3551,2.3510000000,81,-10.3050000000,779,10.1970000000,10,22026
1022600164,1611661327,1630143,1127,-2.4340000000,69,-16.8620000000,847,-1.2250000000,37,3.3920000000,174,-3.8390000000,10,22026
1022600164,1611661319,1631006,2210,-7.0470000000,156,-0.7820000000,1828,-8.9660000000,17,22.8180000000,209,2.6300000000,10,22026
1022600164,1611661319,1631019,4698,2.3430000000,219,-1.5110000000,1663,-3.2560000000,203,16.7460000000,2613,5.1100000000,10,22026
1022600164,1611661327,1631083,5088,-6.5650000000,272,-18.4090000000,3358,-8.7060000000,301,-15.6870000000,1157,4.8080000000,10,22026
1022600164,1611661327,1641683,476,-7.0120000000,327,-12.7790000000,131,4.3970000000,13,18.8850000000,5,3.9400000000,10,22026
1022600164,1611661327,1642296,2461,2.3010000000,152,-8.6320000000,1866,2.7780000000,57,-0.6050000000,386,4.7300000000,10,22026
1022600164,1611661327,1642304,3718,-16.6650000000,2206,-18.0890000000,935,-14.2280000000,352,-24.4260000000,225,-0.6880000000,10,22026
1022600164,1611661327,1642782,4381,7.8180000000,397,-14.9240000000,3099,8.9780000000,188,-21.7130000000,697,23.5790000000,10,22026
1022600164,1611661327,1643436,1125,-2.3450000000,28,-17.7680000000,353,-3.1060000000,46,-10.2800000000,698,-0.8180000000,10,22026
1022600164,1611661327,1643494,2870,4.8620000000,219,1.2970000000,1780,2.8380000000,96,-15.1240000000,775,12.9930000000,10,22026
1022600164,1611661327,1643506,2914,-10.6980000000,1397,-11.0110000000,1034,-5.9360000000,285,-27.4440000000,198,-9.2480000000,10,22026
1022600165,1611661331,203026,4626,0.7700000000,1007,-7.1110000000,2995,2.2130000000,133,-2.9440000000,491,9.1340000000,10,22026
1022600165,1611661323,203398,50,-8.6000000000,0,0.0000000000,21,-11.7670000000,0,0.0000000000,29,-6.3070000000,10,22026
1022600165,1611661331,203866,2784,2.2700000000,97,-10.6120000000,2253,2.4100000000,22,-16.0090000000,412,5.5140000000,10,22026
1022600165,1611661331,204329,4511,-9.5990000000,395,-18.2570000000,2687,-7.9790000000,48,-24.9060000000,1381,-9.7420000000,10,22026
1022600165,1611661331,1628508,3661,5.4310000000,588,-4.2750000000,2725,7.1870000000,89,-18.9120000000,259,17.3490000000,10,22026
1022600165,1611661331,1628931,1068,-0.5650000000,132,-0.7440000000,720,0.3510000000,4,-23.1750000000,212,-3.1380000000,10,22026
1022600165,1611661323,1629568,3140,4.2930000000,81,-1.8190000000,1924,-0.7820000000,20,-16.3150000000,1115,13.8630000000,10,22026
1022600165,1611661331,1630097,6774,4.6600000000,340,-5.6150000000,5551,4.1910000000,125,-28.2200000000,758,18.1210000000,10,22026
1022600165,1611661331,1631007,7518,5.0950000000,2901,3.6990000000,3634,9.3710000000,428,-18.3110000000,555,2.4410000000,10,22026
1022600165,1611661323,1631135,3901,-7.8030000000,406,-20.4160000000,1475,-11.1260000000,305,-4.2900000000,1715,-2.5830000000,10,22026
1022600165,1611661323,1641649,4176,3.4990000000,521,-3.5310000000,2588,1.8380000000,157,11.6800000000,910,10.8360000000,10,22026
1022600165,1611661331,1641656,1796,-5.8120000000,296,-5.4890000000,864,-2.1250000000,93,-41.4260000000,543,-5.7550000000,10,22026
1022600165,1611661323,1642290,4304,1.8320000000,176,-13.3900000000,1813,-3.9060000000,297,14.3280000000,2018,6.4750000000,10,22026
1022600165,1611661323,1642303,4886,8.1150000000,1360,2.5170000000,3059,9.8280000000,128,1.3480000000,339,17.6760000000,10,22026
1022600165,1611661331,1642767,6155,8.2790000000,417,7.9950000000,4435,7.3310000000,154,2.2970000000,1149,12.8420000000,10,22026
1022600165,1611661331,1642794,475,5.1900000000,98,6.0080000000,291,5.9770000000,25,-25.8520000000,61,12.8430000000,10,22026
1022600165,1611661323,1642800,145,-26.0450000000,0,0.0000000000,123,-25.9370000000,0,0.0000000000,22,-26.6450000000,10,22026
1022600165,1611661323,1642817,1504,-5.9180000000,568,-4.0800000000,700,-12.1270000000,36,-5.0220000000,200,10.4310000000,10,22026
1022600165,1611661331,1642822,4749,3.2070000000,1296,-3.3350000000,2872,6.4120000000,225,-5.1320000000,356,6.4380000000,10,22026
1022600165,1611661323,1643429,1439,9.5960000000,232,1.3670000000,1058,9.2770000000,30,-7.8200000000,119,32.8750000000,10,22026
1022600165,1611661323,1643441,1269,3.1680000000,52,-7.7100000000,414,-5.5770000000,47,19.7110000000,756,7.6780000000,10,22026
1022600165,1611661323,1643448,2590,-4.5670000000,451,-10.3830000000,1664,-5.0550000000,173,2.2200000000,302,2.9190000000,10,22026
1022600165,1611661323,1643449,3811,-2.0450000000,993,-2.4670000000,2314,-3.8510000000,211,8.4230000000,293,6.1020000000,10,22026
1022600165,1611661331,1643686,475,-25.2780000000,9,-10.4560000000,438,-26.1900000000,0,0.0000000000,28,-15.7680000000,10,22026
1022600167,1611661329,202664,2008,-7.6870000000,721,-6.5630000000,909,-10.2520000000,252,6.5120000000,126,-24.0170000000,10,22026
1022600167,1611661320,203014,3882,-0.7130000000,435,-7.9460000000,2225,-2.0530000000,88,3.7890000000,1134,4.3420000000,10,22026
1022600167,1611661329,204322,1181,-9.5690000000,89,-31.2580000000,438,-9.3070000000,128,9.9780000000,526,-10.8730000000,10,22026
1022600167,1611661320,204324,309,-38.7740000000,46,-10.7980000000,155,-41.0650000000,6,9.4000000000,102,-50.7450000000,10,22026
1022600167,1611661329,204333,2360,-8.2830000000,677,-15.6050000000,1427,-3.1720000000,130,-32.5980000000,126,-1.7440000000,10,22026
1022600167,1611661320,204365,3656,-3.3340000000,1020,-9.7590000000,2214,-1.9480000000,225,3.9040000000,197,6.0940000000,10,22026
1022600167,1611661329,1627671,1564,10.6440000000,186,13.9600000000,1291,8.8690000000,3,40.8000000000,84,29.5130000000,10,22026
1022600167,1611661320,1628242,1134,2.1010000000,40,-1.5720000000,660,0.6730000000,21,-7.0480000000,413,5.2030000000,10,22026
1022600167,1611661320,1628878,4142,-1.6330000000,579,-9.6590000000,2949,0.9110000000,114,-30.0620000000,500,-0.8660000000,10,22026
1022600167,1611661329,1628922,3258,-4.3240000000,334,2.6260000000,1982,-5.9420000000,17,-13.8000000000,925,-3.1920000000,10,22026
1022600167,1611661320,1630148,531,10.1730000000,34,-53.8090000000,447,12.4940000000,0,0.0000000000,50,32.9300000000,10,22026
1022600167,1611661320,1630461,1693,-15.8410000000,530,-16.0540000000,884,-8.7870000000,32,-45.3750000000,247,-36.8010000000,10,22026
1022600167,1611661320,1630996,3899,0.5880000000,602,-5.9080000000,2498,3.0120000000,355,-12.0370000000,444,5.8490000000,10,22026
1022600167,1611661329,1642289,2371,-5.0240000000,222,-14.7000000000,946,-11.1110000000,68,-18.4460000000,1135,2.7470000000,10,22026
1022600167,1611661329,1642292,996,-4.4110000000,220,-7.5150000000,664,-4.8320000000,26,-13.8540000000,86,9.6330000000,10,22026
1022600167,1611661320,1642293,212,-2.3660000000,6,-50.7670000000,199,-1.6010000000,0,0.0000000000,7,17.3710000000,10,22026
1022600167,1611661329,1642321,4013,-9.7180000000,645,-16.3430000000,2817,-8.6330000000,150,-2.8670000000,401,-9.2520000000,10,22026
1022600167,1611661320,1642324,3635,-10.5910000000,293,-21.1350000000,1835,-12.1580000000,212,-17.8040000000,1295,-4.8040000000,10,22026
1022600167,1611661329,1642786,1889,-9.6130000000,45,-15.0310000000,1473,-10.1340000000,50,-25.1900000000,321,-4.0360000000,10,22026
1022600167,1611661329,1643447,731,-4.2220000000,85,1.5870000000,506,-1.1460000000,18,-1.2610000000,122,-21.4650000000,10,22026
1022600167,1611661320,1643462,16,-1.1000000000,0,0.0000000000,16,-1.1000000000,0,0.0000000000,0,0.0000000000,10,22026
1022600168,1611661313,203822,2025,-3.3080000000,280,-16.8940000000,1124,-0.1370000000,14,14.2930000000,607,-3.3190000000,10,22026
1022600168,1611661324,203825,5342,1.8580000000,410,-15.5530000000,3966,6.1080000000,136,-19.1870000000,830,-6.4010000000,10,22026
1022600168,1611661324,203827,5435,-8.3130000000,482,-13.4710000000,1818,-14.3690000000,251,-3.2070000000,2884,-4.0780000000,10,22026
1022600168,1611661313,204296,682,0.1260000000,81,-7.0880000000,453,-1.2140000000,0,0.0000000000,148,8.1780000000,10,22026
1022600168,1611661313,204335,1289,-4.0420000000,186,8.6460000000,816,-4.3730000000,20,5.0150000000,267,-12.5460000000,10,22026
1022600168,1611661313,1627668,5780,1.6390000000,726,2.6280000000,3009,-2.4070000000,185,2.1850000000,1860,7.7430000000,10,22026
1022600168,1611661313,1627673,4902,-4.9490000000,678,-1.1450000000,2664,-6.2230000000,177,7.0170000000,1383,-5.8900000000,10,22026
1022600168,1611661324,1627675,5805,-7.0080000000,1244,-15.1200000000,3913,-3.3570000000,134,-18.6470000000,514,-12.1330000000,10,22026
1022600168,1611661324,1628269,4658,-11.9470000000,356,-14.0430000000,3226,-12.8240000000,104,-42.4390000000,972,-5.0040000000,10,22026
1022600168,1611661313,1629477,5417,2.6490000000,1576,7.9710000000,3061,-0.6560000000,263,8.0300000000,517,3.2620000000,10,22026
1022600168,1611661313,1629546,3713,0.6320000000,761,2.4030000000,2213,-2.5230000000,70,10.1810000000,669,8.0530000000,10,22026
1022600168,1611661313,1629566,2955,-7.5930000000,136,-2.4040000000,1714,-8.2720000000,0,0.0000000000,1105,-7.1780000000,10,22026
1022600168,1611661313,1630149,27,-32.6440000000,13,-74.8230000000,14,6.5210000000,0,0.0000000000,0,0.0000000000,10,22026
1022600168,1611661313,1630384,1006,-22.8830000000,3,-17.7000000000,424,1.8100000000,6,-15.2170000000,573,-41.2620000000,10,22026
1022600168,1611661324,1630471,1161,-4.7250000000,130,-4.9210000000,917,-6.2700000000,22,-1.9450000000,92,10.2900000000,10,22026
1022600168,1611661313,1631136,3560,-9.5570000000,912,-12.4210000000,2010,-15.0520000000,200,19.4160000000,438,8.3950000000,10,22026
1022600168,1611661324,1641657,2378,-11.2370000000,402,-21.1460000000,1324,-12.3140000000,23,-12.2520000000,629,-2.5990000000,10,22026
1022600168,1611661324,1642797,199,-67.8720000000,0,0.0000000000,173,-63.0440000000,0,0.0000000000,26,-100.0000000000,10,22026
1022600168,1611661324,1643426,5087,-10.2720000000,1827,-14.5070000000,2497,-6.9300000000,405,-24.7470000000,358,4.4030000000,10,22026
1022600168,1611661324,1643489,1025,7.6840000000,167,-4.2110000000,695,9.0080000000,43,-4.4190000000,120,20.9040000000,10,22026
1022600168,1611661324,1643490,575,-7.1310000000,170,-12.0290000000,336,-6.2640000000,27,-7.9480000000,42,6.2760000000,10,22026
1022600169,1611661317,201886,3504,5.4650000000,275,-12.3910000000,2350,6.3390000000,46,-28.1590000000,833,10.7520000000,10,22026
1022600169,1611661317,203826,4767,-5.1120000000,923,-20.6330000000,1552,-7.6480000000,304,-9.8930000000,1988,4.8050000000,10,22026
1022600169,1611661319,203833,5515,-3.0130000000,1893,-2.8570000000,3039,-2.6710000000,372,7.1120000000,211,-27.1840000000,10,22026
1022600169,1611661319,203855,4685,-7.6080000000,277,-1.4940000000,3391,-4.6000000000,160,-26.0650000000,857,-18.0420000000,10,22026
1022600169,1611661319,204319,5156,1.1920000000,934,0.5760000000,3254,2.3380000000,27,9.4700000000,941,-2.3980000000,10,22026
1022600169,1611661319,204323,2588,0.6090000000,92,11.7390000000,992,0.4140000000,169,-11.9740000000,1335,1.5800000000,10,22026
1022600169,1611661317,204468,4627,-1.0630000000,587,-13.1700000000,3303,-0.7840000000,66,-14.3970000000,671,9.4670000000,10,22026
1022600169,1611661317,1627674,4725,7.9920000000,577,-4.1280000000,3131,12.5600000000,215,-16.1190000000,802,5.3410000000,10,22026
1022600169,1611661317,1628244,1623,-3.4030000000,439,-8.8630000000,879,-2.2830000000,0,0.0000000000,305,1.2260000000,10,22026
1022600169,1611661319,1628932,4595,7.5610000000,432,8.7630000000,2220,5.1630000000,351,12.0660000000,1592,9.5840000000,10,22026
1022600169,1611661319,1629488,2407,-3.9560000000,36,-3.2280000000,705,1.5690000000,14,-42.4000000000,1652,-6.0030000000,10,22026
1022600169,1611661319,1629498,4720,5.8410000000,1582,3.4240000000,2669,7.5280000000,246,2.3850000000,223,6.6170000000,10,22026
1022600169,1611661319,1630389,30,-5.3400000000,0,0.0000000000,14,6.2500000000,0,0.0000000000,16,-15.4810000000,10,22026
1022600169,1611661319,1631006,3009,-7.5380000000,575,-12.2720000000,2209,-5.3980000000,6,-100.0000000000,219,-14.1670000000,10,22026
1022600169,1611661319,1631019,3698,-9.1260000000,39,-24.3130000000,785,-7.2110000000,264,-33.0190000000,2610,-7.0580000000,10,22026
1022600169,1611661317,1631118,3935,2.3350000000,833,-8.2090000000,2717,5.7670000000,58,-32.9970000000,327,6.9470000000,10,22026
1022600169,1611661317,1642777,4014,-8.2220000000,1231,-15.2570000000,2162,-8.1220000000,172,-18.9520000000,449,14.6970000000,10,22026
1022600169,1611661317,1643438,1676,3.2010000000,258,-0.1680000000,768,5.0580000000,106,-11.0070000000,544,4.9450000000,10,22026
1022600169,1611661317,1643493,3240,1.6610000000,276,-6.8900000000,2463,3.8170000000,42,-25.9450000000,459,-2.2370000000,10,22026
1022600169,1611661319,1643495,1637,1.0860000000,123,7.5930000000,927,6.7170000000,17,-8.3410000000,570,-9.1960000000,10,22026
1022600170,1611661330,1628277,5047,2.6980000000,514,5.3190000000,3892,2.2820000000,229,26.4490000000,412,-9.8380000000,10,22026
1022600170,1611661327,1628317,1874,-1.2090000000,16,11.5620000000,1408,-1.7120000000,38,-40.8260000000,412,3.6660000000,10,22026
1022600170,1611661330,1628886,5429,1.0060000000,1970,1.9140000000,2823,-0.6550000000,419,5.3850000000,217,5.9190000000,10,22026
1022600170,1611661327,1629484,5001,-2.7240000000,125,-13.6250000000,3591,-5.4010000000,84,-3.6570000000,1201,6.4800000000,10,22026
1022600170,1611661327,1629524,6158,5.2250000000,514,-22.0040000000,4369,9.6680000000,105,8.8390000000,1170,0.2740000000,10,22026
1022600170,1611661330,1631009,5107,5.7600000000,1027,4.0260000000,3428,6.4820000000,78,-9.6760000000,574,6.6480000000,10,22026
1022600170,1611661330,1631021,2847,-10.0750000000,210,-3.8150000000,1986,-12.7840000000,63,6.2790000000,588,-4.9150000000,10,22026
1022600170,1611661330,1631044,5686,-4.9230000000,510,-16.6730000000,3358,-5.7940000000,181,-32.8410000000,1637,3.6090000000,10,22026
1022600170,1611661327,1631083,4708,-7.8700000000,196,-10.6400000000,3483,-10.0670000000,179,-10.3060000000,850,2.2840000000,10,22026
1022600170,1611661327,1641683,2285,3.2520000000,303,-9.0590000000,1694,5.0290000000,64,-1.9670000000,224,7.9550000000,10,22026
1022600170,1611661327,1642296,4543,-1.6510000000,190,-21.0370000000,3118,1.0050000000,57,-5.0530000000,1178,-5.3930000000,10,22026
1022600170,1611661330,1642302,3060,-2.0470000000,390,-0.0650000000,2256,-4.7470000000,175,7.2900000000,239,13.3660000000,10,22026
1022600170,1611661327,1642304,4990,-3.8260000000,3307,-4.7640000000,1111,-0.3900000000,355,-10.0470000000,217,3.0470000000,10,22026
1022600170,1611661330,1642801,182,-9.9690000000,20,-23.8200000000,141,-3.8460000000,7,-11.1290000000,14,-51.2640000000,10,22026
1022600170,1611661330,1642804,1213,4.7190000000,385,8.3260000000,713,-0.2430000000,6,100.0000000000,109,19.1900000000,10,22026
1022600170,1611661330,1643431,3998,2.1960000000,155,-17.5050000000,1097,-1.9120000000,201,2.0800000000,2545,5.1760000000,10,22026
1022600170,1611661327,1643436,2429,-2.3810000000,0,0.0000000000,980,-3.1170000000,143,3.7060000000,1306,-2.4960000000,10,22026
1022600170,1611661330,1643469,135,4.4270000000,0,0.0000000000,135,4.4270000000,0,0.0000000000,0,0.0000000000,10,22026
1022600170,1611661327,1643494,2722,1.7250000000,181,2.7130000000,1826,0.5010000000,10,-46.4800000000,705,5.3240000000,10,22026
1022600170,1611661327,1643506,2440,0.6180000000,1408,-1.3590000000,777,7.1550000000,155,-12.1140000000,100,-2.6120000000,10,22026
1022600172,1611661328,203828,2176,-4.2400000000,94,-9.7810000000,1808,-3.2680000000,7,-50.7860000000,267,-7.6480000000,10,22026
1022600172,1611661328,1629478,1931,-0.6860000000,140,0.7600000000,1689,-1.4720000000,18,0.2560000000,84,12.5080000000,10,22026
1022600172,1611661328,1629567,4463,2.0280000000,1628,4.6490000000,2167,-1.8660000000,320,-1.4680000000,348,17.2260000000,10,22026
1022600172,1611661322,1630446,4854,6.8240000000,197,-9.9590000000,3772,6.8950000000,45,-33.9310000000,840,12.6240000000,10,22026
1022600172,1611661322,1631022,6358,1.8790000000,782,0.8580000000,3027,-1.8490000000,432,-14.3050000000,2117,10.8890000000,10,22026
1022600172,1611661328,1631141,4511,-5.1160000000,1092,-7.1700000000,2856,-4.8750000000,124,-11.0730000000,439,0.1100000000,10,22026
1022600172,1611661328,1641651,2097,6.4050000000,136,-1.1710000000,1484,4.1480000000,30,-5.6430000000,447,17.0090000000,10,22026
1022600172,1611661328,1641660,1102,8.2520000000,124,12.7350000000,775,6.8410000000,91,19.9530000000,112,3.5490000000,10,22026
1022600172,1611661328,1642307,521,-0.5420000000,14,-13.2570000000,350,1.9770000000,37,-44.6410000000,120,7.1910000000,10,22026
1022600172,1611661322,1642781,1754,-4.0180000000,566,-6.8460000000,1021,-0.2180000000,70,-13.6500000000,97,-20.5670000000,10,22026
1022600172,1611661322,1642785,6694,17.0350000000,1044,13.3430000000,3992,16.0510000000,232,9.2580000000,1426,23.7560000000,10,22026
1022600172,1611661322,1642792,5620,-1.6720000000,597,-11.0100000000,2287,-6.3410000000,290,-8.0900000000,2446,5.7330000000,10,22026
1022600172,1611661328,1642798,3011,-4.9030000000,274,-20.5190000000,1778,-2.5250000000,87,-42.8620000000,872,-1.0590000000,10,22026
1022600172,1611661322,1642802,18,7.7280000000,0,0.0000000000,18,7.7280000000,0,0.0000000000,0,0.0000000000,10,22026
1022600172,1611661322,1643427,3425,3.7750000000,300,3.3560000000,1106,-1.1550000000,264,6.4850000000,1755,6.5470000000,10,22026
1022600172,1611661328,1643428,4281,2.4110000000,550,4.7730000000,3047,2.4990000000,228,-13.0870000000,456,6.7270000000,10,22026
1022600172,1611661322,1643430,2997,0.0660000000,510,-9.4730000000,1944,-1.7960000000,109,3.5110000000,434,18.7500000000,10,22026
1022600172,1611661328,1643443,4396,-0.5220000000,523,-3.8460000000,2570,-0.5550000000,195,6.3190000000,1108,-0.0800000000,10,22026
1022600172,1611661322,1643450,34,-0.5970000000,23,1.4830000000,11,-4.9450000000,0,0.0000000000,0,0.0000000000,10,22026
1022600172,1611661322,1643455,2251,-5.2870000000,459,-5.8220000000,1473,-5.3260000000,61,-45.0670000000,258,5.2930000000,10,22026
1022600172,1611661322,1643467,1955,-3.9330000000,130,-21.7250000000,1352,-2.3050000000,52,-4.3460000000,421,-3.6140000000,10,22026
1022600172,1611661322,1643644,4063,-2.5100000000,1491,-7.1990000000,1768,-0.1240000000,333,4.2840000000,471,-1.4220000000,10,22026
1022600174,1611661325,203024,251,1.3760000000,0,0.0000000000,196,-4.3570000000,0,0.0000000000,55,21.8050000000,10,22026
1022600174,1611661319,203833,5377,4.1040000000,1885,1.6780000000,2988,5.8010000000,155,-17.9410000000,349,12.4710000000,10,22026
1022600174,1611661319,203855,2326,1.5240000000,54,-19.2700000000,2057,1.7950000000,32,-27.8310000000,183,9.7560000000,10,22026
1022600174,1611661319,204319,4993,2.3950000000,409,-17.6830000000,3364,6.5490000000,88,-61.2730000000,1132,2.2520000000,10,22026
1022600174,1611661319,204323,826,-9.8730000000,35,6.5290000000,304,-7.8400000000,38,-32.7790000000,449,-10.5880000000,10,22026
1022600174,1611661325,1628881,3772,-9.2070000000,143,-15.5320000000,2415,-9.3050000000,46,-41.8110000000,1168,-6.9440000000,10,22026
1022600174,1611661325,1628899,48,-8.7350000000,0,0.0000000000,0,0.0000000000,0,0.0000000000,48,-8.7350000000,10,22026
1022600174,1611661325,1628909,4610,10.0390000000,1314,-1.1840000000,2450,17.1220000000,239,0.9390000000,607,9.3290000000,10,22026
1022600174,1611661319,1628932,5427,-5.6630000000,592,-9.0940000000,2352,-4.6770000000,509,-19.4760000000,1974,-2.2470000000,10,22026
1022600174,1611661325,1629482,3992,2.6080000000,347,-7.1240000000,3300,3.4640000000,29,-19.0100000000,316,6.3380000000,10,22026
1022600174,1611661319,1629488,1697,-4.1340000000,16,7.6310000000,807,-1.4050000000,8,-63.6750000000,866,-6.3440000000,10,22026
1022600174,1611661319,1629498,5708,2.5660000000,1551,-0.7730000000,3541,3.8770000000,298,-6.0070000000,318,12.2960000000,10,22026
1022600174,1611661325,1630112,4027,2.8530000000,1087,-5.5810000000,2561,5.3360000000,13,-11.7770000000,366,11.0400000000,10,22026
1022600174,1611661319,1630389,2785,-5.1050000000,987,-14.2020000000,1543,4.0570000000,76,-27.3090000000,179,-24.4850000000,10,22026
1022600174,1611661319,1631019,4115,-9.4200000000,150,-3.3920000000,1376,-8.7020000000,126,-28.8180000000,2463,-9.1950000000,10,22026
1022600174,1611661325,1631086,3192,-0.2470000000,84,-10.3370000000,2556,-0.0690000000,79,-22.2590000000,473,4.2610000000,10,22026
1022600174,1611661325,1641648,4448,-3.4150000000,638,-12.0860000000,2439,-0.9340000000,318,-22.1820000000,1053,1.7600000000,10,22026
1022600174,1611661325,1642286,3578,1.9310000000,1551,-1.2470000000,1491,6.9870000000,251,-17.3690000000,285,9.7790000000,10,22026
1022600174,1611661325,1642815,2823,-3.4880000000,33,-7.2270000000,1238,-9.7620000000,57,-29.4000000000,1495,2.7770000000,10,22026
1022600174,1611661325,1643433,646,11.0310000000,144,-0.8800000000,358,12.3280000000,42,2.6810000000,102,26.7300000000,10,22026
1022600174,1611661325,1643453,646,2.8050000000,0,0.0000000000,309,-4.9160000000,0,0.0000000000,337,9.8850000000,10,22026
1022600174,1611661319,1643495,2435,-0.3630000000,81,-3.0790000000,1764,1.7450000000,33,-73.5000000000,557,-2.3120000000,10,22026
1022600175,1611661320,203014,6078,-5.6680000000,940,-11.6350000000,3550,-6.6470000000,250,-5.7610000000,1338,1.1390000000,10,22026
1022600175,1611661320,204324,7079,-0.3460000000,450,-4.5840000000,4022,-3.3900000000,225,-4.0830000000,2382,5.9480000000,10,22026
1022600175,1611661320,204365,6110,-5.5250000000,2272,-10.3050000000,3200,-4.2030000000,303,-1.4320000000,335,10.5590000000,10,22026
1022600175,1611661320,1628242,2093,1.5430000000,104,-8.3830000000,1382,1.9480000000,0,0.0000000000,607,2.3230000000,10,22026
1022600175,1611661330,1628277,5878,6.1120000000,743,-4.5640000000,4700,7.3620000000,161,4.9120000000,274,14.3380000000,10,22026
1022600175,1611661320,1628878,6211,5.8970000000,837,-4.8560000000,4567,8.8240000000,138,-21.5960000000,669,5.0410000000,10,22026
1022600175,1611661330,1628886,6569,-14.7100000000,2791,-17.0630000000,2959,-12.9790000000,389,-21.5100000000,430,-5.1980000000,10,22026
1022600175,1611661320,1630148,1803,1.6370000000,151,-2.6530000000,1335,-1.4220000000,49,49.3040000000,268,10.5750000000,10,22026
1022600175,1611661320,1630461,1515,-6.9020000000,484,-9.8280000000,954,-3.3230000000,67,-34.9390000000,10,-18.9000000000,10,22026
1022600175,1611661320,1630996,6223,10.5740000000,968,3.5780000000,4395,12.8190000000,333,-8.3350000000,527,16.6500000000,10,22026
1022600175,1611661330,1631009,6269,15.0180000000,846,2.4990000000,4546,16.6220000000,164,16.9510000000,713,19.1960000000,10,22026
1022600175,1611661330,1631021,786,-7.7640000000,32,-16.7410000000,669,-9.3040000000,0,0.0000000000,85,7.7360000000,10,22026
1022600175,1611661330,1631044,5639,-1.2640000000,236,-27.2390000000,4260,-0.4430000000,73,-30.0030000000,1070,3.1570000000,10,22026
1022600175,1611661330,1642291,5873,-2.2000000000,449,-13.1890000000,2952,-7.3180000000,176,-15.6390000000,2296,7.5590000000,10,22026
1022600175,1611661320,1642293,380,4.1920000000,7,-42.6710000000,365,4.6120000000,0,0.0000000000,8,26.0500000000,10,22026
1022600175,1611661330,1642302,2530,-10.9770000000,239,-25.6290000000,2012,-9.2160000000,124,-34.8180000000,155,7.8350000000,10,22026
1022600175,1611661320,1642324,343,-1.7930000000,8,-29.7500000000,280,-4.7450000000,0,0.0000000000,55,17.3000000000,10,22026
1022600175,1611661330,1642804,592,-20.9380000000,372,-20.9020000000,185,-17.4660000000,26,-28.7960000000,9,-71.0890000000,10,22026
1022600175,1611661330,1643431,1669,-9.5240000000,157,-2.6610000000,541,-10.0650000000,183,-36.0520000000,788,-4.3580000000,10,22026
1022600175,1611661320,1643462,290,4.4930000000,39,-31.9100000000,246,9.6720000000,0,0.0000000000,5,33.6800000000,10,22026
1022600176,1611661317,201886,6068,-6.3810000000,369,-8.6210000000,4347,-9.3350000000,91,-8.7230000000,1261,4.6250000000,10,22026
1022600176,1611661324,203825,5921,9.4500000000,722,0.4200000000,4237,11.7860000000,75,4.3960000000,887,6.0720000000,10,22026
1022600176,1611661317,203826,6481,3.7670000000,1574,5.8960000000,2509,0.0170000000,461,13.2010000000,1937,4.6500000000,10,22026
1022600176,1611661324,203827,5847,4.0150000000,772,-5.6900000000,2385,4.7910000000,330,3.1290000000,2360,6.5300000000,10,22026
1022600176,1611661317,204468,713,-17.5330000000,62,-19.0650000000,466,-14.0020000000,20,-10.7100000000,165,-27.7580000000,10,22026
1022600176,1611661317,1627674,5518,3.4020000000,902,6.6700000000,3054,-0.8190000000,233,4.7670000000,1329,10.6460000000,10,22026
1022600176,1611661324,1627675,6255,0.4170000000,1252,0.3500000000,4245,-0.2850000000,137,8.1500000000,621,3.6440000000,10,22026
1022600176,1611661317,1628244,2861,5.2480000000,486,2.6720000000,1902,3.0230000000,21,10.3860000000,452,17.1400000000,10,22026
1022600176,1611661324,1628269,5230,-7.3910000000,339,-11.8910000000,4104,-7.8430000000,24,-20.8250000000,763,-2.5360000000,10,22026
1022600176,1611661324,1630471,854,0.2000000000,107,-4.5740000000,663,0.3590000000,16,-2.8190000000,68,6.8660000000,10,22026
1022600176,1611661317,1631118,1970,1.7990000000,486,9.3670000000,1202,-1.4270000000,42,2.8880000000,240,2.4390000000,10,22026
1022600176,1611661317,1642777,4989,1.7020000000,1570,7.7210000000,2951,-1.7680000000,141,-5.1820000000,327,7.0760000000,10,22026
1022600176,1611661324,1642797,389,-12.6980000000,14,-48.2430000000,143,-7.3000000000,5,-55.6200000000,227,-12.9600000000,10,22026
1022600176,1611661324,1643426,4713,-0.8360000000,1861,-3.2060000000,2286,2.0800000000,279,-11.5110000000,287,1.6960000000,10,22026
1022600176,1611661317,1643438,496,-2.6190000000,50,-24.0720000000,219,-4.5280000000,23,-2.8350000000,204,4.7140000000,10,22026
1022600176,1611661324,1643489,1666,0.7750000000,28,-20.8930000000,1379,-0.9900000000,0,0.0000000000,259,12.5150000000,10,22026
1022600176,1611661324,1643490,1720,-6.9640000000,453,-13.0770000000,1086,-6.1680000000,130,-4.9950000000,51,25.3510000000,10,22026
1022600176,1611661317,1643493,5565,5.3240000000,358,19.4410000000,4284,3.5180000000,97,5.1840000000,826,8.5890000000,10,22026
1022600177,1611661323,203398,5140,-0.7980000000,312,-2.0460000000,1614,-11.9770000000,244,17.9980000000,2970,3.8640000000,10,22026
1022600177,1611661327,1628317,710,7.8590000000,93,9.4200000000,487,6.8440000000,18,28.3610000000,112,7.6810000000,10,22026
1022600177,1611661327,1629484,4820,-4.8930000000,280,-19.9210000000,2973,-3.4920000000,99,-36.9210000000,1468,-2.7040000000,10,22026
1022600177,1611661327,1629524,4466,10.1400000000,407,0.3730000000,3261,14.0520000000,158,-19.7990000000,640,3.8100000000,10,22026
1022600177,1611661323,1629568,1946,-5.3360000000,86,-32.3310000000,1285,-4.7140000000,15,-43.3800000000,560,-1.5990000000,10,22026
1022600177,1611661327,1631083,4359,-18.8060000000,370,-16.7080000000,3099,-16.6310000000,253,-40.0570000000,637,-22.1610000000,10,22026
1022600177,1611661323,1631135,4473,1.0800000000,519,-4.9270000000,1773,2.4370000000,195,-1.3080000000,1986,1.6730000000,10,22026
1022600177,1611661323,1641649,5651,-6.2150000000,514,5.2750000000,4505,-7.6660000000,98,-7.7350000000,534,-4.7550000000,10,22026
1022600177,1611661323,1642290,1273,-0.4740000000,38,-7.9790000000,631,-0.8770000000,74,12.9690000000,530,-1.3330000000,10,22026
1022600177,1611661327,1642296,1697,5.4160000000,46,9.9740000000,1406,3.8480000000,29,30.3000000000,216,11.3080000000,10,22026
1022600177,1611661323,1642303,5096,5.2260000000,1983,0.9800000000,2416,6.9320000000,194,18.1160000000,503,8.8020000000,10,22026
1022600177,1611661327,1642304,5056,-5.2270000000,2613,-5.2270000000,1504,-1.3530000000,431,-21.3560000000,508,-3.0130000000,10,22026
1022600177,1611661327,1642782,3182,5.3920000000,325,-10.0550000000,2427,6.8250000000,82,-13.1840000000,348,14.1990000000,10,22026
1022600177,1611661327,1643436,1500,-13.0510000000,48,-10.6190000000,612,-21.2860000000,4,43.2750000000,836,-7.4310000000,10,22026
1022600177,1611661323,1643441,814,8.1290000000,30,-6.6800000000,189,12.5300000000,0,0.0000000000,595,7.4780000000,10,22026
1022600177,1611661323,1643448,1583,-11.4270000000,146,1.9920000000,1221,-14.4790000000,38,3.3000000000,178,-4.6460000000,10,22026
1022600177,1611661323,1643449,5140,4.5720000000,1620,6.8800000000,2965,3.3820000000,141,-14.6620000000,414,10.6140000000,10,22026
1022600177,1611661327,1643494,3760,-6.7270000000,129,-38.5390000000,2991,-8.4050000000,24,-65.9540000000,616,10.3910000000,10,22026
1022600177,1611661327,1643506,1451,-5.5160000000,687,-6.0070000000,594,-0.4090000000,114,-28.5080000000,56,-6.8710000000,10,22026
1022600178,1611661332,203405,2363,0.9870000000,120,11.0410000000,645,-5.4620000000,2,-37.4500000000,1596,2.8860000000,10,22026
1022600178,1611661332,204330,3725,-3.6320000000,325,-18.4670000000,2141,-6.6160000000,127,-13.6640000000,1132,7.3970000000,10,22026
1022600178,1611661332,1627700,5628,-13.0760000000,1772,-12.5820000000,3271,-12.8120000000,224,-27.9670000000,361,-8.6570000000,10,22026
1022600178,1611661332,1628915,1309,7.1240000000,119,3.7450000000,886,6.9440000000,74,36.5640000000,230,0.0920000000,10,22026
1022600178,1611661332,1629497,5155,23.1370000000,948,24.1530000000,2972,22.6280000000,263,27.3220000000,972,22.5710000000,10,22026
1022600178,1611661332,1629576,4946,3.7660000000,768,2.6480000000,3449,3.8610000000,230,-4.3600000000,499,8.5710000000,10,22026
1022600178,1611661322,1630446,5042,2.3660000000,412,-10.0770000000,3611,4.5130000000,88,-10.5760000000,931,0.7650000000,10,22026
1022600178,1611661322,1631022,5912,3.5190000000,693,-9.1390000000,2399,-0.0340000000,575,7.5770000000,2245,10.1830000000,10,22026
1022600178,1611661332,1631055,4216,-2.5630000000,590,-11.6710000000,2496,-3.5970000000,244,-9.2190000000,886,8.2490000000,10,22026
1022600178,1611661322,1642781,4831,-4.0880000000,1736,-9.4780000000,2550,-2.0180000000,148,-1.6660000000,397,5.2840000000,10,22026
1022600178,1611661322,1642785,6573,14.8280000000,873,-0.9760000000,4134,16.9820000000,227,13.8540000000,1339,18.6450000000,10,22026
1022600178,1611661322,1642792,5594,-0.5010000000,562,-9.4540000000,2747,-3.6080000000,341,-9.0810000000,1944,7.9820000000,10,22026
1022600178,1611661322,1642802,611,2.8670000000,179,-0.9990000000,305,3.7330000000,19,3.3740000000,108,6.7370000000,10,22026
1022600178,1611661332,1643420,4337,-0.9000000000,461,1.7520000000,2730,-3.8520000000,300,-3.9580000000,846,8.2670000000,10,22026
1022600178,1611661322,1643427,3362,14.0350000000,64,7.0440000000,906,4.9100000000,166,44.9880000000,2226,15.6420000000,10,22026
1022600178,1611661322,1643430,3239,-2.5470000000,570,-18.7390000000,2244,-0.5100000000,81,-15.2410000000,344,13.9800000000,10,22026
1022600178,1611661322,1643450,75,-4.0430000000,26,12.2540000000,49,-12.6900000000,0,0.0000000000,0,0.0000000000,10,22026
1022600178,1611661322,1643455,837,-4.4090000000,70,-1.0660000000,419,-5.4130000000,33,-28.8390000000,315,-1.2580000000,10,22026
1022600178,1611661332,1643457,171,4.9870000000,23,-18.3520000000,119,12.9880000000,0,0.0000000000,29,-9.3380000000,10,22026
1022600178,1611661322,1643467,1282,6.4850000000,48,-8.1330000000,1000,6.0340000000,14,-11.8290000000,220,12.8870000000,10,22026
1022600178,1611661322,1643644,2469,-3.9920000000,923,-7.1510000000,1070,-9.2290000000,124,8.6150000000,352,15.7720000000,10,22026
1022600178,1611661332,1643647,1992,-2.7200000000,144,-1.6240000000,1497,-4.6390000000,37,-3.4730000000,314,6.0110000000,10,22026
1022600179,1611661329,202664,6872,0.6180000000,2758,-2.3650000000,3320,2.6400000000,506,-1.7660000000,288,10.0690000000,10,22026
1022600179,1611661328,203828,2942,-2.6390000000,248,-0.5330000000,2052,-7.9420000000,4,-27.8500000000,638,13.7580000000,10,22026
1022600179,1611661329,204322,9830,1.3390000000,598,0.8950000000,3554,-1.0100000000,730,-8.3730000000,4948,4.5140000000,10,22026
1022600179,1611661329,204333,11374,-1.8730000000,3348,-4.0060000000,6710,-0.9990000000,316,-10.3560000000,1000,2.0820000000,10,22026
1022600179,1611661329,1627671,3446,2.8540000000,772,-5.1070000000,2474,4.7430000000,38,6.2210000000,162,11.1590000000,10,22026
1022600179,1611661329,1628922,11694,1.1410000000,1008,-1.0620000000,7498,-1.1500000000,622,0.2490000000,2566,8.9180000000,10,22026
1022600179,1611661328,1629478,6050,4.1570000000,590,-0.3970000000,4936,4.2920000000,40,-58.8600000000,484,13.5350000000,10,22026
1022600179,1611661328,1629567,10008,-1.5190000000,3040,-2.7030000000,5830,-2.1760000000,436,2.4170000000,702,6.6170000000,10,22026
1022600179,1611661329,1631064,6436,1.9280000000,554,-3.0670000000,4398,-0.5490000000,122,-17.0180000000,1362,13.6540000000,10,22026
1022600179,1611661328,1631141,7954,-4.6600000000,2026,-7.4910000000,4876,-2.8770000000,364,-13.7290000000,688,-4.1680000000,10,22026
1022600179,1611661328,1641651,5802,4.4540000000,386,-0.5590000000,4142,3.4260000000,240,3.9910000000,1034,10.5510000000,10,22026
1022600179,1611661328,1641660,1928,3.5790000000,98,-28.9270000000,1634,2.7670000000,62,33.9350000000,134,23.2180000000,10,22026
1022600179,1611661329,1642292,5050,6.7780000000,584,5.0820000000,3834,6.7050000000,152,17.0710000000,480,6.1670000000,10,22026
1022600179,1611661329,1642321,9046,-0.4630000000,1202,-2.2490000000,6968,-0.1820000000,280,-3.2970000000,596,1.1780000000,10,22026
1022600179,1611661328,1642798,9412,-4.4580000000,1038,0.1030000000,4388,-9.5030000000,642,-15.6700000000,3344,2.8980000000,10,22026
1022600179,1611661328,1643428,8790,6.1180000000,1788,6.3540000000,5788,4.2890000000,482,15.3290000000,732,13.9350000000,10,22026
1022600179,1611661328,1643443,9782,3.9910000000,720,-0.3900000000,5048,1.4300000000,360,1.5020000000,3654,8.6370000000,10,22026
1022600179,1611661329,1643447,6294,-1.4370000000,298,-4.8250000000,4856,-2.7820000000,130,-14.6340000000,1010,7.7320000000,10,22026
1022600180,1611661320,203014,5592,3.7950000000,775,7.1600000000,3082,-2.0360000000,176,27.6240000000,1559,10.9590000000,10,22026
1022600180,1611661324,203825,4995,14.4060000000,587,9.9220000000,3339,15.9030000000,109,-3.0610000000,960,13.9240000000,10,22026
1022600180,1611661324,203827,4935,-6.6260000000,544,-6.6820000000,2077,-8.2820000000,290,-29.1260000000,2024,-1.6880000000,10,22026
1022600180,1611661320,204324,5491,0.3850000000,461,6.5510000000,2980,-6.3200000000,209,16.1630000000,1841,7.9030000000,10,22026
1022600180,1611661320,204365,4931,0.6890000000,1757,1.8460000000,2552,-1.0950000000,245,9.2730000000,377,1.7980000000,10,22026
1022600180,1611661324,1627675,5536,3.0340000000,1307,-0.8400000000,3534,3.6050000000,165,-10.2250000000,530,12.9050000000,10,22026
1022600180,1611661324,1628269,4714,0.1050000000,318,-11.9310000000,3350,1.0980000000,15,-55.7330000000,1031,1.4010000000,10,22026
1022600180,1611661320,1628878,5924,0.3460000000,626,0.0990000000,3960,-3.2180000000,152,13.8090000000,1186,10.6500000000,10,22026
1022600180,1611661320,1630148,1406,1.3500000000,33,3.5910000000,1131,-3.6030000000,16,43.6750000000,226,22.8170000000,10,22026
1022600180,1611661320,1630461,2242,-2.0540000000,651,4.8020000000,1381,-4.8560000000,32,-4.9060000000,178,-4.8750000000,10,22026
1022600180,1611661324,1630471,1170,-5.4760000000,217,-10.5880000000,817,-4.8780000000,19,12.2890000000,117,-3.0580000000,10,22026
1022600180,1611661320,1630996,5709,4.2570000000,883,7.2860000000,3979,1.9630000000,374,28.5250000000,473,-1.2920000000,10,22026
1022600180,1611661320,1642287,2571,-0.7290000000,298,5.9310000000,1547,-5.5710000000,108,12.3800000000,618,5.8900000000,10,22026
1022600180,1611661324,1642797,2895,-9.6690000000,180,-8.8970000000,1596,-15.0940000000,101,-28.4880000000,1018,0.5680000000,10,22026
1022600180,1611661324,1642820,617,-4.0560000000,0,0.0000000000,217,-8.2400000000,12,-38.6580000000,388,-0.6460000000,10,22026
1022600180,1611661324,1643426,4487,-2.0190000000,2090,-6.3920000000,1765,2.2140000000,291,-1.7190000000,341,2.6070000000,10,22026
1022600180,1611661320,1643462,245,-4.5590000000,11,17.4820000000,215,-12.0990000000,9,61.2110000000,10,74.1100000000,10,22026
1022600180,1611661324,1643489,2426,-0.4410000000,65,13.0940000000,2002,-0.9720000000,0,0.0000000000,359,0.0700000000,10,22026
1022600180,1611661324,1643490,1183,-7.2210000000,218,-21.7240000000,821,-3.8560000000,71,0.8580000000,73,-9.6160000000,10,22026
1022600181,1611661331,203026,4484,5.6180000000,1125,4.7720000000,3017,6.8650000000,33,-6.9670000000,309,-2.1370000000,10,22026
1022600181,1611661331,203866,6582,-4.9450000000,356,-19.6910000000,5351,-3.2010000000,84,-11.7830000000,791,-9.3770000000,10,22026
1022600181,1611661331,204329,4965,-7.2620000000,415,-17.3850000000,2883,-8.1250000000,33,-9.5850000000,1634,-3.1230000000,10,22026
1022600181,1611661331,1628508,3787,5.4750000000,544,-4.1350000000,2986,8.1320000000,71,-10.5100000000,186,-2.9700000000,10,22026
1022600181,1611661325,1628881,4582,-4.4950000000,101,-8.6530000000,1839,-5.7780000000,222,-14.0870000000,2420,-2.4670000000,10,22026
1022600181,1611661325,1628899,144,12.3990000000,0,0.0000000000,144,12.3990000000,0,0.0000000000,0,0.0000000000,10,22026
1022600181,1611661325,1628909,4986,7.8020000000,1449,1.2570000000,2615,12.1490000000,308,1.2870000000,614,8.0030000000,10,22026
1022600181,1611661331,1628931,5979,-1.0620000000,1172,-1.0930000000,4173,-0.4540000000,252,-4.4470000000,382,-5.3770000000,10,22026
1022600181,1611661325,1629482,3330,1.6970000000,303,1.8310000000,2626,0.4370000000,14,21.4500000000,387,9.4250000000,10,22026
1022600181,1611661331,1630097,2292,-1.3760000000,125,-4.3650000000,1898,-1.2380000000,24,-39.4620000000,245,2.8180000000,10,22026
1022600181,1611661325,1630112,3114,2.3380000000,637,-0.5150000000,1999,0.9100000000,47,4.8550000000,431,12.9060000000,10,22026
1022600181,1611661331,1631007,6806,4.3620000000,2209,3.2930000000,3683,6.8170000000,347,-13.0640000000,567,3.2480000000,10,22026
1022600181,1611661325,1631086,3887,0.6200000000,133,-14.1860000000,3235,-1.0960000000,58,19.2290000000,461,14.5960000000,10,22026
1022600181,1611661325,1641648,3322,-10.0660000000,312,-12.4210000000,1876,-10.0250000000,323,-31.8990000000,811,-0.5610000000,10,22026
1022600181,1611661331,1641656,542,-14.5920000000,125,-23.2500000000,141,-16.1620000000,12,-11.3080000000,264,-9.8030000000,10,22026
1022600181,1611661325,1642286,3570,13.3260000000,1515,10.9730000000,1571,15.3480000000,307,13.6680000000,177,14.9330000000,10,22026
1022600181,1611661331,1642767,4453,-5.7510000000,298,-4.0680000000,2992,-6.5650000000,73,-31.6490000000,1090,-2.2400000000,10,22026
1022600181,1611661325,1642815,2006,-9.0860000000,8,-52.1250000000,1050,-17.0180000000,41,23.5660000000,907,-1.0000000000,10,22026
1022600181,1611661331,1642822,1465,-12.1090000000,902,-15.7830000000,478,-2.2370000000,71,-32.2970000000,14,-10.0070000000,10,22026
1022600181,1611661325,1643433,34,-20.5820000000,21,-8.7620000000,2,14.7500000000,11,-49.5730000000,0,0.0000000000,10,22026
1022600181,1611661325,1643453,32,-19.4620000000,0,0.0000000000,32,-19.4620000000,0,0.0000000000,0,0.0000000000,10,22026
1022600182,1611661327,1628317,2160,0.6020000000,157,-1.6040000000,1656,0.4070000000,16,-100.0000000000,331,7.4850000000,10,22026
1022600182,1611661327,1629524,4314,9.2570000000,442,3.3190000000,2834,10.1730000000,166,-8.0830000000,872,12.5890000000,10,22026
1022600182,1611661327,1630143,2956,-5.8250000000,151,-10.1680000000,2066,-6.3610000000,14,-31.0210000000,725,-2.9070000000,10,22026
1022600182,1611661322,1630446,4454,-0.3190000000,274,4.0540000000,3404,-3.5590000000,172,27.5020000000,604,8.0350000000,10,22026
1022600182,1611661322,1631022,5337,7.9280000000,726,3.2930000000,2276,2.2310000000,499,20.9670000000,1836,13.2800000000,10,22026
1022600182,1611661327,1631083,3720,-4.1390000000,157,-12.7200000000,2749,-4.0030000000,74,-12.3920000000,740,-2.0000000000,10,22026
1022600182,1611661327,1641683,715,-13.6240000000,129,-7.5560000000,537,-11.0640000000,0,0.0000000000,49,-57.6590000000,10,22026
1022600182,1611661327,1642296,2772,3.2870000000,38,-42.9000000000,1826,1.6340000000,0,0.0000000000,908,8.5460000000,10,22026
1022600182,1611661327,1642304,3781,-4.3170000000,1926,-6.9470000000,1236,-0.3900000000,313,-18.1390000000,306,10.5200000000,10,22026
1022600182,1611661322,1642781,3248,5.1390000000,940,0.8580000000,1412,2.8250000000,185,2.5610000000,711,16.0670000000,10,22026
1022600182,1611661327,1642782,5416,3.0620000000,482,-14.1680000000,3810,5.1860000000,201,-20.5070000000,923,8.4210000000,10,22026
1022600182,1611661322,1642785,5303,8.4080000000,1172,12.1940000000,3223,3.4270000000,299,24.8540000000,609,19.4090000000,10,22026
1022600182,1611661322,1642792,4392,2.0220000000,328,-0.0830000000,2139,-2.5860000000,165,15.9840000000,1760,6.7060000000,10,22026
1022600182,1611661322,1642802,330,1.1230000000,27,10.4560000000,252,-0.2410000000,0,0.0000000000,51,2.9220000000,10,22026
1022600182,1611661322,1643427,252,7.2630000000,13,25.1770000000,51,-17.2270000000,0,0.0000000000,188,12.6690000000,10,22026
1022600182,1611661322,1643430,68,7.4000000000,0,0.0000000000,37,-4.7970000000,3,-7.3670000000,28,25.1000000000,10,22026
1022600182,1611661327,1643436,4294,-3.8420000000,94,5.1050000000,1875,-7.9170000000,149,-20.5790000000,2176,0.4300000000,10,22026
1022600182,1611661322,1643450,330,-9.5030000000,118,-0.8210000000,183,-12.5310000000,29,-25.7210000000,0,0.0000000000,10,22026
1022600182,1611661322,1643455,1188,-3.1910000000,35,19.6310000000,574,-1.7830000000,0,0.0000000000,579,-5.9660000000,10,22026
1022600182,1611661322,1643467,2361,0.4800000000,152,6.2160000000,1843,-2.5390000000,59,40.8750000000,307,7.9980000000,10,22026
1022600182,1611661327,1643494,1882,-13.8480000000,189,-18.0410000000,1456,-12.7810000000,60,-43.8030000000,177,-7.9940000000,10,22026
1022600182,1611661327,1643506,3300,-10.0230000000,2081,-9.0120000000,858,-14.6000000000,223,-3.0730000000,138,-8.0390000000,10,22026
1022600182,1611661322,1643644,2526,5.0400000000,660,12.2000000000,1456,2.0210000000,136,1.3930000000,274,5.6460000000,10,22026
1022600183,NULL,202252,828,0.5150000000,107,-19.3860000000,503,2.3100000000,13,-4.1620000000,205,6.7930000000,10,22026
1022600183,NULL,203822,2458,8.7210000000,65,4.1770000000,1579,7.6860000000,8,-46.6880000000,806,11.6630000000,10,22026
1022600183,NULL,203824,3303,-4.8590000000,1073,-14.1140000000,2014,-1.6470000000,62,11.6260000000,154,10.9720000000,10,22026
1022600183,NULL,204296,5602,2.3830000000,218,-1.5520000000,4133,3.3200000000,96,-23.9600000000,1155,1.9620000000,10,22026
1022600183,NULL,1627668,7275,-0.7040000000,1070,-10.0710000000,3468,-1.7960000000,488,-16.3280000000,2249,8.8280000000,10,22026
1022600183,NULL,1627673,5901,-0.5490000000,514,-1.4270000000,3368,0.5230000000,368,-22.0380000000,1651,2.3270000000,10,22026
1022600183,NULL,1629477,6173,-1.8840000000,1673,-13.3060000000,2917,6.5040000000,411,-11.8650000000,1172,-2.9570000000,10,22026
1022600183,NULL,1629481,7264,0.8960000000,1543,-3.7400000000,4690,2.0240000000,445,-3.0140000000,586,7.0390000000,10,22026
1022600183,NULL,1629491,7133,-3.0810000000,933,-10.0260000000,2471,-3.1060000000,346,-4.8820000000,3383,-0.9630000000,10,22026
1022600183,NULL,1629566,1910,1.0640000000,165,-6.9680000000,1082,1.0390000000,0,0.0000000000,663,3.1030000000,10,22026
1022600183,NULL,1629574,3202,-1.5280000000,70,-7.8970000000,1110,-11.4270000000,60,17.4530000000,1962,3.7190000000,10,22026
1022600183,NULL,1630134,3983,-10.1570000000,1525,-17.3990000000,2268,-5.6540000000,76,-1.2970000000,114,-8.7770000000,10,22026
1022600183,NULL,1630384,467,7.9080000000,67,24.6090000000,128,9.2980000000,49,13.5570000000,223,0.8510000000,10,22026
1022600183,NULL,1630386,4613,-5.6080000000,338,-18.6590000000,2700,-7.7130000000,110,-21.4250000000,1465,2.4700000000,10,22026
1022600183,NULL,1630469,4324,0.7270000000,1308,-11.9560000000,2038,2.7260000000,159,-0.5010000000,819,16.2450000000,10,22026
1022600183,NULL,1631136,4460,-7.0830000000,836,-19.5090000000,2905,-2.0830000000,227,-29.1420000000,492,-5.3090000000,10,22026
1022600183,NULL,1641652,1919,-4.9060000000,89,-29.9990000000,1185,-8.3080000000,61,15.9930000000,584,3.6400000000,10,22026
1022600183,NULL,1642793,1331,6.0060000000,152,-8.8220000000,852,7.4450000000,113,5.9380000000,214,10.8460000000,10,22026
1022600183,NULL,1643425,7861,8.7660000000,918,-2.2160000000,4982,9.2140000000,241,11.2150000000,1720,12.9880000000,10,22026
1022600184,1611661325,203024,1266,-3.4530000000,38,4.1580000000,863,-3.5160000000,28,-24.4430000000,337,-2.4060000000,10,22026
1022600184,1611661328,203828,429,-4.8340000000,9,6.6560000000,222,-2.0940000000,28,-19.2000000000,170,-6.6550000000,10,22026
1022600184,1611661325,1628881,5080,1.7870000000,511,-5.3690000000,2291,5.5380000000,164,-11.7030000000,2114,0.4990000000,10,22026
1022600184,1611661325,1628899,1034,-6.3390000000,132,-5.3480000000,587,-11.0740000000,35,-7.5630000000,280,3.2740000000,10,22026
1022600184,1611661325,1628909,5344,12.9160000000,666,5.7970000000,3601,14.8740000000,234,0.7160000000,843,13.5630000000,10,22026
1022600184,1611661328,1629478,3135,1.9310000000,227,-4.5180000000,2464,3.1610000000,33,-46.1520000000,411,1.9800000000,10,22026
1022600184,1611661325,1629482,3837,5.8500000000,107,-11.6550000000,3268,5.2280000000,3,-81.2330000000,459,14.9280000000,10,22026
1022600184,1611661328,1629567,4522,1.0050000000,1300,1.3830000000,2682,4.0260000000,217,-35.2150000000,323,-1.2690000000,10,22026
1022600184,1611661325,1630112,1955,-0.3150000000,831,-1.9700000000,967,-2.9120000000,24,42.4080000000,133,21.1970000000,10,22026
1022600184,1611661325,1631086,2268,2.3700000000,129,-22.8910000000,1688,1.5320000000,55,-2.7730000000,396,14.8820000000,10,22026
1022600184,1611661328,1631141,4932,3.8480000000,1546,1.6180000000,2703,5.1090000000,208,-10.2460000000,475,10.1010000000,10,22026
1022600184,1611661328,1641651,2686,-0.2930000000,83,-28.3460000000,1475,0.9010000000,102,-18.7210000000,1026,2.0920000000,10,22026
1022600184,1611661328,1641660,824,7.0910000000,38,17.9710000000,721,4.4990000000,0,0.0000000000,65,29.4740000000,10,22026
1022600184,1611661325,1642286,4861,5.6220000000,2223,5.4100000000,1835,8.5120000000,529,-5.4880000000,274,9.4470000000,10,22026
1022600184,1611661328,1642798,4533,-8.9970000000,574,-7.5690000000,2673,-9.0490000000,286,-30.7590000000,1000,-3.4550000000,10,22026
1022600184,1611661325,1642815,4954,-10.2890000000,91,-5.2800000000,2546,-11.3890000000,177,-32.9520000000,2140,-7.3200000000,10,22026
1022600184,1611661328,1643428,4971,-1.1710000000,608,-4.5790000000,3798,-0.5340000000,241,4.6020000000,324,-6.5360000000,10,22026
1022600184,1611661325,1643433,552,-8.8220000000,203,-19.8670000000,166,-11.3540000000,60,2.7130000000,123,7.1940000000,10,22026
1022600184,1611661328,1643443,5048,-1.9920000000,629,-5.4220000000,3021,-2.2130000000,87,-2.3230000000,1311,0.1860000000,10,22026
1022600185,1611661332,203405,92,3.8860000000,0,0.0000000000,62,13.8740000000,0,0.0000000000,30,-16.7570000000,10,22026
1022600185,1611661332,204330,3542,-6.7080000000,360,-13.0010000000,1824,-3.1500000000,183,-15.5570000000,1175,-8.9250000000,10,22026
1022600185,1611661332,1627700,5581,-4.1110000000,2040,-11.2380000000,3284,1.3180000000,132,-32.0610000000,125,-0.9200000000,10,22026
1022600185,1611661332,1627701,2832,-5.1770000000,108,-7.9810000000,1757,-8.2470000000,150,-9.6530000000,817,2.6180000000,10,22026
1022600185,1611661330,1628277,6218,0.2810000000,707,-11.4590000000,5015,0.8780000000,165,10.9930000000,331,10.9590000000,10,22026
1022600185,1611661330,1628278,269,4.7800000000,0,0.0000000000,265,4.7480000000,0,0.0000000000,4,6.8750000000,10,22026
1022600185,1611661330,1628280,2628,11.0080000000,155,-4.5820000000,844,1.5310000000,142,28.0700000000,1487,16.3830000000,10,22026
1022600185,1611661330,1628886,6789,-11.0410000000,2454,-15.7230000000,3359,-9.7090000000,505,-4.3460000000,471,-3.3280000000,10,22026
1022600185,1611661332,1628915,2753,2.8490000000,256,-5.5320000000,2239,3.5360000000,31,-23.8160000000,227,9.1650000000,10,22026
1022600185,1611661332,1629497,5343,13.1730000000,1044,-0.4210000000,3237,18.6020000000,324,-3.9270000000,738,16.0960000000,10,22026
1022600185,1611661332,1629576,5365,0.5850000000,791,-13.6820000000,3782,4.7390000000,119,-22.2900000000,673,-1.9460000000,10,22026
1022600185,1611661330,1631009,6526,8.1350000000,1493,2.1420000000,4131,8.6370000000,228,7.9140000000,674,18.4070000000,10,22026
1022600185,1611661330,1631021,269,18.0200000000,0,0.0000000000,247,16.5400000000,0,0.0000000000,22,34.6450000000,10,22026
1022600185,1611661330,1631044,5441,2.5180000000,291,-9.2680000000,3768,1.7330000000,107,2.5790000000,1275,7.5250000000,10,22026
1022600185,1611661332,1631055,3295,-7.8340000000,553,-14.8490000000,1978,-5.9010000000,187,-26.4480000000,577,-1.7040000000,10,22026
1022600185,1611661330,1642291,6892,9.0960000000,354,-15.0410000000,2278,3.7220000000,310,8.1410000000,3950,14.4340000000,10,22026
1022600185,1611661330,1642302,4219,-0.8480000000,731,-2.6600000000,3101,-1.8350000000,127,-3.1780000000,260,17.1520000000,10,22026
1022600185,1611661330,1642320,1722,-10.0380000000,532,-12.9800000000,1101,-9.9190000000,48,-8.8370000000,41,23.5270000000,10,22026
1022600185,1611661330,1642801,392,45.0940000000,0,0.0000000000,236,57.3310000000,0,0.0000000000,156,26.5810000000,10,22026
1022600185,1611661332,1643420,4492,-0.7920000000,210,-3.4110000000,2993,-1.3530000000,120,-22.8570000000,1169,3.3770000000,10,22026
1022600185,1611661330,1643431,1166,20.4280000000,139,86.9470000000,260,5.4150000000,23,75.6700000000,744,11.5380000000,10,22026
1022600185,1611661332,1643445,90,-24.9580000000,32,-28.9380000000,44,-16.6320000000,0,0.0000000000,14,-42.0290000000,10,22026
1022600185,1611661332,1643457,54,4.5700000000,0,0.0000000000,53,4.3230000000,0,0.0000000000,1,17.7000000000,10,22026
1022600185,1611661332,1643647,365,-6.9410000000,76,-6.1300000000,178,-7.9290000000,20,-6.2300000000,91,-5.8420000000,10,22026
1022600186,1611661329,202664,5514,-3.2490000000,1324,-15.5060000000,3452,-0.6130000000,217,-11.6200000000,521,13.9230000000,10,22026
1022600186,1611661320,203014,6009,0.9240000000,670,-1.2260000000,3418,-5.0620000000,276,-2.9480000000,1645,14.8880000000,10,22026
1022600186,1611661329,204322,2601,6.3910000000,174,-3.4640000000,1226,9.0780000000,156,1.6980000000,1045,5.5810000000,10,22026
1022600186,1611661320,204324,4738,-4.3630000000,557,-14.7040000000,2338,-7.4540000000,283,-10.7370000000,1560,5.1180000000,10,22026
1022600186,1611661329,204333,5865,-6.5100000000,1718,-9.7700000000,3239,-5.7110000000,257,-8.9570000000,651,-0.9180000000,10,22026
1022600186,1611661320,204365,6001,-4.3870000000,2139,-3.1360000000,3394,-5.7840000000,260,3.1980000000,208,-3.9430000000,10,22026
1022600186,1611661329,1627671,293,1.5540000000,113,-12.0020000000,143,16.1470000000,27,-15.2070000000,10,-8.6900000000,10,22026
1022600186,1611661320,1628242,394,5.0560000000,11,25.1360000000,254,-5.0190000000,0,0.0000000000,129,23.1810000000,10,22026
1022600186,1611661320,1628878,6108,-3.8180000000,513,-5.3410000000,4637,-4.4090000000,122,15.7890000000,836,-2.4680000000,10,22026
1022600186,1611661329,1628922,4973,6.8670000000,549,3.3050000000,3017,3.4230000000,371,-8.7180000000,1036,24.3660000000,10,22026
1022600186,1611661329,1630096,164,8.6050000000,5,-49.2400000000,130,6.1860000000,29,29.4210000000,0,0.0000000000,10,22026
1022600186,1611661320,1630148,1139,-1.5650000000,69,0.2070000000,901,-3.8860000000,24,19.4830000000,145,8.5300000000,10,22026
1022600186,1611661320,1630996,6138,0.8800000000,860,-3.4400000000,4261,1.4650000000,353,3.6470000000,664,1.2510000000,10,22026
1022600186,1611661329,1631064,365,-8.9020000000,34,6.7880000000,303,-9.2400000000,0,0.0000000000,28,-24.3070000000,10,22026
1022600186,1611661320,1642287,2460,-6.8950000000,167,-2.0420000000,1494,-9.6940000000,99,-9.2400000000,700,-1.7460000000,10,22026
1022600186,1611661329,1642289,3481,5.6820000000,108,-8.8000000000,1082,-1.1770000000,165,22.0640000000,2126,8.6370000000,10,22026
1022600186,1611661329,1642292,1319,5.4000000000,88,-13.0240000000,1119,8.0980000000,22,-19.4140000000,90,-4.0630000000,10,22026
1022600186,1611661329,1642321,3731,3.8570000000,297,2.3370000000,3099,1.6380000000,38,-1.0740000000,297,29.1640000000,10,22026
1022600186,1611661320,1642324,228,3.1810000000,21,-1.7240000000,207,3.6780000000,0,0.0000000000,0,0.0000000000,10,22026
1022600186,1611661329,1642786,280,-8.1740000000,0,0.0000000000,265,-6.8320000000,0,0.0000000000,15,-31.8800000000,10,22026
1022600186,1611661329,1643447,1447,-4.4740000000,182,-8.6600000000,745,-7.3400000000,125,-10.8780000000,395,4.8860000000,10,22026
1022600186,1611661320,1643462,1492,-3.2320000000,467,-5.2600000000,796,-2.7630000000,68,-30.1810000000,161,11.7160000000,10,22026
1022600187,1611661317,201886,2936,6.0220000000,210,-13.0960000000,1879,5.4800000000,100,-36.8020000000,747,18.4930000000,10,22026
1022600187,1611661323,203398,2215,11.5780000000,138,-6.7310000000,512,-7.6900000000,169,39.2690000000,1396,17.1030000000,10,22026
1022600187,1611661317,203826,3424,-2.1460000000,630,-9.4840000000,1375,-1.6240000000,201,-13.3080000000,1218,2.9020000000,10,22026
1022600187,1611661317,204468,2005,-1.6470000000,299,-3.8190000000,1375,0.0810000000,77,-33.3400000000,254,1.1630000000,10,22026
1022600187,1611661317,1627674,3177,5.0490000000,446,-4.1770000000,2014,7.4700000000,221,6.7290000000,496,2.7660000000,10,22026
1022600187,1611661317,1628244,1570,5.6020000000,270,-2.4920000000,1078,6.9370000000,43,-0.7440000000,179,11.2960000000,10,22026
1022600187,1611661323,1629568,2834,-1.7670000000,472,-7.0020000000,2064,1.8460000000,15,2.1270000000,283,-19.5890000000,10,22026
1022600187,1611661317,1631118,2108,-2.5220000000,569,-1.4360000000,1310,-2.1290000000,124,-21.4060000000,105,8.9900000000,10,22026
1022600187,1611661323,1631135,939,-2.1960000000,21,-12.4520000000,223,-7.4210000000,136,13.3860000000,559,-3.5170000000,10,22026
1022600187,1611661323,1641649,1361,1.3110000000,189,-20.6870000000,1057,4.2430000000,22,21.9550000000,93,7.8090000000,10,22026
1022600187,1611661323,1642290,1987,1.0030000000,219,-0.9050000000,766,-5.6950000000,118,-15.6900000000,884,9.5080000000,10,22026
1022600187,1611661323,1642303,2035,-5.1390000000,599,-9.6200000000,1165,-6.0330000000,64,11.7830000000,207,7.6290000000,10,22026
1022600187,1611661317,1642777,1414,3.9510000000,337,4.7550000000,837,4.3310000000,38,-13.3210000000,202,4.2870000000,10,22026
1022600187,1611661323,1642809,1050,-7.4580000000,163,-20.3090000000,856,-4.8230000000,31,-12.6350000000,0,0.0000000000,10,22026
1022600187,1611661323,1643429,683,15.3040000000,134,9.0950000000,439,20.6640000000,29,13.7210000000,81,-2.9070000000,10,22026
1022600187,1611661317,1643438,425,-10.4970000000,124,-6.7970000000,247,-11.1830000000,0,0.0000000000,54,-15.8590000000,10,22026
1022600187,1611661323,1643441,683,18.2630000000,18,-5.3000000000,164,48.4910000000,43,28.1300000000,458,7.4380000000,10,22026
1022600187,1611661323,1643448,683,-2.6750000000,25,15.1440000000,577,-3.1830000000,7,1.2570000000,74,-5.1030000000,10,22026
1022600187,1611661323,1643449,2562,4.2700000000,707,4.7440000000,1339,2.3710000000,92,8.2540000000,424,8.6110000000,10,22026
1022600187,1611661317,1643493,2166,1.4640000000,141,-12.2130000000,1558,-1.6640000000,4,9.9750000000,463,16.0830000000,10,22026
1022600188,1611661313,203822,1,-90.8000000000,0,0.0000000000,1,-90.8000000000,0,0.0000000000,0,0.0000000000,10,22026
1022600188,1611661313,204296,3780,4.4280000000,395,-6.3980000000,2700,5.6500000000,14,4.7710000000,671,5.8760000000,10,22026
1022600188,1611661313,1627668,5923,-3.7140000000,873,-11.2130000000,2923,-2.7620000000,266,-24.1670000000,1861,1.2320000000,10,22026
1022600188,1611661313,1627673,4916,-3.6830000000,443,-3.5120000000,2845,-4.7070000000,148,-37.3740000000,1480,1.6040000000,10,22026
1022600188,1611661325,1628881,2586,-4.4560000000,69,-17.3520000000,978,-10.5130000000,43,-25.8530000000,1496,0.7140000000,10,22026
1022600188,1611661325,1628899,2146,-7.8310000000,163,-17.1000000000,1226,-9.8910000000,22,-8.0090000000,735,-2.3350000000,10,22026
1022600188,1611661325,1628909,4104,3.2610000000,839,-4.3600000000,2424,5.9060000000,178,-7.5570000000,663,6.1390000000,10,22026
1022600188,1611661313,1629477,6397,3.9140000000,1415,-6.8800000000,3001,8.0910000000,306,-11.3050000000,1675,8.3300000000,10,22026
1022600188,1611661325,1629482,2943,8.8300000000,73,-8.8840000000,2334,9.9570000000,9,1.4000000000,527,6.4200000000,10,22026
1022600188,1611661313,1629546,3116,2.6690000000,537,-2.3940000000,1957,3.4180000000,53,0.3940000000,569,5.0810000000,10,22026
1022600188,1611661313,1629566,2519,-3.1290000000,130,2.0720000000,1441,-4.0920000000,114,-22.7280000000,834,0.4020000000,10,22026
1022600188,1611661325,1630112,3441,-9.4170000000,1545,-14.1980000000,1544,-3.6450000000,199,-26.5520000000,153,2.9010000000,10,22026
1022600188,1611661313,1630142,1,-100.0000000000,1,-100.0000000000,0,0.0000000000,0,0.0000000000,0,0.0000000000,10,22026
1022600188,1611661313,1630149,1,-100.0000000000,0,0.0000000000,1,-100.0000000000,0,0.0000000000,0,0.0000000000,10,22026
1022600188,1611661313,1630384,1574,-8.5660000000,78,-26.8100000000,822,-4.0520000000,56,-48.6320000000,618,-8.6370000000,10,22026
1022600188,1611661313,1630469,2753,1.8990000000,1083,2.2770000000,1372,3.7050000000,86,-11.7130000000,212,-6.2030000000,10,22026
1022600188,1611661313,1630993,2645,2.0510000000,132,-4.9520000000,1945,3.4650000000,88,2.8860000000,480,-1.9090000000,10,22026
1022600188,1611661325,1631086,2994,2.8240000000,168,-4.3720000000,2229,0.3630000000,108,19.1930000000,489,12.8990000000,10,22026
1022600188,1611661313,1631136,3908,0.0930000000,1010,-0.5140000000,1957,1.5570000000,266,-8.9670000000,675,0.3260000000,10,22026
1022600188,1611661325,1641648,3368,-8.2130000000,291,-19.6920000000,2136,-11.3990000000,136,2.3980000000,805,2.5950000000,10,22026
1022600188,1611661325,1642286,3749,-3.5160000000,1555,-1.5360000000,1198,-1.9710000000,392,-15.8880000000,604,-3.6520000000,10,22026
1022600188,1611661325,1642815,3204,-0.9090000000,19,21.0160000000,1558,-5.9280000000,27,-18.6560000000,1600,4.0180000000,10,22026
1022600188,1611661325,1643433,809,5.0540000000,26,3.2350000000,553,3.7270000000,26,-4.9540000000,204,10.1580000000,10,22026
1022600189,1611661324,203825,4892,3.1640000000,481,15.9090000000,3756,0.5290000000,120,-2.7510000000,535,11.5340000000,10,22026
1022600189,1611661324,203827,3852,-3.0520000000,276,-6.0130000000,1588,2.2330000000,171,1.5310000000,1817,-7.6520000000,10,22026
1022600189,1611661324,1627675,5382,-6.0020000000,1184,0.1730000000,3609,-6.8250000000,142,-16.1870000000,447,-12.4810000000,10,22026
1022600189,1611661324,1628269,2991,-11.6410000000,140,0.8840000000,2228,-13.3050000000,68,-2.2380000000,555,-9.2720000000,10,22026
1022600189,1611661327,1629524,4886,2.5390000000,436,7.5400000000,3787,1.0760000000,86,6.3420000000,577,7.7920000000,10,22026
1022600189,1611661327,1630143,2126,-2.2070000000,105,-1.5020000000,1528,-5.7090000000,62,6.4390000000,431,8.7930000000,10,22026
1022600189,1611661324,1630471,337,-5.5180000000,14,4.7210000000,308,-6.9430000000,15,14.1730000000,0,0.0000000000,10,22026
1022600189,1611661327,1631083,4403,-9.2170000000,411,-5.2090000000,2836,-12.1580000000,267,9.1300000000,889,-7.2010000000,10,22026
1022600189,1611661324,1641657,3214,-8.1620000000,319,-3.6800000000,1997,-7.9520000000,153,-21.1760000000,745,-7.9720000000,10,22026
1022600189,1611661327,1642296,1672,-8.7480000000,14,-3.8000000000,1077,-10.0510000000,21,24.0900000000,560,-7.5990000000,10,22026
1022600189,1611661327,1642304,4857,-0.6620000000,2430,3.1530000000,1744,-5.3130000000,402,5.0420000000,281,-12.9420000000,10,22026
1022600189,1611661327,1642782,6070,8.8110000000,527,19.5770000000,4071,3.5270000000,211,30.6920000000,1261,17.7070000000,10,22026
1022600189,1611661324,1642797,1301,4.5970000000,10,2.1600000000,591,8.5710000000,27,33.5810000000,673,-0.0200000000,10,22026
1022600189,1611661324,1643426,5272,9.9570000000,2073,13.8220000000,2461,7.7430000000,452,10.9020000000,286,-0.5070000000,10,22026
1022600189,1611661327,1643436,5040,-7.8310000000,787,-1.4220000000,2284,-10.1470000000,273,-15.6120000000,1696,-6.4320000000,10,22026
1022600189,1611661324,1643489,1377,-14.2330000000,104,16.6250000000,1148,-14.0300000000,5,6.3200000000,120,-43.7780000000,10,22026
1022600189,1611661324,1643490,212,2.0960000000,31,0.6260000000,174,2.7020000000,0,0.0000000000,7,-6.4710000000,10,22026
1022600189,1611661327,1643494,840,-5.4470000000,0,0.0000000000,736,-7.6130000000,0,0.0000000000,104,9.8820000000,10,22026
1022600189,1611661327,1643506,1530,7.6620000000,267,26.1980000000,997,-1.2340000000,50,27.8680000000,216,21.1350000000,10,22026
1022600189,1611661327,1643527,741,-12.2860000000,118,-12.7160000000,539,-15.5830000000,3,-6.4330000000,81,10.0670000000,10,22026
1022600190,1611661331,203026,2006,-1.2040000000,616,6.1090000000,1182,-7.6880000000,42,35.0430000000,166,8.6640000000,10,22026
1022600190,1611661331,203866,5310,-3.7800000000,234,-1.1100000000,4227,-6.0020000000,5,-23.4000000000,844,6.7240000000,10,22026
1022600190,1611661331,204329,4289,4.1610000000,130,-22.7320000000,2452,2.4760000000,0,0.0000000000,1707,8.6300000000,10,22026
1022600190,1611661331,1628508,5106,5.4000000000,517,9.5500000000,4137,4.6430000000,156,17.8950000000,296,2.1330000000,10,22026
1022600190,1611661331,1628931,5616,4.6490000000,1413,3.3730000000,3669,3.2340000000,232,14.5290000000,302,20.2330000000,10,22026
1022600190,1611661331,1630097,2485,4.0980000000,110,12.8680000000,2102,2.8710000000,75,5.3890000000,198,11.7690000000,10,22026
1022600190,1611661322,1630446,5797,2.0580000000,462,2.1920000000,4325,0.3020000000,130,6.4350000000,880,9.9690000000,10,22026
1022600190,1611661331,1631007,6284,-1.9620000000,2501,-6.1930000000,2875,-2.1480000000,337,1.0700000000,571,15.7140000000,10,22026
1022600190,1611661322,1631022,5937,-1.3670000000,814,-10.4910000000,2323,-8.1590000000,432,1.9350000000,2368,7.8290000000,10,22026
1022600190,1611661331,1641656,1964,-4.9400000000,128,-6.3510000000,1431,-6.0510000000,14,-37.7360000000,391,0.7610000000,10,22026
1022600190,1611661331,1642767,3540,4.2540000000,373,3.0920000000,2190,1.8580000000,62,-11.5030000000,915,11.5290000000,10,22026
1022600190,1611661322,1642781,4982,-4.6940000000,2074,-7.1080000000,2658,-3.9250000000,142,1.1260000000,108,15.0950000000,10,22026
1022600190,1611661322,1642785,5227,15.0310000000,1058,8.9060000000,3239,15.1210000000,101,6.6670000000,829,23.5130000000,10,22026
1022600190,1611661322,1642792,3886,2.3150000000,254,-11.1730000000,1207,-13.0720000000,180,12.7930000000,2245,11.2730000000,10,22026
1022600190,1611661331,1642822,1307,-1.3560000000,557,0.8650000000,631,-7.3210000000,65,20.5060000000,54,19.1220000000,10,22026
1022600190,1611661322,1643427,3206,1.6090000000,167,-17.8220000000,1118,-7.3470000000,203,22.5410000000,1718,6.8530000000,10,22026
1022600190,1611661322,1643430,2855,4.8620000000,168,-4.1240000000,2326,5.3220000000,59,-9.9440000000,302,9.2040000000,10,22026
1022600190,1611661322,1643455,707,-22.2680000000,108,-31.8250000000,367,-21.9420000000,47,-42.8450000000,185,-12.1080000000,10,22026
1022600190,1611661322,1643467,1395,-31.8800000000,90,-62.5680000000,1046,-27.8940000000,0,0.0000000000,259,-37.3170000000,10,22026
1022600190,1611661322,1643644,1183,-17.6330000000,455,-14.5370000000,509,-19.5560000000,113,-39.4190000000,106,1.5370000000,10,22026
1022600191,1611661321,202252,1877,-19.2960000000,331,-31.1980000000,1179,-18.2460000000,96,-9.7570000000,271,-12.7010000000,10,22026
1022600191,1611661320,203014,4481,5.9160000000,251,-15.1720000000,2021,3.6770000000,235,-4.1220000000,1974,12.0850000000,10,22026
1022600191,1611661321,203824,3465,-5.3890000000,988,-17.1000000000,2085,-1.5240000000,85,-4.2450000000,307,5.7360000000,10,22026
1022600191,1611661320,204324,4279,1.6740000000,290,-6.3830000000,2171,-2.1570000000,93,-12.0110000000,1725,8.5870000000,10,22026
1022600191,1611661320,204365,5061,-11.7790000000,2329,-15.6610000000,1976,-9.1490000000,414,-18.0370000000,342,7.0340000000,10,22026
1022600191,1611661320,1628242,223,6.4430000000,0,0.0000000000,73,-1.4520000000,0,0.0000000000,150,10.2850000000,10,22026
1022600191,1611661320,1628878,5181,1.0920000000,752,-11.5500000000,3542,3.1670000000,83,-11.4290000000,804,5.0680000000,10,22026
1022600191,1611661321,1629481,6235,-1.8130000000,1254,-6.3890000000,4145,-1.6260000000,289,-17.6290000000,547,15.6190000000,10,22026
1022600191,1611661321,1629491,7596,-2.1410000000,1124,-6.8890000000,2550,-4.1080000000,325,-18.8030000000,3597,2.2430000000,10,22026
1022600191,1611661321,1629574,2739,-5.1190000000,103,9.8870000000,1587,-9.6680000000,15,-6.0270000000,1034,0.3820000000,10,22026
1022600191,1611661320,1630148,2904,-0.2760000000,96,-16.7670000000,2376,0.0140000000,48,-25.0940000000,384,5.1550000000,10,22026
1022600191,1611661321,1630386,1749,-11.9280000000,68,-16.6880000000,1150,-16.4090000000,24,-44.2920000000,507,0.4070000000,10,22026
1022600191,1611661320,1630996,3409,2.0460000000,331,-11.6230000000,2384,3.7590000000,295,-11.8340000000,399,13.4090000000,10,22026
1022600191,1611661321,1641652,1762,2.2570000000,125,-5.4180000000,1163,2.0910000000,13,-12.1460000000,461,5.1650000000,10,22026
1022600191,1611661320,1642287,3049,-2.8630000000,260,-29.6890000000,1820,0.0420000000,239,-15.9630000000,730,3.7370000000,10,22026
1022600191,1611661321,1642784,5761,-4.4490000000,1669,-9.1960000000,2681,3.9230000000,587,-21.4420000000,824,-9.9690000000,10,22026
1022600191,1611661321,1642793,997,3.8920000000,121,-2.3730000000,807,6.5070000000,38,-20.3970000000,31,-9.9680000000,10,22026
1022600191,1611661321,1643425,6799,6.8100000000,460,-0.6490000000,4795,6.8370000000,81,-10.7700000000,1463,10.0380000000,10,22026
1022600191,1611661320,1643462,1441,-3.7680000000,285,-20.5360000000,978,1.0920000000,13,-41.1380000000,165,-0.6620000000,10,22026
1022600192,1611661329,202664,3857,-4.7280000000,1164,-11.5200000000,2285,0.3670000000,274,-25.2540000000,134,9.3660000000,10,22026
1022600192,1611661329,204322,2536,-14.2720000000,121,-25.1970000000,1262,-13.3850000000,154,-30.9410000000,999,-11.5000000000,10,22026
1022600192,1611661329,204333,4689,-3.7500000000,1468,-15.8850000000,2706,3.6090000000,148,-25.8920000000,367,-0.5370000000,10,22026
1022600192,1611661329,1627671,563,5.6220000000,139,6.0070000000,388,7.3650000000,23,-20.3610000000,13,-4.5620000000,10,22026
1022600192,1611661330,1628277,7312,4.5350000000,977,4.0540000000,5575,3.1170000000,176,23.7760000000,584,13.0810000000,10,22026
1022600192,1611661330,1628280,2588,-8.5070000000,191,-12.2240000000,1349,-11.6890000000,104,-12.8530000000,944,-2.7270000000,10,22026
1022600192,1611661330,1628886,6335,-5.8530000000,1871,-10.7610000000,3507,-6.7480000000,457,0.4150000000,500,13.0600000000,10,22026
1022600192,1611661329,1628922,3415,-4.9050000000,541,-25.4400000000,2348,0.2680000000,104,-45.1960000000,422,2.5690000000,10,22026
1022600192,1611661330,1631009,7272,10.8940000000,1790,3.9380000000,4353,10.5810000000,194,19.5980000000,935,23.8560000000,10,22026
1022600192,1611661330,1631044,7161,-1.9800000000,323,-14.9250000000,5477,-2.8880000000,48,10.6880000000,1313,4.5310000000,10,22026
1022600192,1611661329,1631064,788,8.0410000000,77,4.6230000000,600,11.6900000000,0,0.0000000000,111,-9.3110000000,10,22026
1022600192,1611661329,1642289,3489,-10.5080000000,172,-4.8650000000,1427,-11.7350000000,280,-18.7840000000,1610,-8.5850000000,10,22026
1022600192,1611661330,1642291,4240,-5.5280000000,452,-11.5580000000,1570,-11.0420000000,314,-6.6820000000,1904,0.6420000000,10,22026
1022600192,1611661329,1642292,2577,8.3180000000,328,-2.4030000000,1975,10.6290000000,93,-10.4300000000,181,12.1600000000,10,22026
1022600192,1611661330,1642302,2095,2.7530000000,271,-0.8150000000,1569,3.4670000000,141,0.1750000000,114,4.6000000000,10,22026
1022600192,1611661330,1642320,1111,-7.9430000000,459,-6.2480000000,504,-11.7080000000,106,-13.5400000000,42,32.8480000000,10,22026
1022600192,1611661329,1642321,4056,8.8210000000,373,-13.1980000000,2866,13.3010000000,164,-29.8620000000,653,11.4500000000,10,22026
1022600192,1611661329,1642786,1475,-6.1690000000,31,-7.2290000000,1024,-9.2750000000,77,-18.6010000000,343,5.9870000000,10,22026
1022600192,1611661330,1643431,2172,-9.6540000000,122,-37.3890000000,841,-16.6400000000,76,-9.0910000000,1133,-1.5190000000,10,22026
1022600192,1611661329,1643447,2191,0.1970000000,111,-20.5630000000,1640,3.6090000000,90,-49.8860000000,350,3.6730000000,10,22026
1022600193,1611661317,201886,5474,4.1420000000,400,-9.1910000000,3817,5.2350000000,208,-21.2580000000,1049,10.2820000000,10,22026
1022600193,1611661323,203398,5545,18.1470000000,134,-3.7400000000,1261,0.6340000000,212,34.9470000000,3938,23.5950000000,10,22026
1022600193,1611661317,203826,6764,-8.5850000000,1269,-12.4110000000,2967,-6.8340000000,585,-16.3860000000,1943,-6.4110000000,10,22026
1022600193,1611661317,204468,3175,1.1480000000,316,-1.5280000000,2156,-0.6240000000,130,-4.2220000000,573,10.5090000000,10,22026
1022600193,1611661317,1627674,6902,8.6860000000,1142,-0.9400000000,4855,10.8520000000,244,-1.4510000000,661,13.1520000000,10,22026
1022600193,1611661323,1629568,2963,-1.5970000000,126,-0.2590000000,2307,-4.3160000000,52,-30.7230000000,478,14.3410000000,10,22026
1022600193,1611661317,1630442,3932,0.5340000000,108,-9.7280000000,2223,-1.4840000000,72,-12.0920000000,1529,4.7860000000,10,22026
1022600193,1611661317,1631118,3186,-1.7580000000,812,-5.8530000000,1788,-1.6550000000,135,5.8390000000,451,2.9300000000,10,22026
1022600193,1611661323,1631135,4409,9.1800000000,220,3.2960000000,1763,-0.4470000000,520,11.3630000000,1906,18.1670000000,10,22026
1022600193,1611661323,1641649,5267,1.4660000000,495,-7.2460000000,3985,-0.5090000000,138,20.7790000000,649,16.1340000000,10,22026
1022600193,1611661323,1642290,297,-7.8750000000,58,-9.0170000000,117,-18.8170000000,0,0.0000000000,122,3.1610000000,10,22026
1022600193,1611661323,1642303,6142,-3.2010000000,2415,-7.0520000000,2722,-2.6930000000,413,1.9690000000,592,6.5710000000,10,22026
1022600193,1611661317,1642777,5735,-5.2340000000,1781,-9.1970000000,3291,-4.4330000000,143,-19.4560000000,520,7.1760000000,10,22026
1022600193,1611661323,1642817,609,-13.0130000000,223,-15.3450000000,357,-10.4040000000,18,-41.1220000000,11,-4.3910000000,10,22026
1022600193,1611661323,1643429,393,6.5620000000,37,-15.3270000000,303,4.1430000000,18,53.9060000000,35,26.2910000000,10,22026
1022600193,1611661323,1643437,69,-100.0000000000,0,0.0000000000,69,-100.0000000000,0,0.0000000000,0,0.0000000000,10,22026
1022600193,1611661323,1643441,636,-1.2070000000,16,25.3120000000,120,-2.6280000000,20,-31.2950000000,480,-0.4820000000,10,22026
1022600193,1611661323,1643448,2022,-5.7160000000,151,-0.0010000000,1349,-8.4750000000,43,26.0090000000,479,-2.5970000000,10,22026
1022600193,1611661323,1643449,4837,-1.9360000000,1171,-2.1490000000,3142,-3.3720000000,169,9.4860000000,355,6.0340000000,10,22026
1022600193,1611661317,1643493,4278,-0.9300000000,505,-6.9250000000,2973,-1.3340000000,44,-26.6590000000,756,6.1610000000,10,22026
1022600194,1611661332,203405,2691,-5.0030000000,208,5.7290000000,1318,-4.9080000000,28,14.7000000000,1137,-7.5620000000,10,22026
1022600194,1611661319,203833,5271,0.8800000000,1125,-1.4920000000,3625,0.1960000000,110,12.6640000000,411,10.2530000000,10,22026
1022600194,1611661319,203855,2641,-12.1220000000,349,-9.4270000000,1919,-13.4920000000,64,-14.8390000000,309,-6.0920000000,10,22026
1022600194,1611661319,204319,3752,4.3710000000,294,-8.3410000000,2743,5.8450000000,30,-13.8830000000,685,4.7280000000,10,22026
1022600194,1611661319,204323,685,4.3650000000,25,9.9040000000,251,1.6590000000,63,7.4710000000,346,5.3620000000,10,22026
1022600194,1611661332,204330,4086,-11.4820000000,666,-16.8210000000,1938,-6.6770000000,259,-20.9200000000,1223,-14.1910000000,10,22026
1022600194,1611661332,1627700,5022,-8.0780000000,1687,-10.5270000000,3175,-7.7940000000,27,-28.9740000000,133,20.4570000000,10,22026
1022600194,1611661332,1627701,2175,-5.6240000000,212,6.7090000000,1140,-4.8080000000,13,-21.5690000000,810,-9.7440000000,10,22026
1022600194,1611661332,1628915,3385,-2.9260000000,426,-15.8660000000,2530,1.1170000000,114,-28.4120000000,315,-8.6740000000,10,22026
1022600194,1611661319,1628932,4006,11.1360000000,298,9.2990000000,1908,2.0170000000,256,19.7480000000,1544,21.3310000000,10,22026
1022600194,1611661319,1629488,2215,-3.6620000000,83,-6.0360000000,498,-10.8210000000,19,-18.1210000000,1615,-1.1620000000,10,22026
1022600194,1611661332,1629497,4947,6.0900000000,983,5.4450000000,3042,13.3860000000,239,-35.0800000000,683,-11.0680000000,10,22026
1022600194,1611661319,1629498,5191,0.6120000000,1904,-7.4340000000,2196,1.9540000000,268,-7.9520000000,823,18.4340000000,10,22026
1022600194,1611661332,1629576,4524,-2.8500000000,446,6.2750000000,3231,-2.6260000000,137,-22.8260000000,710,-5.7470000000,10,22026
1022600194,1611661319,1630389,1960,-3.5440000000,408,-17.4840000000,1382,-1.2640000000,40,3.3180000000,130,13.8570000000,10,22026
1022600194,1611661319,1631006,464,-17.1780000000,85,-6.8980000000,215,-33.2270000000,56,-8.6160000000,108,2.2420000000,10,22026
1022600194,1611661319,1631019,3590,-1.2610000000,412,-9.6170000000,1264,-9.8540000000,177,1.7630000000,1737,6.6650000000,10,22026
1022600194,1611661332,1643420,4758,-9.5580000000,365,-23.9210000000,3101,-4.8940000000,148,-19.7320000000,1144,-16.3010000000,10,22026
1022600194,1611661332,1643445,19,-22.7680000000,0,0.0000000000,19,-22.7680000000,0,0.0000000000,0,0.0000000000,10,22026
1022600194,1611661332,1643457,514,-9.2350000000,14,-6.1860000000,274,-12.2800000000,0,0.0000000000,226,-5.7320000000,10,22026
1022600194,1611661319,1643495,1860,0.3380000000,238,10.6740000000,1055,-8.0910000000,24,-16.7790000000,543,12.9410000000,10,22026
1022600194,1611661332,1643647,1330,-4.7600000000,610,-10.3790000000,570,0.5980000000,98,-12.9300000000,52,17.8040000000,10,22026
1022600195,1611661331,203026,344,-5.4070000000,19,6.2950000000,325,-6.0910000000,0,0.0000000000,0,0.0000000000,10,22026
1022600195,1611661331,203866,5805,-0.6820000000,198,1.5670000000,4975,-2.0750000000,17,29.5000000000,615,9.0270000000,10,22026
1022600195,1611661331,204329,4593,2.5390000000,117,4.3950000000,2786,-0.9770000000,44,3.3300000000,1646,8.3370000000,10,22026
1022600195,1611661331,1628508,3375,7.7870000000,466,3.9730000000,2386,7.5280000000,129,11.3190000000,394,12.7120000000,10,22026
1022600195,1611661331,1628931,6578,1.1630000000,1419,7.0460000000,4557,-1.5470000000,245,3.5510000000,357,10.7290000000,10,22026
1022600195,1611661331,1630097,2985,0.8320000000,116,-0.9080000000,2560,0.0040000000,13,8.9380000000,296,8.3210000000,10,22026
1022600195,1611661322,1630446,5671,0.9640000000,396,-8.2070000000,4353,0.8750000000,111,5.3030000000,811,5.3240000000,10,22026
1022600195,1611661331,1631007,5376,-2.0400000000,2116,-5.5120000000,2774,-0.6870000000,209,-6.5470000000,277,14.3290000000,10,22026
1022600195,1611661322,1631022,5074,-6.7870000000,592,-3.6540000000,2472,-13.6610000000,388,-13.0690000000,1622,4.0480000000,10,22026
1022600195,1611661331,1641656,1913,-1.1410000000,162,-11.7810000000,1164,-3.3010000000,61,-1.9490000000,526,7.0090000000,10,22026
1022600195,1611661331,1642767,3018,2.1900000000,318,3.0090000000,1745,-4.2630000000,208,25.1130000000,747,10.5300000000,10,22026
1022600195,1611661322,1642781,5389,-0.8120000000,1985,-4.8390000000,2613,-1.3460000000,198,7.6140000000,593,12.2010000000,10,22026
1022600195,1611661322,1642785,5955,19.4750000000,1114,8.6330000000,3726,18.9320000000,208,34.3330000000,907,31.6150000000,10,22026
1022600195,1611661322,1642792,5479,-4.4710000000,500,-12.8330000000,2662,-13.7830000000,77,1.6860000000,2240,8.2510000000,10,22026
1022600195,1611661331,1642822,4216,-0.3010000000,1461,-2.9360000000,2144,0.6100000000,325,-6.3690000000,286,13.2290000000,10,22026
1022600195,1611661322,1643427,2384,9.2100000000,84,-6.4560000000,1224,-2.6710000000,168,6.2290000000,908,27.2260000000,10,22026
1022600195,1611661322,1643430,250,-13.3190000000,18,1.0720000000,232,-14.4360000000,0,0.0000000000,0,0.0000000000,10,22026
1022600195,1611661322,1643467,1404,-8.4030000000,157,-1.5060000000,1079,-9.3760000000,16,8.3250000000,152,-10.3760000000,10,22026
1022600195,1611661322,1643644,1317,-1.2080000000,513,0.0280000000,621,-7.2500000000,28,-3.4180000000,155,19.3090000000,10,22026
1022600196,1611661324,203825,5001,8.9490000000,481,-7.3530000000,3606,10.4940000000,144,-9.5450000000,770,15.3570000000,10,22026
1022600196,1611661324,203827,2921,-9.1560000000,278,-17.2840000000,1301,-11.5830000000,260,-13.3870000000,1082,-3.1340000000,10,22026
1022600196,1611661328,203828,1622,-0.8880000000,186,-1.0030000000,1137,-1.9700000000,34,16.6440000000,265,1.5870000000,10,22026
1022600196,1611661324,1627675,5495,5.2850000000,955,0.4850000000,3889,5.3370000000,104,-12.2520000000,547,16.6240000000,10,22026
1022600196,1611661324,1628269,4394,-3.2260000000,186,-9.5280000000,3322,-3.8670000000,66,-53.7560000000,820,4.8670000000,10,22026
1022600196,1611661328,1629478,2246,-2.2470000000,81,7.4430000000,1995,-1.9970000000,6,-15.1670000000,164,-9.6010000000,10,22026
1022600196,1611661328,1629496,51,-2.7730000000,0,0.0000000000,6,5.8170000000,0,0.0000000000,45,-3.9180000000,10,22026
1022600196,1611661328,1629567,4601,2.4560000000,1646,9.1810000000,2494,-1.9710000000,226,6.6350000000,235,-1.6790000000,10,22026
1022600196,1611661324,1630471,1536,6.3410000000,202,-8.7590000000,1238,8.9640000000,36,13.5110000000,60,-1.2600000000,10,22026
1022600196,1611661328,1631141,3322,0.7160000000,1082,4.6580000000,1917,-3.2860000000,129,20.9570000000,194,4.8090000000,10,22026
1022600196,1611661328,1641651,2036,-6.3410000000,54,22.3760000000,1322,-8.3830000000,59,-9.0170000000,601,-4.1660000000,10,22026
1022600196,1611661324,1641657,3915,-7.1860000000,304,1.7190000000,2338,-8.8480000000,56,-29.2230000000,1217,-5.2030000000,10,22026
1022600196,1611661328,1641660,3012,6.3690000000,547,21.3960000000,2060,3.1140000000,122,8.4310000000,283,0.1240000000,10,22026
1022600196,1611661324,1642797,1326,-10.1670000000,97,-12.1730000000,805,-7.7120000000,51,-27.3240000000,373,-12.5980000000,10,22026
1022600196,1611661328,1642798,5712,-0.0380000000,540,12.9350000000,3006,-3.7290000000,285,6.2270000000,1881,1.1880000000,10,22026
1022600196,1611661324,1643426,5647,1.3120000000,2457,-3.5400000000,2258,9.0490000000,476,-6.0100000000,456,-3.2120000000,10,22026
1022600196,1611661328,1643428,4751,-0.6720000000,852,4.9190000000,3304,-2.8000000000,189,4.2160000000,406,2.6360000000,10,22026
1022600196,1611661328,1643443,4981,-1.2330000000,329,13.4050000000,3106,-6.1460000000,106,-15.9930000000,1440,7.1080000000,10,22026
1022600196,1611661324,1643489,1064,-8.1180000000,93,-2.3030000000,828,-7.2950000000,32,10.1090000000,111,-24.3800000000,10,22026
1022600196,1611661324,1643490,25,17.8720000000,0,0.0000000000,25,17.8720000000,0,0.0000000000,0,0.0000000000,10,22026
1022600197,1611661317,201886,4643,5.0070000000,346,-17.5170000000,3490,6.9150000000,65,7.4770000000,742,6.3210000000,10,22026
1022600197,1611661320,203014,5428,5.5080000000,471,-2.0450000000,2666,-2.9060000000,184,14.9710000000,2107,17.0170000000,10,22026
1022600197,1611661317,203826,5792,-4.3070000000,1662,-11.1210000000,2323,-2.6790000000,376,5.1550000000,1431,-1.5220000000,10,22026
1022600197,1611661320,204324,5647,1.6820000000,587,-6.9610000000,2996,-3.4150000000,200,-18.0830000000,1864,14.7170000000,10,22026
1022600197,1611661320,204365,4445,-6.5260000000,1591,-3.2820000000,2258,-12.6230000000,313,5.2930000000,283,10.8100000000,10,22026
1022600197,1611661317,204468,1705,-0.3530000000,75,-4.9470000000,1276,-2.0010000000,16,50.3940000000,338,4.4860000000,10,22026
1022600197,1611661317,1627674,4895,9.3640000000,985,-2.7500000000,3012,12.7190000000,183,8.3850000000,715,12.1720000000,10,22026
1022600197,1611661317,1628244,2912,8.0110000000,453,-12.1670000000,1803,10.3190000000,40,-26.1050000000,616,18.3120000000,10,22026
1022600197,1611661320,1628878,5512,7.4400000000,395,4.4820000000,4149,6.7990000000,75,19.1960000000,893,10.7390000000,10,22026
1022600197,1611661320,1630148,1168,-0.3020000000,215,11.8050000000,806,-2.7060000000,11,-24.8000000000,136,-3.2130000000,10,22026
1022600197,1611661317,1630442,2228,-8.1290000000,112,-15.7390000000,1159,-9.5770000000,108,-45.6600000000,849,-0.3740000000,10,22026
1022600197,1611661320,1630461,1224,-5.2680000000,539,-8.0520000000,603,-4.1370000000,33,-16.7580000000,49,19.1650000000,10,22026
1022600197,1611661320,1630996,5532,4.3790000000,841,3.8590000000,3760,3.5700000000,355,0.0250000000,576,13.0970000000,10,22026
1022600197,1611661317,1631118,2031,8.9800000000,398,-1.0700000000,1169,7.1730000000,28,-23.6000000000,436,25.0930000000,10,22026
1022600197,1611661320,1642287,3126,-0.6560000000,342,-1.4040000000,1774,-3.2640000000,216,0.8230000000,794,5.0900000000,10,22026
1022600197,1611661320,1642324,132,-3.7060000000,0,0.0000000000,132,-3.7060000000,0,0.0000000000,0,0.0000000000,10,22026
1022600197,1611661317,1642777,3787,-9.0420000000,1106,-16.9190000000,2166,-7.4400000000,73,-12.5850000000,442,3.4030000000,10,22026
1022600197,1611661320,1643462,1019,-2.0800000000,299,-1.3770000000,716,-2.3500000000,4,-6.3250000000,0,0.0000000000,10,22026
1022600197,1611661317,1643487,223,-15.9540000000,23,2.2040000000,185,-21.9570000000,0,0.0000000000,15,30.2330000000,10,22026
1022600197,1611661317,1643493,3794,0.5710000000,268,-5.2880000000,2908,-0.2600000000,80,-10.2140000000,538,9.5860000000,10,22026
1022600198,1611661324,203825,5532,10.5340000000,570,-0.8240000000,3954,10.9000000000,189,-0.0110000000,819,19.1080000000,10,22026
1022600198,1611661324,203827,4136,-10.4880000000,633,-11.9480000000,1747,-9.6890000000,227,-12.8910000000,1529,-10.4390000000,10,22026
1022600198,1611661328,203828,2068,-3.3070000000,114,-5.6370000000,1653,-0.3320000000,0,0.0000000000,301,-18.7650000000,10,22026
1022600198,1611661324,1627675,2752,-1.1170000000,652,-1.0220000000,1765,4.2200000000,87,-59.0780000000,248,-19.0170000000,10,22026
1022600198,1611661324,1628269,2348,-8.1780000000,213,-4.3630000000,1698,-3.2720000000,64,-51.1950000000,373,-25.3090000000,10,22026
1022600198,1611661328,1629478,2428,0.4670000000,20,-19.5950000000,2240,0.2880000000,0,0.0000000000,168,5.2400000000,10,22026
1022600198,1611661324,1629483,3310,-1.9870000000,428,-12.0740000000,1733,-3.4200000000,266,-0.9020000000,883,5.3890000000,10,22026
1022600198,1611661328,1629567,5607,0.8750000000,1882,1.5940000000,3141,-0.7760000000,174,-0.2680000000,410,10.7080000000,10,22026
1022600198,1611661324,1630471,4496,-1.9720000000,358,-22.0740000000,3512,0.7480000000,93,-1.8520000000,533,-6.4170000000,10,22026
1022600198,1611661328,1631141,4925,-0.8080000000,1627,5.3860000000,2782,-2.6500000000,203,-0.2610000000,313,-16.9840000000,10,22026
1022600198,1611661328,1641651,2524,-0.3630000000,135,5.1820000000,1725,-3.7760000000,13,-11.9080000000,651,7.7630000000,10,22026
1022600198,1611661324,1641657,2454,-4.2740000000,128,-27.6990000000,1324,-2.2260000000,39,-36.9210000000,963,-2.6530000000,10,22026
1022600198,1611661328,1641660,1151,1.7500000000,176,12.0280000000,749,-0.3080000000,0,0.0000000000,226,0.5670000000,10,22026
1022600198,1611661328,1642798,5709,0.5410000000,417,9.2450000000,2936,-2.0610000000,301,18.7610000000,2055,-0.1760000000,10,22026
1022600198,1611661324,1643426,4902,-1.4250000000,1652,-4.8410000000,2704,5.1110000000,334,-23.2040000000,212,-23.8570000000,10,22026
1022600198,1611661328,1643428,5065,2.3950000000,1095,5.7990000000,3312,0.6390000000,196,12.3060000000,462,2.7030000000,10,22026
1022600198,1611661328,1643443,5405,2.8340000000,551,5.7640000000,3081,0.1460000000,96,0.0200000000,1677,6.9690000000,10,22026
1022600198,1611661324,1643489,401,-2.7570000000,54,-10.1930000000,339,-1.9540000000,0,0.0000000000,8,13.4250000000,10,22026
1022600198,1611661324,1643490,299,-15.0530000000,138,-21.7830000000,130,-3.7450000000,1,-44.6000000000,30,-32.1070000000,10,22026
1022600199,1611661329,202664,3544,-1.0980000000,860,-15.1390000000,2054,3.0570000000,278,-7.6120000000,352,14.1110000000,10,22026
1022600199,1611661313,203822,3081,4.0210000000,143,-2.5550000000,2339,3.7390000000,85,-24.9720000000,514,11.9300000000,10,22026
1022600199,1611661313,204296,5965,-4.9210000000,428,-3.3640000000,4488,-4.8480000000,132,-26.1390000000,917,-2.9530000000,10,22026
1022600199,1611661329,204322,2883,-6.3140000000,169,-21.0930000000,1140,-12.2720000000,166,-26.9720000000,1408,2.7190000000,10,22026
1022600199,1611661329,204333,5606,-7.5590000000,2017,-19.3530000000,2897,-1.7140000000,236,3.0890000000,456,1.9730000000,10,22026
1022600199,1611661313,1627668,6913,1.1440000000,1595,-8.3470000000,3071,1.1530000000,459,-4.3270000000,1788,10.9990000000,10,22026
1022600199,1611661329,1627671,742,0.9620000000,170,-13.9390000000,548,6.7920000000,15,-31.7800000000,9,-17.9330000000,10,22026
1022600199,1611661313,1627673,5245,-1.6230000000,483,-7.1210000000,2983,-3.8570000000,144,-17.3380000000,1635,5.4610000000,10,22026
1022600199,1611661329,1628922,5010,-1.9780000000,353,-13.0550000000,3535,-4.5910000000,129,9.8400000000,993,9.7290000000,10,22026
1022600199,1611661313,1629477,6886,15.1570000000,1539,13.6870000000,3370,16.0190000000,248,10.1310000000,1729,15.5060000000,10,22026
1022600199,1611661313,1629566,2485,-9.7620000000,108,-11.4940000000,1806,-10.1630000000,54,-0.4480000000,517,-8.9720000000,10,22026
1022600199,1611661313,1630384,817,-10.2940000000,54,4.2430000000,344,-13.7510000000,64,-57.3480000000,355,-0.6720000000,10,22026
1022600199,1611661313,1630469,3169,-3.7500000000,857,-8.5110000000,1528,-3.0810000000,120,6.6510000000,664,-1.0250000000,10,22026
1022600199,1611661313,1631136,4062,-7.1650000000,983,-11.1140000000,2093,-5.8530000000,234,-16.4110000000,752,-2.7750000000,10,22026
1022600199,1611661329,1642289,4034,-4.1360000000,308,-15.5790000000,1814,-8.1930000000,162,16.1840000000,1750,0.2030000000,10,22026
1022600199,1611661329,1642292,1911,4.0650000000,321,-5.2400000000,1263,10.6980000000,47,-21.5620000000,280,-10.8890000000,10,22026
1022600199,1611661329,1642321,4929,1.1820000000,733,-4.5060000000,3640,2.6460000000,196,-7.6340000000,360,2.7620000000,10,22026
1022600199,1611661329,1642786,817,-1.5270000000,0,0.0000000000,390,1.2880000000,46,-9.7330000000,381,-3.4170000000,10,22026
1022600199,1611661329,1643447,2703,10.1880000000,185,-3.9450000000,2200,11.4300000000,38,-4.2370000000,280,11.7280000000,10,22026
1022600200,1611661319,203833,5732,-3.5600000000,2086,-3.6250000000,2927,-3.4540000000,285,-20.7380000000,434,7.3140000000,10,22026
1022600200,1611661319,203855,1129,-6.0670000000,41,-70.4850000000,909,-2.7160000000,4,-60.0750000000,175,-7.1470000000,10,22026
1022600200,1611661319,204319,4501,-3.3410000000,172,-7.6300000000,3208,-3.0100000000,43,-20.8910000000,1078,-2.9420000000,10,22026
1022600200,1611661319,204323,1030,-2.1050000000,21,11.1760000000,584,-6.1120000000,38,33.3320000000,387,-0.2590000000,10,22026
1022600200,1611661319,1628932,5349,1.9860000000,361,-9.7110000000,2525,-1.5030000000,436,-2.3140000000,2027,9.3410000000,10,22026
1022600200,1611661319,1629488,1786,-13.8050000000,18,-24.2220000000,722,-10.6450000000,21,-6.6570000000,1025,-15.9940000000,10,22026
1022600200,1611661319,1629498,6021,0.0310000000,1714,-1.6540000000,3251,2.0580000000,453,-13.9510000000,603,4.3970000000,10,22026
1022600200,1611661319,1630389,828,-17.2400000000,197,-0.6730000000,522,-23.4180000000,15,-12.9670000000,94,-18.3300000000,10,22026
1022600200,1611661322,1630446,7053,2.2730000000,385,-1.9630000000,5317,4.4040000000,160,-34.0810000000,1191,-0.9850000000,10,22026
1022600200,1611661319,1631006,309,-7.7290000000,60,5.2400000000,139,-10.1220000000,16,-14.1560000000,94,-11.3740000000,10,22026
1022600200,1611661319,1631019,3831,-5.9210000000,99,-23.6530000000,1422,-13.9920000000,27,-33.9850000000,2283,0.2070000000,10,22026
1022600200,1611661322,1631022,5610,-6.5510000000,605,-3.1860000000,2962,-6.3260000000,313,-33.5210000000,1730,-3.2330000000,10,22026
1022600200,1611661322,1642781,4644,-7.2430000000,1661,-16.1250000000,2595,-0.9180000000,185,-14.8490000000,203,-8.4940000000,10,22026
1022600200,1611661322,1642785,7605,0.6260000000,1997,-4.6590000000,4031,4.3230000000,421,-11.1080000000,1156,1.1380000000,10,22026
1022600200,1611661322,1642792,5342,-1.6530000000,457,-21.2720000000,2376,-6.6680000000,175,-21.5930000000,2334,8.7880000000,10,22026
1022600200,1611661322,1643427,2430,-8.0690000000,169,-7.1750000000,1115,-14.1270000000,119,-4.9140000000,1027,-2.0060000000,10,22026
1022600200,1611661322,1643430,1920,1.9980000000,216,2.2020000000,1479,1.8050000000,31,-28.7710000000,194,8.1660000000,10,22026
1022600200,1611661322,1643455,899,-20.8040000000,98,-16.0040000000,385,-33.9470000000,0,0.0000000000,416,-9.7720000000,10,22026
1022600200,1611661322,1643467,1342,2.4070000000,121,-10.7880000000,1046,3.9180000000,18,-11.5000000000,157,4.1060000000,10,22026
1022600200,1611661322,1643644,1368,0.9020000000,393,-10.3820000000,687,2.0550000000,134,9.5280000000,154,17.0470000000,10,22026
1022600201,1611661325,203024,5,35.7600000000,0,0.0000000000,5,35.7600000000,0,0.0000000000,0,0.0000000000,10,22026
1022600201,1611661323,203398,189,0.1930000000,77,-10.5390000000,92,7.5900000000,12,-0.9330000000,8,20.1130000000,10,22026
1022600201,1611661325,1628881,3036,-3.4880000000,14,-4.0000000000,1623,-2.9590000000,67,-24.2760000000,1332,-3.0820000000,10,22026
1022600201,1611661325,1628899,2772,-8.7170000000,396,-15.9720000000,1813,-9.5240000000,84,-35.6080000000,479,5.0490000000,10,22026
1022600201,1611661325,1628909,3572,3.3170000000,474,-11.6190000000,2590,8.7180000000,258,-33.3590000000,250,13.5240000000,10,22026
1022600201,1611661325,1629482,3882,2.0750000000,445,-10.1700000000,3058,3.3860000000,40,-5.1170000000,339,7.1690000000,10,22026
1022600201,1611661323,1629568,3726,1.4650000000,390,-3.6230000000,2454,3.6380000000,43,-30.1260000000,839,-0.9070000000,10,22026
1022600201,1611661325,1630112,3893,1.1800000000,1456,-4.3150000000,2039,4.6160000000,143,-12.9150000000,255,12.9860000000,10,22026
1022600201,1611661325,1631086,4209,0.9520000000,276,-15.4260000000,3420,0.8820000000,72,-14.7560000000,441,14.3090000000,10,22026
1022600201,1611661323,1631135,3555,0.1550000000,381,-0.1360000000,1382,3.4910000000,253,-6.9110000000,1539,-1.6080000000,10,22026
1022600201,1611661325,1641648,2870,-6.3320000000,402,-7.9570000000,1733,-5.3620000000,181,-34.2000000000,554,0.9160000000,10,22026
1022600201,1611661323,1641649,3226,4.4590000000,314,0.8860000000,2441,4.5660000000,12,44.9000000000,459,5.2800000000,10,22026
1022600201,1611661325,1642286,4210,8.5740000000,1715,6.7580000000,1605,11.0550000000,400,-2.6770000000,490,15.9920000000,10,22026
1022600201,1611661323,1642303,2507,-4.6000000000,873,-1.3700000000,1216,-5.7270000000,126,-7.6790000000,292,-8.2330000000,10,22026
1022600201,1611661323,1642800,3078,-2.2390000000,209,11.6190000000,1840,-2.2210000000,99,9.7650000000,930,-6.6670000000,10,22026
1022600201,1611661323,1642809,4179,-3.1380000000,1230,-2.2640000000,2547,-3.4510000000,164,-0.3930000000,238,-6.2050000000,10,22026
1022600201,1611661325,1642815,3134,0.4140000000,7,-32.7430000000,1310,-4.9240000000,23,52.3390000000,1794,3.7750000000,10,22026
1022600201,1611661323,1643429,1991,2.9700000000,179,4.1820000000,1540,2.0230000000,20,-13.5350000000,252,9.2040000000,10,22026
1022600201,1611661323,1643441,2770,0.2850000000,224,-1.1640000000,744,2.3830000000,68,-6.1380000000,1734,-0.1760000000,10,22026
1022600201,1611661323,1643448,1739,-4.6850000000,184,-2.9530000000,1260,-3.4940000000,84,-20.6310000000,211,-6.9650000000,10,22026
1022600201,1611661323,1643449,4641,6.2830000000,1279,3.2150000000,2492,6.7050000000,91,11.8400000000,779,9.3200000000,10,22026
1022600201,1611661325,1643453,1782,-3.5630000000,153,-13.9350000000,860,-6.1440000000,74,0.9660000000,695,1.4310000000,10,22026
1022600202,1611661321,203824,591,4.6310000000,213,11.7380000000,219,-10.1440000000,68,32.0760000000,91,3.0460000000,10,22026
1022600202,1611661327,1628317,3039,5.0400000000,109,-18.2990000000,2224,1.6810000000,21,59.3860000000,685,17.9930000000,10,22026
1022600202,1611661321,1629481,6494,-2.2610000000,1020,4.8800000000,4829,-4.9170000000,217,6.8770000000,428,6.0510000000,10,22026
1022600202,1611661327,1629484,4557,-2.6240000000,209,-7.8390000000,2454,-6.0850000000,67,-19.5640000000,1827,3.2420000000,10,22026
1022600202,1611661321,1629491,6083,1.9050000000,1108,-0.5870000000,2504,-1.1260000000,351,5.6970000000,2120,6.1590000000,10,22026
1022600202,1611661327,1629524,5041,5.8810000000,461,-14.1470000000,3267,7.3870000000,228,-19.2600000000,1085,15.1400000000,10,22026
1022600202,1611661321,1629574,839,5.8270000000,21,-32.6810000000,307,8.0580000000,9,-13.4110000000,502,6.4190000000,10,22026
1022600202,1611661321,1630134,337,0.6020000000,104,1.4630000000,208,-2.3260000000,19,32.7370000000,6,-14.5500000000,10,22026
1022600202,1611661327,1630143,156,-92.2630000000,0,0.0000000000,156,-92.2630000000,0,0.0000000000,0,0.0000000000,10,22026
1022600202,1611661321,1630386,2599,-7.1660000000,149,-1.1380000000,1671,-11.0220000000,59,10.5000000000,720,-0.9130000000,10,22026
1022600202,1611661327,1631083,3864,-5.4330000000,230,-15.3600000000,2672,-4.5490000000,157,-28.5870000000,805,-1.0150000000,10,22026
1022600202,1611661321,1641652,4308,-7.4960000000,213,-8.7270000000,2586,-6.9700000000,118,-24.8650000000,1391,-6.8120000000,10,22026
1022600202,1611661327,1641683,1664,-0.8670000000,335,-14.8410000000,1084,2.7690000000,27,-38.7560000000,218,7.2220000000,10,22026
1022600202,1611661327,1642296,2489,-2.6230000000,88,-89.0390000000,1885,-1.0170000000,8,-85.7000000000,508,7.6970000000,10,22026
1022600202,1611661327,1642304,5290,-10.7730000000,2727,-12.7720000000,1621,-1.0020000000,418,-35.6340000000,524,-10.7660000000,10,22026
1022600202,1611661327,1642782,978,-0.9920000000,237,-5.7420000000,563,0.9000000000,61,-24.5620000000,117,11.8170000000,10,22026
1022600202,1611661321,1642784,6569,8.5000000000,1870,6.5960000000,3466,6.6090000000,356,14.6640000000,877,17.5300000000,10,22026
1022600202,1611661321,1642793,837,-8.3560000000,75,-6.1030000000,584,-5.6850000000,78,-25.4580000000,100,-12.3050000000,10,22026
1022600202,1611661321,1643425,5725,4.3550000000,755,5.0650000000,4271,2.6640000000,85,15.9750000000,614,13.6370000000,10,22026
1022600202,1611661327,1643436,1914,0.8160000000,66,-14.2110000000,775,-2.9620000000,15,-21.6730000000,1058,4.8400000000,10,22026
1022600202,1611661327,1643494,2436,0.7410000000,169,-6.9630000000,1634,0.2850000000,102,-29.5680000000,531,10.4190000000,10,22026
1022600202,1611661327,1643506,1274,-9.4230000000,676,-8.5180000000,454,-2.4580000000,144,-35.6270000000,0,0.0000000000,10,22026
1022600203,1611661323,1629568,3456,0.8390000000,263,-8.3410000000,2344,-0.7280000000,56,-20.5250000000,793,10.0250000000,10,22026
1022600203,1611661322,1630446,6129,8.1280000000,322,-2.6520000000,4833,7.7740000000,57,5.2960000000,917,13.9600000000,10,22026
1022600203,1611661322,1631022,6105,-6.5830000000,634,-12.3410000000,2566,-9.9210000000,441,-26.3300000000,2464,1.9090000000,10,22026
1022600203,1611661323,1631135,3636,1.7510000000,368,-11.4650000000,1282,3.0590000000,217,-16.5210000000,1769,5.7940000000,10,22026
1022600203,1611661323,1641649,2966,-2.6320000000,191,2.0460000000,2312,-3.0170000000,151,7.4820000000,312,-7.5390000000,10,22026
1022600203,1611661323,1642303,4475,-5.9070000000,1756,-8.5510000000,2170,-6.8580000000,220,4.7430000000,329,7.3630000000,10,22026
1022600203,1611661322,1642781,5241,-8.3040000000,1777,-12.8520000000,3012,-5.4990000000,116,-26.4270000000,336,-3.1330000000,10,22026
1022600203,1611661322,1642785,6723,8.5160000000,2032,5.4890000000,3482,11.5520000000,305,-1.6460000000,904,7.0580000000,10,22026
1022600203,1611661322,1642792,6124,-3.1830000000,538,-7.6370000000,2779,-7.0140000000,389,-17.0740000000,2418,4.4450000000,10,22026
1022600203,1611661323,1642800,3724,-2.5810000000,420,-16.8350000000,1849,-1.0880000000,111,-23.2930000000,1344,1.5290000000,10,22026
1022600203,1611661323,1642809,3120,-4.6890000000,566,-15.3210000000,2048,-4.4910000000,162,0.1830000000,344,9.3290000000,10,22026
1022600203,1611661323,1642817,21,-6.9620000000,19,-9.4420000000,0,0.0000000000,2,16.6000000000,0,0.0000000000,10,22026
1022600203,1611661322,1643427,2300,1.8730000000,106,-2.7670000000,747,-0.8450000000,169,-14.7160000000,1278,6.0390000000,10,22026
1022600203,1611661322,1643430,1631,-6.3590000000,145,-25.4720000000,1306,-4.6720000000,11,-15.6360000000,169,-2.3910000000,10,22026
1022600203,1611661323,1643441,2567,0.4840000000,111,-1.9630000000,769,2.2320000000,115,-14.4570000000,1572,0.8940000000,10,22026
1022600203,1611661323,1643448,702,-4.2810000000,30,-17.6870000000,544,0.6140000000,62,-51.5290000000,66,5.8550000000,10,22026
1022600203,1611661323,1643449,3403,3.8670000000,691,-7.7890000000,2091,5.9760000000,119,-20.8580000000,502,16.9870000000,10,22026
1022600203,1611661322,1643455,951,-5.6310000000,153,-14.5750000000,617,-3.4560000000,0,0.0000000000,181,-5.4860000000,10,22026
1022600203,1611661322,1643467,1291,-9.2650000000,128,-12.4340000000,1013,-13.3620000000,31,-9.0230000000,119,28.9590000000,10,22026
1022600203,1611661322,1643644,1371,-5.2490000000,209,-15.7360000000,876,-5.5910000000,38,-14.7680000000,248,6.2520000000,10,22026
1022600204,1611661324,203825,5825,8.0180000000,482,-2.4540000000,4555,9.8530000000,29,-3.8520000000,759,4.1140000000,10,22026
1022600204,1611661324,203827,4550,0.1550000000,324,-5.0590000000,1312,6.4830000000,330,-15.0420000000,2584,-0.4630000000,10,22026
1022600204,1611661324,1627675,4169,-1.8740000000,666,-18.3060000000,2800,-0.6030000000,182,-13.2290000000,521,16.2640000000,10,22026
1022600204,1611661332,1627700,4901,-2.6850000000,1540,2.2040000000,2947,-5.4080000000,130,-2.5080000000,284,-1.0100000000,10,22026
1022600204,1611661332,1627701,3970,1.1570000000,369,1.2390000000,1937,-1.6720000000,227,10.7800000000,1437,3.4290000000,10,22026
1022600204,1611661324,1628269,1780,-12.1150000000,50,-6.8960000000,1275,-17.9520000000,50,16.1460000000,405,2.1250000000,10,22026
1022600204,1611661332,1628915,2339,8.3730000000,168,1.7020000000,1972,8.1770000000,39,20.2740000000,160,14.8860000000,10,22026
1022600204,1611661324,1629483,4416,0.4840000000,554,-9.6340000000,2227,-6.7400000000,327,11.0940000000,1308,14.4140000000,10,22026
1022600204,1611661332,1629497,5389,9.0000000000,907,20.3160000000,3274,7.0500000000,249,11.7420000000,959,4.2410000000,10,22026
1022600204,1611661332,1629576,4764,-2.1990000000,535,0.3350000000,3164,-3.1050000000,143,15.6750000000,922,-3.3320000000,10,22026
1022600204,1611661324,1630471,1434,-15.6730000000,188,-26.7900000000,1117,-17.4690000000,27,41.4810000000,102,9.3610000000,10,22026
1022600204,1611661324,1641657,2343,-16.8590000000,239,-39.0600000000,1380,-20.3860000000,15,-51.1470000000,709,-1.7840000000,10,22026
1022600204,1611661332,1643420,5345,-3.9950000000,645,3.4870000000,3613,-7.9800000000,159,-2.5180000000,928,6.0670000000,10,22026
1022600204,1611661324,1643426,5056,-8.4300000000,2108,-13.0690000000,2065,-5.1210000000,502,-9.2450000000,381,0.3690000000,10,22026
1022600204,1611661332,1643445,3126,1.7990000000,969,4.8040000000,1675,-0.3610000000,169,-3.8070000000,313,7.0780000000,10,22026
1022600204,1611661332,1643457,1693,3.5690000000,53,-2.1040000000,723,-1.7270000000,16,53.8310000000,901,7.2600000000,10,22026
1022600204,1611661324,1643489,1848,1.4280000000,105,-19.9500000000,1447,-1.6560000000,0,0.0000000000,296,24.0910000000,10,22026
1022600204,1611661324,1643490,352,-13.2680000000,163,-12.9990000000,160,-20.5710000000,29,25.5070000000,0,0.0000000000,10,22026
1022600205,1611661328,203828,6144,-3.7240000000,248,11.2490000000,4834,-3.1680000000,66,-43.5550000000,996,-7.5120000000,10,22026
1022600205,1611661325,1628881,9346,-4.8480000000,552,4.0220000000,4016,-7.3710000000,244,-27.6390000000,4534,-2.4670000000,10,22026
1022600205,1611661325,1628899,3052,-11.4420000000,408,-6.9280000000,1446,-8.0620000000,186,-30.1960000000,1012,-14.6430000000,10,22026
1022600205,1611661325,1628909,10556,3.1890000000,2742,-0.3360000000,5940,4.5880000000,580,-12.5540000000,1294,11.2960000000,10,22026
1022600205,1611661328,1629478,4644,5.5960000000,252,-10.1560000000,3828,8.4430000000,34,-34.0590000000,530,-4.9350000000,10,22026
1022600205,1611661325,1629482,7146,-2.1040000000,402,-7.0270000000,6014,-2.4620000000,68,-14.2880000000,662,5.3950000000,10,22026
1022600205,1611661328,1629567,12234,4.1400000000,4636,2.0810000000,6394,5.8610000000,588,-3.7490000000,616,9.2990000000,10,22026
1022600205,1611661325,1630112,2798,7.5350000000,678,-2.5230000000,1640,12.1620000000,122,-16.1920000000,358,13.4740000000,10,22026
1022600205,1611661325,1631086,5482,2.3500000000,208,0.4120000000,4464,4.7650000000,82,-26.7800000000,728,-8.6210000000,10,22026
1022600205,1611661328,1631141,9968,3.1270000000,2350,0.6230000000,6288,6.1760000000,480,-19.2250000000,850,0.1220000000,10,22026
1022600205,1611661325,1641648,2652,-1.5720000000,300,-11.9480000000,1246,0.5940000000,302,-20.6380000000,804,6.1030000000,10,22026
1022600205,1611661328,1641651,9364,-6.3200000000,130,-13.6510000000,5814,-5.7580000000,252,-26.8100000000,3168,-5.4200000000,10,22026
1022600205,1611661328,1641660,6654,0.6100000000,1318,-7.5820000000,4646,3.2460000000,236,-8.8100000000,454,2.3180000000,10,22026
1022600205,1611661325,1642286,10454,11.9260000000,3952,11.3970000000,5000,14.9020000000,702,-1.5600000000,800,7.7640000000,10,22026
1022600205,1611661328,1642307,2206,-12.0320000000,0,0.0000000000,1486,-12.1150000000,2,-52.0000000000,718,-11.7480000000,10,22026
1022600205,1611661325,1642815,7966,-7.4610000000,282,-2.6570000000,3074,-12.3220000000,110,-21.7750000000,4500,-4.0910000000,10,22026
1022600205,1611661328,1643428,7360,-2.8000000000,938,-1.1430000000,4962,-3.1960000000,642,-5.1080000000,818,-0.4900000000,10,22026
1022600205,1611661328,1643443,11580,3.8340000000,940,8.5130000000,6306,6.5260000000,736,-22.5820000000,3598,3.2960000000,10,22026
1022600205,1611661328,1643473,1392,5.0270000000,498,2.7130000000,884,6.0720000000,0,0.0000000000,10,27.9000000000,10,22026
1022600206,1611661319,203833,5414,-1.1590000000,1558,6.9270000000,3175,-5.5660000000,297,-0.1750000000,384,1.7110000000,10,22026
1022600206,1611661319,203855,2370,-8.2110000000,188,-15.2460000000,1835,-7.8500000000,55,-6.7750000000,292,-6.2190000000,10,22026
1022600206,1611661319,204319,3957,-0.7390000000,281,-7.5540000000,2991,0.3480000000,6,-0.7830000000,679,-2.7080000000,10,22026
1022600206,1611661327,1628317,3821,3.0160000000,141,-4.3620000000,3207,3.3200000000,0,0.0000000000,473,3.1550000000,10,22026
1022600206,1611661319,1628932,4729,9.6970000000,512,7.7790000000,1840,4.7600000000,335,22.8640000000,2042,12.4670000000,10,22026
1022600206,1611661327,1629484,5422,2.1440000000,160,-9.8390000000,3000,-1.1480000000,59,-27.7270000000,2203,8.2990000000,10,22026
1022600206,1611661319,1629488,4945,-4.5990000000,124,-10.6520000000,1721,-3.5920000000,100,-32.6530000000,3000,-3.9910000000,10,22026
1022600206,1611661319,1629498,4367,8.1150000000,1327,9.5720000000,2525,6.1290000000,222,17.8560000000,293,11.2490000000,10,22026
1022600206,1611661327,1629524,5614,1.6240000000,1238,-12.9540000000,3657,6.5170000000,304,-11.1260000000,415,11.3310000000,10,22026
1022600206,1611661327,1630143,648,-6.9500000000,17,14.4000000000,522,-9.6760000000,14,9.7210000000,95,1.7460000000,10,22026
1022600206,1611661319,1630389,3118,-2.4890000000,912,4.3340000000,1796,-8.1930000000,168,7.2890000000,242,7.3410000000,10,22026
1022600206,1611661327,1631083,3849,-1.5180000000,265,-7.4020000000,2293,-5.2980000000,117,-24.2500000000,1174,9.4580000000,10,22026
1022600206,1611661327,1641683,2388,-8.3050000000,674,-21.4890000000,1143,-4.6760000000,160,-34.1510000000,411,13.2860000000,10,22026
1022600206,1611661327,1642296,3897,6.8140000000,66,-19.6590000000,2352,4.5690000000,47,-0.6090000000,1432,11.9650000000,10,22026
1022600206,1611661327,1642304,4245,-7.3230000000,2132,-9.4170000000,1658,-3.4350000000,264,-20.7530000000,191,0.8520000000,10,22026
1022600206,1611661319,1642769,366,24.4690000000,158,48.6880000000,181,9.8390000000,15,-16.4270000000,12,-22.6170000000,10,22026
1022600206,1611661327,1643436,2599,3.5790000000,53,-5.7000000000,680,-2.1200000000,186,0.0280000000,1680,6.5710000000,10,22026
1022600206,1611661319,1643444,79,10.1430000000,0,0.0000000000,79,10.1430000000,0,0.0000000000,0,0.0000000000,10,22026
1022600206,1611661327,1643494,3798,0.1830000000,273,0.3000000000,2624,0.1670000000,70,-28.6210000000,831,2.6210000000,10,22026
1022600206,1611661319,1643495,2126,-6.9090000000,41,-12.7930000000,1550,-10.0840000000,0,0.0000000000,535,2.7420000000,10,22026
1022600206,1611661327,1643506,2967,-3.5950000000,1488,-7.0280000000,1318,1.6340000000,132,-16.8860000000,29,-4.6030000000,10,22026
1022600207,1611661320,203014,4329,-0.5460000000,424,-13.5930000000,1959,-3.7810000000,225,-3.3170000000,1721,6.7120000000,10,22026
1022600207,1611661313,203822,4539,-2.6040000000,206,-15.0040000000,2933,-1.7510000000,119,-9.0920000000,1281,-1.9610000000,10,22026
1022600207,1611661313,204296,2951,-6.6640000000,268,-18.3290000000,2076,-6.0680000000,18,-21.7330000000,589,-2.9970000000,10,22026
1022600207,1611661320,204324,4526,-5.4840000000,361,-15.9390000000,2268,-12.1900000000,213,1.9850000000,1684,4.8430000000,10,22026
1022600207,1611661320,204365,3826,-9.8960000000,1354,-12.3520000000,1955,-8.9580000000,292,-11.9050000000,225,-0.6540000000,10,22026
1022600207,1611661313,1627668,6799,1.5780000000,1655,-8.6920000000,2992,2.0330000000,408,-2.4760000000,1744,11.4910000000,10,22026
1022600207,1611661313,1627673,4358,-0.3200000000,554,-1.5470000000,2489,-2.1550000000,115,-16.1790000000,1200,5.5730000000,10,22026
1022600207,1611661320,1628878,5208,4.6980000000,475,-6.5000000000,3586,5.5930000000,141,8.9090000000,1006,6.2050000000,10,22026
1022600207,1611661313,1629477,6503,12.7840000000,1790,8.9050000000,3034,15.9740000000,191,-2.4240000000,1488,12.8980000000,10,22026
1022600207,1611661313,1629566,3948,-5.7990000000,171,-17.9970000000,2367,-6.0240000000,81,-17.4810000000,1329,-3.1150000000,10,22026
1022600207,1611661320,1630148,745,-9.4200000000,53,0.8110000000,567,-13.7400000000,0,0.0000000000,125,5.8340000000,10,22026
1022600207,1611661313,1630384,502,-3.7770000000,0,0.0000000000,161,5.7510000000,17,-55.1940000000,324,-5.8140000000,10,22026
1022600207,1611661320,1630461,241,-5.6280000000,88,-4.0740000000,153,-6.5220000000,0,0.0000000000,0,0.0000000000,10,22026
1022600207,1611661313,1630469,4146,-6.2970000000,910,-10.2280000000,2365,-4.6360000000,108,-28.3550000000,763,-3.6370000000,10,22026
1022600207,1611661320,1630996,5116,6.6260000000,944,-6.8230000000,3396,8.0590000000,419,15.4200000000,357,18.2380000000,10,22026
1022600207,1611661313,1631136,2703,-3.1460000000,591,-13.0930000000,1527,-0.2700000000,101,-14.0170000000,484,2.1950000000,10,22026
1022600207,1611661320,1642287,2815,-0.3750000000,288,-3.4550000000,1541,-2.0080000000,106,-9.9960000000,880,4.6510000000,10,22026
1022600207,1611661320,1643462,2000,-1.5550000000,326,-17.8220000000,1577,2.9180000000,34,-34.2030000000,63,-11.7300000000,10,22026
1022600208,1611661321,203824,221,-30.6490000000,51,-36.0820000000,106,-18.7920000000,0,0.0000000000,64,-45.9580000000,10,22026
1022600208,1611661330,1628277,5968,2.9340000000,657,-5.3960000000,4275,3.4710000000,286,-6.4650000000,750,10.7570000000,10,22026
1022600208,1611661330,1628278,270,16.9700000000,0,0.0000000000,163,13.1170000000,0,0.0000000000,107,22.8390000000,10,22026
1022600208,1611661330,1628280,2093,0.4760000000,76,-12.2530000000,832,-9.2250000000,151,-11.0300000000,1034,10.8980000000,10,22026
1022600208,1611661330,1628886,5030,-4.3660000000,1460,-16.8720000000,2974,1.8380000000,263,-19.3840000000,333,6.9200000000,10,22026
1022600208,1611661321,1629481,7412,-1.3080000000,1258,-19.2840000000,5288,3.8140000000,365,-29.4130000000,501,10.2440000000,10,22026
1022600208,1611661321,1629491,7469,-18.1800000000,1619,-24.4360000000,2872,-16.9070000000,514,-39.8710000000,2464,-11.0290000000,10,22026
1022600208,1611661321,1629574,4665,-17.1800000000,130,-24.9550000000,2490,-13.5100000000,50,-100.0000000000,1995,-19.1790000000,10,22026
1022600208,1611661321,1630386,2390,-13.0970000000,56,-45.4960000000,1092,-11.4920000000,19,-63.9320000000,1223,-12.2570000000,10,22026
1022600208,1611661330,1631009,5057,3.2040000000,1182,-12.1020000000,3089,9.0380000000,246,-12.2810000000,540,10.3870000000,10,22026
1022600208,1611661330,1631044,3791,-3.9830000000,306,-22.4820000000,2661,-1.1420000000,14,-30.3210000000,810,-5.8760000000,10,22026
1022600208,1611661321,1641652,212,-14.1540000000,0,0.0000000000,212,-14.1540000000,0,0.0000000000,0,0.0000000000,10,22026
1022600208,1611661330,1642291,5720,-2.6610000000,486,-20.1250000000,2337,-3.5240000000,434,-8.5170000000,2463,2.6350000000,10,22026
1022600208,1611661330,1642302,3163,0.1700000000,549,-9.9340000000,2182,0.6800000000,120,-5.3680000000,312,16.5120000000,10,22026
1022600208,1611661330,1642320,547,-13.9060000000,174,-25.8080000000,342,-5.3210000000,31,-41.8160000000,0,0.0000000000,10,22026
1022600208,1611661321,1642784,6951,-3.2520000000,1789,-13.2130000000,3654,5.1700000000,533,-27.2660000000,975,-3.4110000000,10,22026
1022600208,1611661321,1642793,716,-9.7200000000,70,-54.5570000000,524,-1.8550000000,30,-86.9270000000,92,4.7750000000,10,22026
1022600208,1611661330,1642801,296,-30.9550000000,73,-23.8880000000,75,-15.3510000000,0,0.0000000000,148,-42.3490000000,10,22026
1022600208,1611661321,1643425,7195,8.7960000000,745,-13.2820000000,5036,14.6750000000,240,-25.9550000000,1174,4.6910000000,10,22026
1022600208,1611661330,1643431,569,0.1410000000,10,-1.7700000000,136,-24.1990000000,30,-30.9230000000,393,10.9830000000,10,22026
1022600209,1611661317,201886,4756,2.9730000000,613,-2.8780000000,3367,0.3730000000,135,29.0550000000,641,16.7320000000,10,22026
1022600209,1611661331,203026,5433,5.3760000000,1277,-5.8360000000,3343,9.3060000000,275,-8.0700000000,538,14.4370000000,10,22026
1022600209,1611661317,203826,5388,-5.9700000000,1511,-13.3180000000,1959,-9.4890000000,489,7.5920000000,1429,1.9830000000,10,22026
1022600209,1611661331,203866,5693,1.8470000000,226,-8.1030000000,4556,0.4800000000,52,-30.9580000000,859,13.6990000000,10,22026
1022600209,1611661331,204329,4272,-2.2970000000,401,-16.4520000000,2629,-4.1200000000,39,1.7820000000,1203,6.2730000000,10,22026
1022600209,1611661317,204468,2374,-4.2630000000,162,-9.4020000000,1899,-5.1640000000,50,-15.1220000000,263,7.4720000000,10,22026
1022600209,1611661317,1627674,4534,13.6340000000,766,-1.4340000000,2603,12.1550000000,221,28.1850000000,944,26.5330000000,10,22026
1022600209,1611661317,1628244,1776,4.2370000000,435,0.4240000000,1109,5.0360000000,36,-32.3810000000,196,14.9060000000,10,22026
1022600209,1611661331,1628508,5045,5.9340000000,909,-3.8580000000,3302,6.9880000000,335,3.8320000000,499,18.2120000000,10,22026
1022600209,1611661331,1630097,8127,3.4290000000,686,-10.6260000000,5861,2.9360000000,150,8.3290000000,1430,11.6750000000,10,22026
1022600209,1611661317,1630442,2568,-2.5130000000,83,-32.3960000000,1266,-9.3590000000,13,-34.6000000000,1206,7.0760000000,10,22026
1022600209,1611661331,1631007,7509,-5.9800000000,2749,-12.6880000000,3793,-4.0600000000,299,7.3770000000,668,4.7450000000,10,22026
1022600209,1611661317,1631118,1020,0.0930000000,235,-0.6750000000,653,0.8170000000,16,-28.2880000000,116,1.4840000000,10,22026
1022600209,1611661331,1641656,1134,-0.8400000000,91,-15.6910000000,678,-5.8170000000,11,-26.3360000000,354,13.3020000000,10,22026
1022600209,1611661331,1642767,5059,7.7680000000,248,0.3810000000,3929,5.1700000000,70,24.7360000000,812,21.1340000000,10,22026
1022600209,1611661317,1642777,1979,-1.6700000000,442,-17.3140000000,1213,-0.4070000000,11,-20.7730000000,313,16.1990000000,10,22026
1022600209,1611661331,1642822,2893,-5.7100000000,1083,-11.5700000000,1551,-3.2580000000,132,-13.3750000000,127,22.2830000000,10,22026
1022600209,1611661317,1643493,3544,1.2790000000,362,-20.7190000000,2798,1.5420000000,20,-17.1000000000,364,22.1480000000,10,22026
1022600211,1611661329,202664,3452,-4.8870000000,1075,-7.0030000000,1737,-5.4740000000,325,-3.1070000000,315,3.7360000000,10,22026
1022600211,1611661329,204322,3326,4.3440000000,250,-4.4120000000,1050,2.5950000000,106,-29.3420000000,1920,8.3000000000,10,22026
1022600211,1611661329,204333,4804,-7.9440000000,1805,-5.0810000000,2440,-10.4200000000,177,-11.4840000000,382,-4.0190000000,10,22026
1022600211,1611661323,1629568,3620,1.2620000000,282,-7.0300000000,2344,-0.5080000000,117,15.9260000000,877,6.7010000000,10,22026
1022600211,1611661329,1630096,2368,6.8370000000,106,-4.8180000000,1973,7.2080000000,39,-5.7970000000,250,10.8180000000,10,22026
1022600211,1611661329,1631064,3250,0.7130000000,232,1.3480000000,2569,0.6150000000,30,-10.3470000000,419,1.7540000000,10,22026
1022600211,1611661323,1631135,4272,4.0270000000,249,15.5060000000,1360,-1.6970000000,330,-8.1600000000,2333,7.8620000000,10,22026
1022600211,1611661323,1641649,5065,1.3530000000,551,0.0760000000,3559,-0.6020000000,227,16.7930000000,728,7.0620000000,10,22026
1022600211,1611661329,1642289,2814,3.1760000000,283,-18.4370000000,1062,5.4240000000,105,-32.8640000000,1364,8.6850000000,10,22026
1022600211,1611661329,1642292,2743,-0.7340000000,484,-18.0540000000,1906,3.4810000000,99,-5.0020000000,254,2.3000000000,10,22026
1022600211,1611661323,1642303,4848,-2.1100000000,1883,-7.1720000000,2366,-1.9980000000,188,6.1240000000,411,16.6700000000,10,22026
1022600211,1611661329,1642321,4577,7.1100000000,759,5.0260000000,3061,5.8820000000,75,-23.3710000000,682,18.2910000000,10,22026
1022600211,1611661329,1642786,1823,-4.2820000000,110,-7.2150000000,1438,-6.7410000000,29,-50.3900000000,246,16.8430000000,10,22026
1022600211,1611661323,1642800,5123,5.3610000000,467,-0.3100000000,2422,-1.9850000000,289,7.5550000000,1945,15.5440000000,10,22026
1022600211,1611661323,1642809,3966,-3.9630000000,443,-5.8700000000,3037,-3.4480000000,166,-13.3800000000,320,-1.3250000000,10,22026
1022600211,1611661323,1642817,6,0.0670000000,0,0.0000000000,6,0.0670000000,0,0.0000000000,0,0.0000000000,10,22026
1022600211,1611661323,1643429,43,0.4880000000,0,0.0000000000,43,0.4880000000,0,0.0000000000,0,0.0000000000,10,22026
1022600211,1611661323,1643437,50,-66.5000000000,15,-100.0000000000,30,-44.1670000000,5,-100.0000000000,0,0.0000000000,10,22026
1022600211,1611661323,1643441,2559,3.4690000000,79,-0.4730000000,597,-5.9820000000,131,-14.0370000000,1752,8.1760000000,10,22026
1022600211,1611661329,1643447,2113,0.2380000000,109,-12.9430000000,1737,1.0820000000,82,-11.2660000000,185,5.1790000000,10,22026
1022600211,1611661323,1643448,568,-0.5260000000,50,1.6400000000,374,-2.2110000000,68,0.8000000000,76,5.1500000000,10,22026
1022600211,1611661323,1643449,5437,-2.9770000000,1354,-7.4520000000,3382,-3.4160000000,227,9.5510000000,474,6.9440000000,10,22026
1022600213,1611661328,203828,1312,-8.3820000000,45,-6.8530000000,1004,-7.3410000000,0,0.0000000000,263,-12.6170000000,10,22026
1022600213,1611661330,1628277,5408,5.9360000000,495,-1.2090000000,4160,6.9530000000,175,9.3130000000,578,3.7090000000,10,22026
1022600213,1611661330,1628280,2768,7.2620000000,129,-1.5910000000,959,0.0230000000,166,-0.3480000000,1514,13.4370000000,10,22026
1022600213,1611661330,1628886,5316,-3.5190000000,1609,-8.2120000000,2876,-2.7590000000,392,0.7520000000,439,4.8910000000,10,22026
1022600213,1611661328,1629478,2917,5.1780000000,128,6.7680000000,2427,5.7060000000,0,0.0000000000,362,1.0740000000,10,22026
1022600213,1611661328,1629496,2035,-13.7690000000,258,-28.0040000000,1305,-9.8490000000,150,-38.0970000000,322,-6.9160000000,10,22026
1022600213,1611661328,1629567,6139,-1.5330000000,2306,-8.9760000000,2871,5.4200000000,446,-11.8220000000,516,1.9300000000,10,22026
1022600213,1611661330,1631009,6014,11.1670000000,1352,9.3810000000,4012,9.8650000000,62,25.5950000000,588,22.6400000000,10,22026
1022600213,1611661330,1631044,4361,-6.5230000000,383,-14.0310000000,2963,-8.2420000000,105,-12.4900000000,910,2.9220000000,10,22026
1022600213,1611661328,1631141,4100,-0.4710000000,1023,-20.8840000000,2565,8.0610000000,90,-11.4720000000,422,-0.5020000000,10,22026
1022600213,1611661328,1641651,2250,-3.9700000000,174,-18.3390000000,1494,-3.2670000000,114,-34.0170000000,468,6.4470000000,10,22026
1022600213,1611661328,1641660,2022,8.8600000000,245,-7.0470000000,1409,16.2510000000,115,-32.9250000000,253,2.0980000000,10,22026
1022600213,1611661330,1642291,6327,-7.5630000000,559,-15.6190000000,2698,-11.6200000000,481,-13.1140000000,2589,-0.5660000000,10,22026
1022600213,1611661330,1642302,2113,0.2890000000,196,-6.7320000000,1784,0.6180000000,68,-16.7370000000,65,30.2600000000,10,22026
1022600213,1611661330,1642320,1444,-7.9900000000,465,-5.5610000000,781,-6.1960000000,118,-22.6120000000,80,-18.0500000000,10,22026
1022600213,1611661328,1642798,4359,-11.6990000000,316,-25.5700000000,2284,-11.2830000000,125,-30.6130000000,1634,-8.1510000000,10,22026
1022600213,1611661328,1642814,35,-3.0170000000,10,-35.2500000000,25,9.8760000000,0,0.0000000000,0,0.0000000000,10,22026
1022600213,1611661328,1643428,4482,3.6030000000,660,-21.7720000000,3093,12.2610000000,299,-32.0280000000,430,5.0500000000,10,22026
1022600213,1611661328,1643443,5457,-10.0350000000,439,-17.3220000000,3771,-7.4580000000,89,-30.0300000000,1158,-14.1270000000,10,22026
1022600214,1611661321,202252,1008,9.0320000000,64,26.6470000000,730,5.6840000000,0,0.0000000000,214,15.1870000000,10,22026
1022600214,1611661321,1629481,2444,1.6600000000,314,-4.5010000000,1861,1.1210000000,48,4.7600000000,221,14.2830000000,10,22026
1022600214,1611661321,1629491,2653,-4.4310000000,458,-15.0130000000,972,-7.0650000000,202,-20.4710000000,1021,5.9960000000,10,22026
1022600214,1611661321,1629501,2117,-9.5920000000,342,-21.5850000000,1097,-9.5310000000,89,-11.3240000000,589,-2.4800000000,10,22026
1022600214,1611661321,1629574,1410,-1.9380000000,55,-11.1870000000,762,-8.9850000000,0,0.0000000000,593,7.9760000000,10,22026
1022600214,1611661322,1630446,3481,2.6720000000,169,-13.1120000000,2855,1.8510000000,7,-44.7860000000,450,14.5430000000,10,22026
1022600214,1611661322,1631022,3916,5.4140000000,375,-11.1800000000,1628,-3.0850000000,278,4.1720000000,1635,17.8950000000,10,22026
1022600214,1611661321,1641652,433,0.3380000000,50,-0.4900000000,121,13.3650000000,64,-4.6470000000,198,-5.8030000000,10,22026
1022600214,1611661322,1642781,2292,-6.6380000000,913,-11.4370000000,1221,-3.0640000000,21,-9.0190000000,137,-6.1390000000,10,22026
1022600214,1611661321,1642784,2627,2.9920000000,848,-7.2560000000,1524,7.5620000000,81,-0.1560000000,174,14.3680000000,10,22026
1022600214,1611661322,1642785,4125,1.0490000000,1426,-10.3820000000,1620,7.5850000000,327,-9.2350000000,752,13.1180000000,10,22026
1022600214,1611661322,1642792,3095,1.0650000000,195,-4.1680000000,1305,-4.9120000000,227,0.6280000000,1368,7.5850000000,10,22026
1022600214,1611661321,1642793,62,11.8150000000,5,-34.0800000000,51,14.2080000000,0,0.0000000000,6,29.7170000000,10,22026
1022600214,1611661321,1643425,2694,7.7080000000,366,1.5430000000,1605,9.0080000000,118,-22.3740000000,605,13.8590000000,10,22026
1022600214,1611661322,1643427,2011,8.0270000000,130,-12.0680000000,498,-8.1190000000,16,-32.2810000000,1367,16.2920000000,10,22026
1022600214,1611661322,1643430,3343,3.1000000000,389,-23.0430000000,2457,4.5400000000,38,45.5080000000,459,14.0360000000,10,22026
1022600214,1611661322,1643467,292,11.0760000000,0,0.0000000000,292,11.0760000000,0,0.0000000000,0,0.0000000000,10,22026
1022600215,1611661327,1628317,4131,0.1350000000,341,-1.3020000000,3242,-0.5160000000,35,-35.6940000000,513,7.6440000000,10,22026
1022600215,1611661325,1628881,4146,-0.5990000000,53,6.2090000000,1662,-1.8100000000,136,5.4130000000,2295,-0.2360000000,10,22026
1022600215,1611661325,1628899,1006,-15.0340000000,96,-63.3690000000,379,-18.3720000000,86,-15.3580000000,445,-1.7000000000,10,22026
1022600215,1611661325,1628909,5231,6.9060000000,896,4.7810000000,3241,3.5730000000,248,20.8060000000,846,17.8520000000,10,22026
1022600215,1611661325,1629482,2897,-0.4930000000,278,-6.8460000000,2107,-0.1810000000,24,32.3330000000,488,0.1660000000,10,22026
1022600215,1611661327,1629484,4231,5.2000000000,138,8.7410000000,2563,4.8720000000,60,-25.6800000000,1470,6.7000000000,10,22026
1022600215,1611661327,1629524,5440,2.4810000000,447,-9.2130000000,4259,1.3390000000,142,15.6010000000,592,16.3820000000,10,22026
1022600215,1611661325,1630112,1890,3.2270000000,333,-9.0080000000,1396,5.1220000000,0,0.0000000000,161,12.1020000000,10,22026
1022600215,1611661327,1631083,4998,-4.2500000000,196,-7.3240000000,3525,-5.4200000000,116,-7.3920000000,1161,0.1380000000,10,22026
1022600215,1611661325,1631086,3277,-6.8240000000,189,-2.8790000000,2559,-6.0740000000,30,-9.1170000000,499,-12.0310000000,10,22026
1022600215,1611661325,1641648,4394,2.6810000000,756,7.4180000000,2346,-2.0410000000,296,-1.7220000000,996,11.5180000000,10,22026
1022600215,1611661327,1641683,1729,-0.6750000000,291,-5.2890000000,1138,1.1120000000,110,-18.8550000000,190,6.2090000000,10,22026
1022600215,1611661325,1642286,5177,11.8780000000,2324,10.9550000000,2315,10.0750000000,331,20.8050000000,207,28.1310000000,10,22026
1022600215,1611661327,1642296,3952,3.2620000000,87,-6.4220000000,2469,3.1450000000,163,-15.8100000000,1233,6.7000000000,10,22026
1022600215,1611661327,1642304,4712,5.8810000000,2696,5.0220000000,1522,8.9580000000,384,1.7400000000,110,-1.1670000000,10,22026
1022600215,1611661327,1642782,137,-5.5640000000,0,0.0000000000,45,-0.1040000000,0,0.0000000000,92,-8.2350000000,10,22026
1022600215,1611661325,1642815,2459,-14.5230000000,61,-27.0750000000,977,-10.0690000000,36,-40.7750000000,1385,-16.4300000000,10,22026
1022600215,1611661325,1643433,24,4.6040000000,0,0.0000000000,0,0.0000000000,0,0.0000000000,24,4.6040000000,10,22026
1022600215,1611661327,1643436,1306,-0.7500000000,9,-8.8330000000,412,3.1170000000,202,-11.9360000000,683,0.3320000000,10,22026
1022600215,1611661325,1643453,88,-71.8530000000,12,-66.0580000000,76,-72.7680000000,0,0.0000000000,0,0.0000000000,10,22026
1022600215,1611661327,1643494,78,-20.0720000000,9,-55.9000000000,69,-15.3990000000,0,0.0000000000,0,0.0000000000,10,22026
1022600215,1611661327,1643506,1823,3.8620000000,917,0.1760000000,698,10.2680000000,181,-1.4690000000,27,-0.8410000000,10,22026
1022600216,1611661329,202664,3102,-3.1390000000,1113,-4.3630000000,1484,-0.9730000000,196,-30.4760000000,309,8.2080000000,10,22026
1022600216,1611661319,203833,6354,0.3830000000,1915,-1.4720000000,3487,-0.3300000000,258,4.1210000000,694,7.6960000000,10,22026
1022600216,1611661319,203855,1232,-6.5670000000,75,5.2200000000,947,-9.4780000000,12,10.9000000000,198,1.8310000000,10,22026
1022600216,1611661319,204319,4450,-0.3560000000,298,-19.4250000000,3238,-0.3650000000,0,0.0000000000,914,5.8940000000,10,22026
1022600216,1611661329,204322,3243,-3.8400000000,188,-11.5120000000,1528,-5.9750000000,116,-17.2120000000,1411,0.5950000000,10,22026
1022600216,1611661329,204333,4197,-4.4960000000,1246,-12.9570000000,2341,0.8830000000,160,-26.7830000000,450,-1.1260000000,10,22026
1022600216,1611661329,1627671,1405,1.6200000000,278,-4.4070000000,859,8.1190000000,107,-30.1230000000,161,-1.5570000000,10,22026
1022600216,1611661319,1628932,6422,4.2890000000,496,1.7970000000,2402,3.4500000000,779,2.5960000000,2745,5.9540000000,10,22026
1022600216,1611661319,1629488,2351,-10.2370000000,16,9.9120000000,583,-7.8770000000,30,-23.9170000000,1722,-10.9850000000,10,22026
1022600216,1611661319,1629498,6142,5.7820000000,1921,3.7200000000,3021,5.1510000000,166,11.8460000000,1034,10.4840000000,10,22026
1022600216,1611661329,1630096,2878,7.7140000000,198,-4.0010000000,2143,8.1250000000,148,-22.8510000000,389,23.0390000000,10,22026
1022600216,1611661319,1630389,3448,-3.7090000000,904,-6.0760000000,2080,-2.2910000000,136,-20.3840000000,328,0.7370000000,10,22026
1022600216,1611661319,1631006,1234,-4.5060000000,0,0.0000000000,977,-11.1760000000,0,0.0000000000,257,20.8540000000,10,22026
1022600216,1611661319,1631019,5835,-2.9690000000,242,-23.2620000000,1720,-9.8440000000,249,0.2920000000,3624,1.4260000000,10,22026
1022600216,1611661329,1642289,3621,-0.8500000000,246,-21.2520000000,1994,-2.1760000000,152,1.9890000000,1229,5.0330000000,10,22026
1022600216,1611661329,1642292,2091,4.9550000000,138,-2.7530000000,1623,6.8350000000,27,14.6560000000,303,-2.4670000000,10,22026
1022600216,1611661329,1642321,4373,4.0180000000,696,-12.0720000000,2823,7.6820000000,261,-8.8300000000,593,11.1170000000,10,22026
1022600216,1611661329,1642786,2972,-6.9250000000,97,-18.5670000000,1798,-6.7190000000,135,-27.2240000000,942,-3.2110000000,10,22026
1022600216,1611661329,1643447,325,-9.4200000000,99,-5.5300000000,181,-12.8680000000,26,1.4770000000,19,-11.7470000000,10,22026
1022600217,1611661317,201886,5147,-0.2950000000,856,-17.6410000000,3379,1.6730000000,248,-4.4160000000,664,13.5920000000,10,22026
1022600217,1611661313,203822,2174,1.3740000000,356,-13.3340000000,1242,2.5930000000,79,-31.9430000000,497,14.1580000000,10,22026
1022600217,1611661317,203826,5352,-17.2400000000,1325,-31.1120000000,2349,-18.0050000000,274,-7.2050000000,1404,-4.8260000000,10,22026
1022600217,1611661313,204296,4686,-0.8520000000,257,-14.6780000000,3476,2.7140000000,168,-80.1410000000,785,4.8530000000,10,22026
1022600217,1611661317,204468,3172,3.9030000000,376,-17.6720000000,2085,3.6460000000,64,-11.2550000000,647,18.7690000000,10,22026
1022600217,1611661313,1627668,6945,3.7000000000,925,-3.0060000000,4156,1.9750000000,176,17.0240000000,1688,10.2310000000,10,22026
1022600217,1611661313,1627673,5784,-5.6110000000,1266,-7.0140000000,2766,-2.3110000000,209,-18.8570000000,1543,-8.5820000000,10,22026
1022600217,1611661317,1627674,5675,8.7330000000,575,-7.0940000000,3623,9.0980000000,233,-0.3060000000,1244,16.6810000000,10,22026
1022600217,1611661317,1628244,2589,5.1910000000,587,-6.5650000000,1495,6.8210000000,43,8.1070000000,464,14.5450000000,10,22026
1022600217,1611661313,1629477,7239,6.6970000000,2156,1.9130000000,3331,10.7650000000,263,2.9170000000,1489,5.1920000000,10,22026
1022600217,1611661313,1629546,2616,4.5800000000,283,-5.1340000000,2071,5.2000000000,30,3.3370000000,232,11.0530000000,10,22026
1022600217,1611661313,1629566,4456,-3.1840000000,323,-1.0810000000,2516,-4.9540000000,54,12.7130000000,1563,-1.3170000000,10,22026
1022600217,1611661313,1630149,131,-100.0000000000,0,0.0000000000,0,0.0000000000,0,0.0000000000,131,-100.0000000000,10,22026
1022600217,1611661313,1630384,409,-0.9910000000,43,-5.7650000000,182,-0.2230000000,3,-5.7670000000,181,-0.5500000000,10,22026
1022600217,1611661317,1630442,1999,-4.1040000000,107,-11.1810000000,923,-8.0740000000,39,-32.6310000000,930,1.8470000000,10,22026
1022600217,1611661313,1630469,2896,2.0030000000,650,-1.9800000000,1280,-0.0050000000,154,-3.3100000000,812,9.3650000000,10,22026
1022600217,1611661317,1631118,976,-0.0410000000,112,-14.2280000000,735,3.6210000000,40,-32.5000000000,89,2.1650000000,10,22026
1022600217,1611661313,1631136,4624,-6.8690000000,766,-8.0350000000,2458,-4.2820000000,249,-13.7930000000,1151,-10.1200000000,10,22026
1022600217,1611661317,1642777,2459,-4.7060000000,882,-14.9980000000,1255,-0.8080000000,57,-35.4070000000,265,17.6950000000,10,22026
1022600217,1611661317,1643493,3853,3.9120000000,333,-22.1690000000,2752,5.9890000000,96,-20.7130000000,672,11.8470000000,10,22026
1022600218,1611661324,203825,4531,-0.7130000000,344,-4.2010000000,3413,-0.5510000000,63,-21.3510000000,711,2.0240000000,10,22026
1022600218,1611661324,203827,3521,-6.7340000000,414,-3.4210000000,1484,-5.2260000000,214,-34.6660000000,1409,-5.0530000000,10,22026
1022600218,1611661324,1627675,5111,-1.6130000000,1196,-8.5020000000,3375,1.6700000000,129,-17.3530000000,411,-3.5820000000,10,22026
1022600218,1611661324,1628269,2514,-6.0520000000,253,-14.7650000000,1788,-2.9700000000,40,-67.8450000000,433,-7.9760000000,10,22026
1022600218,1611661325,1628881,3873,-0.5630000000,88,-13.6270000000,1389,-2.5210000000,55,-6.8690000000,2341,1.2380000000,10,22026
1022600218,1611661325,1628899,1311,-6.9070000000,99,7.7310000000,697,-6.1700000000,17,8.7350000000,498,-11.3820000000,10,22026
1022600218,1611661325,1628909,6083,6.3470000000,1121,7.1170000000,3543,4.3730000000,206,24.6420000000,1213,8.2970000000,10,22026
1022600218,1611661325,1629482,1626,3.7110000000,219,14.0180000000,1184,-0.4780000000,20,27.8300000000,203,14.6450000000,10,22026
1022600218,1611661324,1629483,4752,-5.5100000000,519,-12.8310000000,2916,-5.1010000000,261,-14.3100000000,1056,-0.8640000000,10,22026
1022600218,1611661325,1630112,1947,-0.6510000000,720,0.2030000000,1056,-1.5580000000,33,-12.1700000000,138,4.5930000000,10,22026
1022600218,1611661324,1630471,2640,-2.5390000000,405,-0.7330000000,2003,-0.7550000000,85,-56.2150000000,147,-0.7830000000,10,22026
1022600218,1611661325,1631086,5872,1.0400000000,182,-4.4760000000,4222,1.5120000000,52,15.4330000000,1416,-0.1870000000,10,22026
1022600218,1611661325,1641648,4746,-3.4210000000,1022,-5.8860000000,2519,-3.5700000000,428,-6.0180000000,777,1.7370000000,10,22026
1022600218,1611661324,1641657,1623,-13.1790000000,126,-20.3740000000,1075,-10.6630000000,0,0.0000000000,422,-17.4400000000,10,22026
1022600218,1611661325,1642286,5386,5.3700000000,1683,8.6660000000,2906,2.5520000000,320,11.2680000000,477,6.9570000000,10,22026
1022600218,1611661325,1642815,831,-2.2390000000,111,-12.1070000000,312,-3.9870000000,77,-15.6580000000,331,5.8410000000,10,22026
1022600218,1611661324,1643426,5025,10.1110000000,1775,13.3420000000,2466,8.2760000000,266,3.8440000000,518,10.9990000000,10,22026
1022600218,1611661325,1643433,548,8.5140000000,37,7.1730000000,413,9.4530000000,7,-63.8290000000,91,10.3580000000,10,22026
1022600218,1611661325,1643453,17,-9.7410000000,0,0.0000000000,3,4.9330000000,0,0.0000000000,14,-12.8860000000,10,22026
1022600218,1611661324,1643489,1308,-5.7710000000,96,-17.0040000000,1062,-4.1330000000,19,-80.9840000000,131,0.0890000000,10,22026
1022600219,1611661320,203014,4265,1.6500000000,491,0.3140000000,2259,-1.9500000000,211,14.2200000000,1304,6.3560000000,10,22026
1022600219,1611661320,204324,4015,-6.9000000000,379,-8.0860000000,1939,-8.9970000000,324,5.0570000000,1373,-6.4330000000,10,22026
1022600219,1611661320,204365,3777,1.9460000000,1225,-3.2030000000,2113,5.1470000000,96,-2.3400000000,343,1.8170000000,10,22026
1022600219,1611661327,1628317,2826,-0.3290000000,145,-6.6800000000,2355,-2.0320000000,31,-11.5390000000,295,17.5650000000,10,22026
1022600219,1611661320,1628878,4214,1.3670000000,489,5.9080000000,2886,-2.0660000000,64,-8.6270000000,775,12.1120000000,10,22026
1022600219,1611661327,1629484,5476,2.7420000000,433,-0.5600000000,3512,1.2510000000,147,-7.4890000000,1384,8.6460000000,10,22026
1022600219,1611661327,1629524,4703,11.9350000000,532,-4.2920000000,3405,12.7250000000,102,19.8340000000,664,19.6720000000,10,22026
1022600219,1611661327,1630143,3,-100.0000000000,0,0.0000000000,0,0.0000000000,3,-100.0000000000,0,0.0000000000,10,22026
1022600219,1611661320,1630148,2257,-12.6760000000,321,-16.4990000000,1765,-12.6690000000,34,22.3090000000,137,-12.4850000000,10,22026
1022600219,1611661320,1630996,3769,-2.5660000000,696,-0.3440000000,2622,-3.8460000000,190,-2.6140000000,261,4.4030000000,10,22026
1022600219,1611661327,1631083,3689,-9.6920000000,207,-18.3040000000,2219,-9.1610000000,252,-23.1110000000,1011,-5.7510000000,10,22026
1022600219,1611661327,1641683,2076,-9.4370000000,338,-7.8220000000,1184,-13.6920000000,146,-20.3250000000,408,5.4690000000,10,22026
1022600219,1611661320,1642287,2254,-6.7770000000,214,4.4110000000,1142,-10.0320000000,204,-11.5790000000,694,-3.4600000000,10,22026
1022600219,1611661327,1642296,3838,-3.9660000000,45,6.0290000000,2604,-5.3040000000,59,-56.7470000000,1130,1.4750000000,10,22026
1022600219,1611661327,1642304,4333,-10.7870000000,2245,-8.1290000000,1356,-15.1410000000,386,-13.2510000000,346,-8.2150000000,10,22026
1022600219,1611661327,1642782,5,-41.0800000000,0,0.0000000000,5,-41.0800000000,0,0.0000000000,0,0.0000000000,10,22026
1022600219,1611661327,1643436,1335,-18.9010000000,57,-38.1980000000,561,-18.3140000000,27,-49.0960000000,690,-16.6020000000,10,22026
1022600219,1611661320,1643462,1465,10.3430000000,254,14.2960000000,1032,8.7580000000,0,0.0000000000,179,13.8660000000,10,22026
1022600219,1611661327,1643494,1712,-5.6450000000,19,-10.6790000000,1375,-5.5900000000,51,-1.6730000000,267,-6.3260000000,10,22026
1022600219,1611661327,1643506,2799,-4.1190000000,1210,-6.8380000000,1215,-1.4930000000,145,-21.9260000000,229,7.6000000000,10,22026
1022600220,1611661321,202252,2787,-2.0740000000,97,-2.3510000000,1939,-4.0150000000,14,-30.9500000000,737,3.6190000000,10,22026
1022600220,1611661321,203824,3298,-4.8630000000,1001,-13.8300000000,2041,-1.1540000000,83,-16.5640000000,173,8.8720000000,10,22026
1022600220,1611661321,1629481,4616,-5.3630000000,1057,-15.3160000000,2908,0.9260000000,291,-43.6280000000,360,3.9970000000,10,22026
1022600220,1611661321,1629491,5133,-15.1420000000,658,-22.1360000000,1929,-18.8520000000,311,-35.4800000000,2235,-7.0500000000,10,22026
1022600220,1611661321,1629501,3298,-0.5250000000,188,-17.2730000000,1768,-1.7690000000,63,-20.2140000000,1279,4.6270000000,10,22026
1022600220,1611661323,1629568,5404,4.1920000000,803,-7.3960000000,3150,2.8610000000,181,9.4590000000,1270,14.0720000000,10,22026
1022600220,1611661321,1629574,1513,3.0560000000,44,-7.7000000000,455,0.7760000000,55,1.1290000000,959,4.7420000000,10,22026
1022600220,1611661321,1630134,1032,11.6140000000,325,-2.3480000000,536,17.7490000000,16,6.5500000000,155,20.1990000000,10,22026
1022600220,1611661321,1630386,1157,-13.3120000000,34,-10.4180000000,427,-6.1100000000,20,-59.7800000000,676,-16.6310000000,10,22026
1022600220,1611661323,1631135,3881,12.1160000000,293,3.1350000000,1441,6.4630000000,192,7.2060000000,1955,18.1110000000,10,22026
1022600220,1611661323,1641649,4947,3.0940000000,666,-6.3470000000,3334,3.1560000000,147,22.9670000000,800,7.0410000000,10,22026
1022600220,1611661321,1641652,2361,-5.2930000000,311,-14.0220000000,1150,-4.6840000000,59,-39.1490000000,841,-0.5220000000,10,22026
1022600220,1611661323,1642303,4217,-6.9360000000,1527,-14.9380000000,1962,-5.2940000000,257,-13.4270000000,471,15.7020000000,10,22026
1022600220,1611661321,1642784,5111,4.7460000000,1314,-3.7740000000,2701,11.7010000000,443,2.4870000000,653,-5.3440000000,10,22026
1022600220,1611661321,1642793,2073,-4.4930000000,397,-8.5290000000,1055,4.9910000000,172,-25.1060000000,449,-15.3110000000,10,22026
1022600220,1611661323,1642796,543,10.8870000000,67,31.9070000000,152,17.5450000000,13,3.8460000000,311,3.3980000000,10,22026
1022600220,1611661323,1642809,2603,-4.2460000000,424,-17.9340000000,1906,-2.0120000000,109,5.0900000000,164,-1.0320000000,10,22026
1022600220,1611661321,1643425,5039,4.8690000000,429,-10.5520000000,3377,7.1880000000,120,-8.5600000000,1113,5.2240000000,10,22026
1022600220,1611661323,1643429,1099,-0.4860000000,212,-21.0750000000,669,5.6930000000,44,-9.2750000000,174,3.0670000000,10,22026
1022600220,1611661323,1643437,2515,0.1290000000,403,-10.5140000000,1755,2.0000000000,50,-10.6660000000,307,5.1630000000,10,22026
1022600220,1611661323,1643441,3399,0.3690000000,302,-11.1650000000,1301,-2.2070000000,44,-6.6000000000,1752,4.4450000000,10,22026
1022600220,1611661323,1643448,1791,-1.1880000000,204,-17.5140000000,1328,1.3970000000,25,-14.3120000000,234,-0.2220000000,10,22026
1022600220,1611661323,1643449,4297,2.0040000000,894,-12.8300000000,2779,4.9040000000,88,14.0760000000,536,9.7250000000,10,22026
1022600221,1611661331,203026,2478,-11.2680000000,550,-14.2690000000,1600,-7.7670000000,198,-28.6980000000,130,-15.1030000000,10,22026
1022600221,1611661331,203866,1879,0.1500000000,86,-5.0440000000,1478,-2.5770000000,0,0.0000000000,315,14.3640000000,10,22026
1022600221,1611661331,204329,5031,-0.9120000000,192,-19.5210000000,3492,-3.5340000000,12,-21.8330000000,1335,8.8120000000,10,22026
1022600221,1611661332,204330,545,-3.9670000000,28,-29.1540000000,255,1.5390000000,66,-21.9440000000,196,-1.4790000000,10,22026
1022600221,1611661332,1627700,5316,-4.0800000000,1850,-4.7210000000,2912,-5.8480000000,130,2.8520000000,424,8.7330000000,10,22026
1022600221,1611661332,1627701,1898,1.9300000000,8,-14.5750000000,1106,-6.9430000000,15,41.8870000000,769,14.0830000000,10,22026
1022600221,1611661331,1628508,2676,4.1060000000,519,-1.8220000000,1889,3.6420000000,64,2.8230000000,204,23.8940000000,10,22026
1022600221,1611661332,1628915,2427,-7.3950000000,184,8.5570000000,2032,-8.9310000000,36,-2.3750000000,175,-7.3550000000,10,22026
1022600221,1611661331,1628931,3898,-2.1810000000,742,-5.9350000000,2700,-1.3490000000,286,-0.8550000000,170,-1.2570000000,10,22026
1022600221,1611661332,1629576,5901,-0.9020000000,846,-6.8480000000,3481,-3.7930000000,403,7.6300000000,1171,9.0510000000,10,22026
1022600221,1611661331,1630097,2547,-6.1790000000,126,-30.5920000000,2083,-5.8710000000,61,-12.3570000000,277,3.9770000000,10,22026
1022600221,1611661331,1631007,4996,-4.8560000000,1733,-12.0780000000,2631,-1.9200000000,288,-3.7730000000,344,8.1560000000,10,22026
1022600221,1611661332,1631055,4944,-15.0070000000,645,-23.4290000000,3117,-16.7120000000,345,-7.5780000000,837,-5.2300000000,10,22026
1022600221,1611661331,1641656,136,9.4200000000,0,0.0000000000,115,8.3370000000,0,0.0000000000,21,15.3480000000,10,22026
1022600221,1611661331,1641695,185,1.6030000000,15,-25.9000000000,118,8.2690000000,0,0.0000000000,52,-5.5900000000,10,22026
1022600221,1611661331,1642767,4736,4.6810000000,403,-6.1580000000,3208,4.0130000000,178,1.5190000000,947,12.1520000000,10,22026
1022600221,1611661331,1642794,212,2.4910000000,14,10.7360000000,150,2.8090000000,0,0.0000000000,48,-0.9080000000,10,22026
1022600221,1611661331,1642822,2945,-6.7150000000,797,-13.8250000000,1783,-3.4170000000,107,-21.1180000000,258,-1.5730000000,10,22026
1022600221,1611661332,1643420,5935,-0.1330000000,429,-4.1730000000,3832,-3.6390000000,273,0.2940000000,1401,10.6100000000,10,22026
1022600221,1611661332,1643445,5022,-2.2990000000,832,-8.1030000000,3503,-0.6500000000,308,-12.0600000000,379,3.1340000000,10,22026
1022600221,1611661332,1643457,73,-11.7450000000,0,0.0000000000,49,-8.0820000000,19,-23.9370000000,5,-1.3200000000,10,22026
1022600223,1611661313,203822,3002,-0.2890000000,257,-8.8130000000,1920,-1.2850000000,32,-36.3280000000,793,6.3380000000,10,22026
1022600223,1611661328,203828,1649,1.0670000000,189,-4.0220000000,1312,0.2220000000,9,-15.8780000000,139,17.0610000000,10,22026
1022600223,1611661313,204296,3838,-6.7730000000,225,-8.9080000000,3156,-4.8100000000,21,-32.8900000000,436,-18.6200000000,10,22026
1022600223,1611661313,1627668,5720,-1.4160000000,1221,-9.3710000000,2647,0.2020000000,380,-10.1690000000,1472,4.5310000000,10,22026
1022600223,1611661313,1627673,5928,-2.8540000000,685,-3.8040000000,3237,-7.4850000000,68,5.5910000000,1938,4.9200000000,10,22026
1022600223,1611661313,1629477,5656,15.0710000000,1713,8.4780000000,2602,17.1440000000,261,37.2870000000,1080,15.1650000000,10,22026
1022600223,1611661328,1629478,2171,7.6800000000,87,-1.4820000000,1859,7.2720000000,9,-25.1440000000,216,16.2460000000,10,22026
1022600223,1611661328,1629496,3951,-1.5560000000,174,-15.5570000000,2717,-4.1350000000,146,-6.2980000000,914,9.5300000000,10,22026
1022600223,1611661313,1629546,2145,9.3770000000,218,5.6010000000,1787,9.6400000000,27,12.6300000000,113,11.7110000000,10,22026
1022600223,1611661313,1629566,3518,-6.3000000000,498,-2.2690000000,1900,-7.8650000000,21,-39.9860000000,1099,-4.7780000000,10,22026
1022600223,1611661328,1629567,4883,-4.1620000000,2382,-8.9460000000,1804,-0.5050000000,387,-1.4070000000,310,7.8810000000,10,22026
1022600223,1611661313,1630469,3627,-1.5470000000,764,-10.1530000000,2052,-2.5730000000,140,-20.7890000000,671,15.4040000000,10,22026
1022600223,1611661313,1631136,4162,-4.6890000000,855,-5.8060000000,2252,-4.5250000000,197,-25.5920000000,858,0.7950000000,10,22026
1022600223,1611661328,1631141,3751,-1.1180000000,712,-16.5650000000,2476,-0.4110000000,143,33.7010000000,420,9.0490000000,10,22026
1022600223,1611661328,1641651,1447,-3.2590000000,79,-18.5510000000,960,1.2380000000,51,-43.3240000000,357,-6.2440000000,10,22026
1022600223,1611661328,1641660,1137,-1.4370000000,147,-8.2840000000,880,-2.6240000000,42,6.3520000000,68,23.9120000000,10,22026
1022600223,1611661328,1642798,4223,-0.5140000000,295,-15.8960000000,2329,-3.7170000000,139,-14.6630000000,1460,9.0490000000,10,22026
1022600223,1611661328,1643428,4453,-0.1850000000,565,-11.1280000000,3367,0.0430000000,159,-8.9980000000,362,18.6440000000,10,22026
1022600223,1611661328,1643443,2149,3.7050000000,201,-4.3650000000,1206,1.5430000000,40,32.3400000000,702,8.0990000000,10,22026
1022600224,1611661317,201886,6114,5.6020000000,394,-4.4280000000,4132,3.0690000000,178,12.5800000000,1410,14.9470000000,10,22026
1022600224,1611661329,202664,4772,-0.1040000000,1528,-13.2760000000,2219,2.9840000000,294,3.4210000000,731,16.6410000000,10,22026
1022600224,1611661317,203826,7237,-6.0120000000,1520,-11.6500000000,3026,-6.2370000000,599,-11.2180000000,2092,-0.1010000000,10,22026
1022600224,1611661329,204322,2489,-2.2770000000,250,-15.9760000000,1364,-6.3720000000,90,6.5620000000,785,8.1890000000,10,22026
1022600224,1611661329,204333,4705,-14.5750000000,1816,-23.3670000000,2326,-11.0350000000,207,-2.0380000000,356,-0.1400000000,10,22026
1022600224,1611661317,204468,3872,0.5730000000,208,-7.7630000000,2772,-2.6340000000,39,4.0540000000,853,12.8690000000,10,22026
1022600224,1611661329,1627671,259,12.3660000000,19,-15.7160000000,170,15.2750000000,0,0.0000000000,70,12.9230000000,10,22026
1022600224,1611661317,1627674,6359,9.4500000000,694,-4.0000000000,4627,10.0960000000,275,10.3200000000,763,17.4540000000,10,22026
1022600224,1611661317,1628244,2489,1.3870000000,397,-8.2780000000,1721,2.0970000000,0,0.0000000000,371,8.4320000000,10,22026
1022600224,1611661317,1628276,3866,0.2670000000,1621,-2.9220000000,1357,3.4280000000,440,-6.6200000000,448,9.0000000000,10,22026
1022600224,1611661329,1630096,2818,4.8090000000,308,-5.7340000000,2084,5.2760000000,160,-6.4090000000,266,20.1090000000,10,22026
1022600224,1611661317,1630442,3396,-9.2650000000,20,6.1600000000,1589,-15.2530000000,138,-13.7450000000,1649,-3.3080000000,10,22026
1022600224,1611661317,1631118,595,1.0090000000,213,-0.0130000000,380,1.4620000000,0,0.0000000000,2,23.5500000000,10,22026
1022600224,1611661329,1642289,4151,12.1720000000,160,-4.4610000000,1286,1.1900000000,165,43.4280000000,2540,16.7490000000,10,22026
1022600224,1611661329,1642292,3343,3.8680000000,193,-15.2690000000,2555,6.8980000000,49,-4.6670000000,546,-2.7800000000,10,22026
1022600224,1611661329,1642321,2701,4.3010000000,283,-2.4680000000,2051,1.9870000000,71,28.6340000000,296,20.9690000000,10,22026
1022600224,1611661329,1642786,1560,-10.8770000000,123,-21.8140000000,961,-6.7670000000,42,-3.4310000000,434,-17.6010000000,10,22026
1022600224,1611661329,1643447,3647,4.5390000000,149,-12.2950000000,2785,6.7800000000,196,-33.1340000000,517,11.5980000000,10,22026
1022600224,1611661317,1643493,3827,-4.4220000000,744,-8.6890000000,2627,-3.4520000000,74,-36.2460000000,382,3.3790000000,10,22026
1022600225,1611661331,203026,5083,-1.2240000000,1084,-9.6690000000,3169,0.6120000000,308,-6.7280000000,522,8.4080000000,10,22026
1022600225,1611661331,203866,5865,1.1740000000,225,-9.7970000000,4909,0.9400000000,50,-17.9840000000,681,7.8970000000,10,22026
1022600225,1611661331,204329,5271,3.8570000000,209,0.5330000000,3435,1.1450000000,28,-1.3140000000,1599,10.2080000000,10,22026
1022600225,1611661332,204330,1314,9.8420000000,129,8.6920000000,696,7.6960000000,89,7.9260000000,400,14.3750000000,10,22026
1022600225,1611661332,1627700,5109,-2.1170000000,1499,-2.4710000000,3201,-2.8490000000,185,-1.9390000000,224,10.5750000000,10,22026
1022600225,1611661331,1628508,3807,3.0930000000,859,-0.3990000000,2632,3.7540000000,71,5.1460000000,245,7.6370000000,10,22026
1022600225,1611661331,1628931,3970,2.6860000000,999,-6.8030000000,2539,5.7530000000,203,1.2800000000,229,11.3170000000,10,22026
1022600225,1611661332,1629497,6014,15.1890000000,913,13.0730000000,3602,15.0370000000,385,10.8910000000,1114,18.9020000000,10,22026
1022600225,1611661332,1629576,5320,-4.1030000000,577,-3.0570000000,3872,-4.4820000000,145,-18.4140000000,726,-0.0560000000,10,22026
1022600225,1611661331,1630097,3638,-1.7530000000,224,-15.8950000000,2995,-0.9360000000,84,-18.0820000000,335,4.4990000000,10,22026
1022600225,1611661331,1631007,6668,-3.3970000000,2211,-10.6640000000,3751,0.5230000000,279,-10.9310000000,427,4.7210000000,10,22026
1022600225,1611661332,1631055,5568,-5.0430000000,810,-7.4240000000,3429,-7.0990000000,264,7.9850000000,1065,0.1600000000,10,22026
1022600225,1611661331,1641656,796,1.6640000000,89,-4.8880000000,576,3.2730000000,2,14.2500000000,129,-1.1910000000,10,22026
1022600225,1611661331,1642767,4354,5.8700000000,596,-4.7850000000,2596,4.4820000000,65,11.2090000000,1097,14.6260000000,10,22026
1022600225,1611661332,1642800,2980,1.0740000000,207,-1.2750000000,1623,-4.9570000000,38,24.1320000000,1112,9.5260000000,10,22026
1022600225,1611661331,1642822,1779,3.8560000000,591,-5.7580000000,867,7.1160000000,72,-1.1210000000,249,16.7650000000,10,22026
1022600225,1611661332,1643420,4149,-0.8320000000,493,2.9710000000,2622,-3.6210000000,191,0.7010000000,843,5.2720000000,10,22026
1022600225,1611661332,1643445,3939,-0.8480000000,709,0.2240000000,2448,-4.8930000000,239,-0.3670000000,543,15.7710000000,10,22026
1022600225,1611661332,1643457,68,-53.0000000000,0,0.0000000000,11,-52.3820000000,0,0.0000000000,57,-53.1190000000,10,22026
1022600226,1611661317,201886,5143,-0.9560000000,476,-16.6810000000,3835,-0.2450000000,34,-29.1590000000,798,6.2110000000,10,22026
1022600226,1611661317,203826,6233,-13.4880000000,1302,-19.5990000000,2749,-11.0780000000,474,-16.3600000000,1708,-11.9110000000,10,22026
1022600226,1611661317,204468,2196,-4.9360000000,157,-5.9010000000,1559,-4.8610000000,34,-29.2410000000,446,-3.0060000000,10,22026
1022600226,1611661317,1627674,5959,5.5290000000,781,-11.9890000000,4361,9.2830000000,227,-13.9020000000,590,8.4520000000,10,22026
1022600226,1611661317,1628244,2855,0.9400000000,924,-11.0600000000,1486,6.8820000000,80,-42.7550000000,365,16.7080000000,10,22026
1022600226,1611661317,1628276,4133,3.0540000000,1232,-4.0990000000,1955,10.5260000000,304,-20.7590000000,642,5.3010000000,10,22026
1022600226,1611661330,1628277,5348,7.7610000000,653,2.2150000000,4197,7.0590000000,138,19.0250000000,360,21.6930000000,10,22026
1022600226,1611661330,1628278,211,-31.1930000000,0,0.0000000000,211,-31.1930000000,0,0.0000000000,0,0.0000000000,10,22026
1022600226,1611661330,1628280,3606,3.9210000000,272,0.1720000000,1531,-6.8050000000,131,9.6960000000,1672,13.8990000000,10,22026
1022600226,1611661330,1628886,5375,-16.2560000000,1609,-18.9280000000,2942,-16.3990000000,385,-14.0700000000,439,-7.4180000000,10,22026
1022600226,1611661317,1630442,2502,-11.4730000000,85,-35.8120000000,1148,-10.1070000000,68,-1.5790000000,1201,-11.6160000000,10,22026
1022600226,1611661330,1631009,5872,13.1120000000,1714,7.5700000000,3578,14.1140000000,153,16.2640000000,427,25.8360000000,10,22026
1022600226,1611661330,1631021,211,-46.6570000000,0,0.0000000000,211,-46.6570000000,0,0.0000000000,0,0.0000000000,10,22026
1022600226,1611661330,1631044,4731,-3.3290000000,353,-5.1490000000,3134,-5.9730000000,113,-4.7500000000,1131,4.7070000000,10,22026
1022600226,1611661317,1631118,202,-20.1710000000,41,5.1100000000,138,-20.6840000000,13,-35.7310000000,10,-96.5100000000,10,22026
1022600226,1611661330,1642291,6104,1.9640000000,465,-13.1820000000,2035,-4.2300000000,184,13.2330000000,3420,7.1020000000,10,22026
1022600226,1611661330,1642302,3230,4.7730000000,354,-5.3470000000,2598,3.1640000000,82,8.9280000000,196,42.6340000000,10,22026
1022600226,1611661330,1642320,2034,-9.7110000000,720,-21.2420000000,1087,-7.4680000000,83,21.7180000000,144,12.8900000000,10,22026
1022600226,1611661330,1642801,211,-19.3850000000,0,0.0000000000,211,-19.3850000000,0,0.0000000000,0,0.0000000000,10,22026
1022600226,1611661330,1643431,88,-88.3270000000,0,0.0000000000,88,-88.3270000000,0,0.0000000000,0,0.0000000000,10,22026
1022600226,1611661317,1643493,4907,-3.2250000000,494,-13.8310000000,3742,-2.8740000000,100,-32.4550000000,571,8.7700000000,10,22026
1022600227,1611661313,203822,1974,-8.6510000000,162,-26.5520000000,1482,-9.5740000000,91,-27.8550000000,239,16.5210000000,10,22026
1022600227,1611661328,203828,1792,-1.1000000000,96,-0.3350000000,1480,-3.8200000000,1,24.5000000000,215,17.1640000000,10,22026
1022600227,1611661313,204296,5055,-0.4570000000,569,-3.8790000000,3441,-1.6660000000,67,2.2570000000,978,5.6010000000,10,22026
1022600227,1611661313,1627668,4906,-2.4450000000,869,-2.0310000000,2402,-4.6770000000,238,5.0980000000,1397,-0.1510000000,10,22026
1022600227,1611661313,1627673,5174,-1.9910000000,840,-0.5230000000,2623,-4.3330000000,129,-24.2390000000,1582,2.9280000000,10,22026
1022600227,1611661313,1629477,4738,8.5710000000,1126,8.9350000000,2349,6.9690000000,229,1.5870000000,1034,13.3620000000,10,22026
1022600227,1611661328,1629478,1322,0.8310000000,178,-5.9620000000,1072,0.8870000000,22,25.3550000000,50,13.0240000000,10,22026
1022600227,1611661328,1629496,5647,-0.6930000000,461,-10.0400000000,3776,-1.0550000000,156,-11.6230000000,1254,5.1930000000,10,22026
1022600227,1611661313,1629546,2016,1.4070000000,304,-15.5770000000,1444,7.3980000000,20,-76.0900000000,248,-6.4020000000,10,22026
1022600227,1611661313,1629566,2706,-7.2130000000,288,-2.4500000000,1314,-9.0370000000,81,-5.4680000000,1023,-6.3500000000,10,22026
1022600227,1611661328,1629567,4733,1.1250000000,1317,-2.5390000000,2626,1.6470000000,150,1.7200000000,640,6.3830000000,10,22026
1022600227,1611661313,1630469,886,-2.4680000000,283,-6.6750000000,394,0.9790000000,66,-21.8000000000,143,5.2810000000,10,22026
1022600227,1611661313,1631136,4374,-4.9440000000,768,-6.3730000000,2124,-2.9380000000,236,-14.7370000000,1246,-5.6280000000,10,22026
1022600227,1611661328,1631141,4773,-5.2020000000,1800,-9.5740000000,2403,-3.3780000000,213,-5.6300000000,357,4.8200000000,10,22026
1022600227,1611661328,1641651,2199,3.5170000000,15,-37.4670000000,1602,1.4460000000,17,-76.3240000000,565,12.8810000000,10,22026
1022600227,1611661328,1641660,1534,-0.3590000000,339,-7.0530000000,925,0.6700000000,85,-36.8880000000,185,23.5390000000,10,22026
1022600227,1611661328,1642798,5316,2.6570000000,526,-13.9380000000,2620,-1.6260000000,314,5.6940000000,1856,12.8910000000,10,22026
1022600227,1611661328,1642814,348,-9.1620000000,46,-29.6370000000,249,-5.6040000000,25,-25.2880000000,28,7.2250000000,10,22026
1022600227,1611661328,1643428,3922,4.6530000000,415,-14.2860000000,2941,7.7980000000,217,-4.0690000000,349,6.0930000000,10,22026
1022600227,1611661328,1643443,372,0.3330000000,41,-24.9100000000,239,-0.1770000000,0,0.0000000000,92,12.9080000000,10,22026
1022600228,1611661321,203824,437,-8.6030000000,35,-19.4000000000,352,-7.6720000000,0,0.0000000000,50,-7.6000000000,10,22026
1022600228,1611661321,1629481,4659,-0.3990000000,817,-12.5860000000,3285,0.9870000000,138,16.7910000000,419,6.8390000000,10,22026
1022600228,1611661321,1629491,5572,-7.8780000000,709,-11.9900000000,2544,-9.7780000000,441,-27.9750000000,1878,0.9680000000,10,22026
1022600228,1611661321,1629501,4354,-7.0330000000,413,-6.5190000000,2494,-9.5910000000,114,-6.9040000000,1333,-2.4170000000,10,22026
1022600228,1611661321,1629574,1214,0.8750000000,12,-51.9580000000,638,0.3630000000,9,-16.4440000000,555,2.8880000000,10,22026
1022600228,1611661321,1630386,935,-4.9490000000,321,-10.1240000000,432,-8.3120000000,0,0.0000000000,182,12.1620000000,10,22026
1022600228,1611661322,1630446,3595,0.5400000000,206,-3.3890000000,2751,0.1700000000,37,-21.2590000000,601,4.9220000000,10,22026
1022600228,1611661322,1631022,7297,-7.1560000000,813,-36.0710000000,3334,-12.7470000000,533,13.4710000000,2617,4.7480000000,10,22026
1022600228,1611661322,1642781,6011,-3.4700000000,2045,-10.4020000000,3606,0.9490000000,188,-13.0330000000,172,-3.2230000000,10,22026
1022600228,1611661321,1642784,5772,3.6750000000,1703,-3.4820000000,3151,4.2530000000,302,9.7920000000,616,17.5060000000,10,22026
1022600228,1611661322,1642785,7364,5.3850000000,1550,-7.0060000000,4039,7.6360000000,377,-11.4580000000,1398,17.1590000000,10,22026
1022600228,1611661322,1642792,5131,-4.2600000000,404,-27.6270000000,2053,-12.1220000000,262,-20.2420000000,2412,8.0810000000,10,22026
1022600228,1611661321,1642793,453,15.3960000000,35,-3.0110000000,259,9.5640000000,6,16.4170000000,153,29.4400000000,10,22026
1022600228,1611661321,1643425,5299,7.3620000000,556,0.1200000000,3320,8.3020000000,161,-8.8660000000,1262,10.1490000000,10,22026
1022600228,1611661322,1643427,3622,6.4020000000,365,-2.2400000000,1134,-2.9050000000,154,-4.9710000000,1969,14.2530000000,10,22026
1022600228,1611661322,1643430,4871,1.1380000000,363,-11.8950000000,3499,3.1790000000,284,-1.3330000000,725,-1.2180000000,10,22026
1022600228,1611661322,1643440,51,20.8060000000,0,0.0000000000,18,-0.2060000000,0,0.0000000000,33,32.2670000000,10,22026
1022600228,1611661322,1643450,176,-22.0460000000,29,-70.0340000000,69,-19.9250000000,0,0.0000000000,78,-6.0810000000,10,22026
1022600228,1611661322,1643467,1639,-3.7190000000,102,-16.2000000000,1184,-4.8580000000,69,-1.3940000000,284,4.9450000000,10,22026
1022600228,1611661322,1643644,903,-29.4110000000,331,-50.3340000000,383,-15.2520000000,49,19.7160000000,140,-35.8720000000,10,22026
1022600229,1611661329,202664,4697,-7.0060000000,1678,-8.9900000000,2563,-3.4820000000,212,-32.9240000000,244,-7.8520000000,10,22026
1022600229,1611661320,203014,4474,-0.4000000000,571,-12.0060000000,1885,-5.3000000000,245,-10.8890000000,1773,9.9970000000,10,22026
1022600229,1611661329,204322,4103,-16.5240000000,197,-14.6460000000,2117,-16.6300000000,274,-15.0850000000,1515,-16.8820000000,10,22026
1022600229,1611661320,204324,5371,-10.2570000000,943,-16.8620000000,2276,-13.8660000000,337,-14.7610000000,1815,-1.4650000000,10,22026
1022600229,1611661329,204333,5367,-12.4710000000,1555,-19.7130000000,3302,-12.7560000000,184,0.8270000000,326,17.4650000000,10,22026
1022600229,1611661320,204365,3784,-0.6080000000,771,-3.1480000000,2348,-3.8290000000,181,10.4160000000,484,14.9430000000,10,22026
1022600229,1611661329,1627671,1956,-1.6660000000,284,-18.7210000000,1648,1.1250000000,0,0.0000000000,24,8.4920000000,10,22026
1022600229,1611661320,1628242,454,0.8700000000,97,-26.3610000000,134,-11.3430000000,0,0.0000000000,223,20.0530000000,10,22026
1022600229,1611661320,1628878,4901,5.1510000000,540,-7.2040000000,3539,4.0750000000,68,3.4060000000,754,19.2050000000,10,22026
1022600229,1611661329,1630096,580,2.9060000000,93,-9.3430000000,411,4.8620000000,56,2.8360000000,20,19.8600000000,10,22026
1022600229,1611661320,1630148,2289,-0.8550000000,113,-15.1990000000,2034,0.2770000000,17,-66.8940000000,125,2.6780000000,10,22026
1022600229,1611661320,1630996,4553,5.9240000000,545,3.6160000000,3128,6.1160000000,326,2.3140000000,554,9.2310000000,10,22026
1022600229,1611661320,1642287,1185,-6.7150000000,72,-5.6360000000,677,-11.4070000000,58,6.8280000000,378,-0.5950000000,10,22026
1022600229,1611661329,1642289,4681,-5.2720000000,289,-23.7810000000,2130,-13.4120000000,185,9.7190000000,2077,4.3160000000,10,22026
1022600229,1611661329,1642292,5117,-7.8720000000,650,-32.0370000000,3755,-3.8470000000,161,-56.9350000000,551,7.5360000000,10,22026
1022600229,1611661320,1642777,2227,-3.3450000000,638,-2.2530000000,1370,-4.2900000000,43,20.3400000000,176,-5.7320000000,10,22026
1022600229,1611661329,1642786,3975,-13.9110000000,199,-21.0360000000,2359,-15.6100000000,133,-9.7090000000,1284,-10.1190000000,10,22026
1022600229,1611661329,1643447,879,-5.7770000000,81,-11.4410000000,704,-2.9770000000,46,-43.0410000000,48,-1.5750000000,10,22026
1022600229,1611661320,1643462,1152,-6.0950000000,453,-10.9340000000,571,-3.0730000000,6,5.9330000000,122,-2.8670000000,10,22026
1022600230,1611661319,203833,7375,-1.3250000000,2197,-7.1530000000,4411,1.5400000000,341,0.0570000000,426,-2.0370000000,10,22026
1022600230,1611661319,203855,1841,-7.6430000000,107,-7.0060000000,1416,-6.7200000000,20,0.7150000000,298,-12.8140000000,10,22026
1022600230,1611661319,204319,5978,-0.6710000000,389,-4.1800000000,3949,0.0890000000,103,-18.8690000000,1537,-0.5170000000,10,22026
1022600230,1611661325,1628881,2780,-12.1810000000,48,-17.6270000000,995,-13.6840000000,85,-28.1000000000,1652,-10.2980000000,10,22026
1022600230,1611661325,1628899,337,-6.6590000000,0,0.0000000000,131,2.9400000000,10,-41.3700000000,196,-11.3040000000,10,22026
1022600230,1611661325,1628909,5596,4.4460000000,1183,-8.6670000000,3219,11.1610000000,395,-19.1620000000,799,8.4820000000,10,22026
1022600230,1611661319,1628932,6768,-1.2930000000,702,-3.3850000000,2347,-0.2860000000,662,-17.0400000000,3057,1.8230000000,10,22026
1022600230,1611661325,1629482,4279,13.7360000000,192,3.9810000000,3573,13.8290000000,0,0.0000000000,514,16.7330000000,10,22026
1022600230,1611661319,1629488,2622,-5.4310000000,56,-10.4270000000,750,-8.2310000000,9,18.1110000000,1807,-4.2320000000,10,22026
1022600230,1611661319,1629498,6588,6.7110000000,2077,3.8840000000,2725,12.6600000000,306,-13.8150000000,1480,3.9710000000,10,22026
1022600230,1611661325,1630112,2056,-2.4480000000,431,-18.8990000000,1395,2.5170000000,48,-43.6400000000,182,9.3200000000,10,22026
1022600230,1611661319,1630389,2969,-0.0820000000,761,-0.5280000000,1781,2.1260000000,49,-14.9330000000,378,-7.6620000000,10,22026
1022600230,1611661319,1631006,629,-2.3560000000,54,7.2260000000,475,1.1070000000,0,0.0000000000,100,-23.9790000000,10,22026
1022600230,1611661319,1631019,7942,-6.0730000000,453,-13.8220000000,2111,-8.7370000000,266,-31.9320000000,5112,-2.9400000000,10,22026
1022600230,1611661325,1631086,3570,-1.9890000000,86,-42.6900000000,2155,-0.2470000000,65,-22.4890000000,1264,-1.1370000000,10,22026
1022600230,1611661325,1641648,5711,-2.6850000000,1003,-1.0700000000,3550,-1.3470000000,263,-25.3940000000,895,-3.1320000000,10,22026
1022600230,1611661325,1642286,5471,-0.3350000000,2246,-4.9900000000,2469,7.0730000000,386,-22.8690000000,370,1.9990000000,10,22026
1022600230,1611661325,1642815,2737,-10.9970000000,5,-47.5400000000,1439,-10.4750000000,104,-52.3590000000,1189,-7.8570000000,10,22026
1022600230,1611661325,1643433,4,-14.2000000000,0,0.0000000000,4,-14.2000000000,0,0.0000000000,0,0.0000000000,10,22026
1022600231,1611661320,203014,6254,4.9990000000,636,9.4890000000,2676,1.1830000000,254,4.1090000000,2688,7.8190000000,10,22026
1022600231,1611661324,203825,5144,6.4990000000,440,-2.6130000000,3974,7.1750000000,149,14.1910000000,581,6.8080000000,10,22026
1022600231,1611661324,203827,3789,-4.1210000000,433,-12.2050000000,1482,-3.7720000000,145,-16.0370000000,1729,-1.3950000000,10,22026
1022600231,1611661320,204324,5034,1.7770000000,524,3.6350000000,2779,-5.5480000000,201,12.8330000000,1530,12.9920000000,10,22026
1022600231,1611661320,204365,5989,-3.2610000000,2328,-1.3510000000,3054,-4.2820000000,294,-20.9180000000,313,9.0840000000,10,22026
1022600231,1611661324,1627675,5479,3.5310000000,838,-3.5580000000,4020,5.1240000000,98,-6.7230000000,523,4.5630000000,10,22026
1022600231,1611661324,1628269,2283,-5.7470000000,134,-11.2430000000,1614,-7.1150000000,34,3.1970000000,501,-0.4780000000,10,22026
1022600231,1611661320,1628878,5721,0.1500000000,379,-2.1020000000,4326,-1.1060000000,86,-2.7780000000,930,7.1810000000,10,22026
1022600231,1611661324,1629483,5020,1.4330000000,745,-8.1570000000,2863,2.7770000000,416,-20.1800000000,996,13.7690000000,10,22026
1022600231,1611661320,1630148,982,7.1310000000,145,11.1860000000,752,4.6700000000,27,25.1300000000,58,20.5310000000,10,22026
1022600231,1611661324,1630471,1380,-1.4390000000,140,-13.1230000000,1077,-0.5530000000,6,-8.1500000000,157,3.1580000000,10,22026
1022600231,1611661320,1630996,5362,2.1920000000,809,1.5410000000,3643,1.1060000000,302,7.7720000000,608,6.7940000000,10,22026
1022600231,1611661324,1641657,1710,-6.3480000000,199,-10.6710000000,1008,-12.8340000000,11,24.3910000000,492,8.0020000000,10,22026
1022600231,1611661320,1642287,4412,-1.6630000000,258,11.6430000000,2895,-5.7080000000,137,8.6570000000,1122,4.4550000000,10,22026
1022600231,1611661320,1642324,23,-60.3350000000,0,0.0000000000,0,0.0000000000,0,0.0000000000,23,-60.3350000000,10,22026
1022600231,1611661320,1642777,3364,5.2130000000,667,2.6690000000,2257,3.3340000000,92,17.1960000000,348,19.1090000000,10,22026
1022600231,1611661324,1643426,5333,-0.4580000000,2122,-6.0340000000,2624,4.9760000000,313,-8.5230000000,274,-0.0990000000,10,22026
1022600231,1611661320,1643462,1646,0.4860000000,566,7.8130000000,929,-2.4680000000,46,-9.4040000000,105,-8.5390000000,10,22026
1022600231,1611661324,1643489,1257,0.9960000000,64,10.4230000000,1057,2.4880000000,42,-16.7330000000,94,-14.2760000000,10,22026
1022600231,1611661324,1643490,610,-13.5290000000,72,-23.2400000000,480,-13.8770000000,0,0.0000000000,58,1.4090000000,10,22026
1022600232,1611661332,204330,2259,2.4890000000,300,-12.2130000000,1108,4.9600000000,95,13.8390000000,756,3.2760000000,10,22026
1022600232,1611661332,1627700,5229,1.8280000000,1942,5.8490000000,2928,-1.1200000000,37,-2.7110000000,322,4.9070000000,10,22026
1022600232,1611661332,1627701,427,-17.5250000000,19,-56.2420000000,248,-31.8710000000,0,0.0000000000,160,9.3090000000,10,22026
1022600232,1611661327,1628317,3263,4.5050000000,128,-1.5480000000,2835,4.1860000000,0,0.0000000000,300,10.1030000000,10,22026
1022600232,1611661332,1628915,1078,5.6030000000,126,19.2430000000,896,2.9560000000,16,-5.5560000000,40,26.3880000000,10,22026
1022600232,1611661327,1629484,6100,-0.9490000000,358,-0.3660000000,3965,-4.0290000000,154,24.0320000000,1623,4.0750000000,10,22026
1022600232,1611661332,1629497,3707,16.5780000000,872,19.7850000000,2282,13.6410000000,87,28.7220000000,466,22.6940000000,10,22026
1022600232,1611661327,1629524,4357,15.7010000000,462,9.5840000000,3005,16.5680000000,90,-11.6710000000,800,19.0560000000,10,22026
1022600232,1611661332,1629576,5045,0.4560000000,434,2.4010000000,3689,-3.2340000000,149,28.1010000000,773,11.6460000000,10,22026
1022600232,1611661332,1631055,4020,-3.7050000000,323,-12.4510000000,2087,-6.3260000000,208,6.6930000000,1402,0.6710000000,10,22026
1022600232,1611661327,1631083,3805,-10.1710000000,73,-16.5550000000,2704,-3.2290000000,409,-77.7880000000,619,4.9350000000,10,22026
1022600232,1611661327,1641683,2334,-7.9550000000,371,-17.0840000000,1494,-5.6720000000,89,-34.3460000000,380,-1.8360000000,10,22026
1022600232,1611661327,1642296,3214,-8.7560000000,477,-17.9730000000,1919,-7.2250000000,98,-26.9700000000,720,-4.2520000000,10,22026
1022600232,1611661327,1642304,4383,-4.1550000000,2446,-7.6700000000,1500,1.0520000000,277,-18.6310000000,160,25.8270000000,10,22026
1022600232,1611661332,1642800,3480,-3.3850000000,155,9.1940000000,1431,-7.1790000000,164,14.9490000000,1730,-3.1130000000,10,22026
1022600232,1611661332,1643420,4380,-4.6590000000,486,-5.5250000000,2703,-7.8370000000,255,7.4560000000,936,1.6690000000,10,22026
1022600232,1611661327,1643436,2249,-3.9700000000,65,-54.6170000000,519,-4.2320000000,110,-15.1500000000,1555,-0.9750000000,10,22026
1022600232,1611661332,1643445,3153,6.4730000000,877,14.3740000000,1984,1.2530000000,87,15.5390000000,205,19.3410000000,10,22026
1022600232,1611661332,1643457,275,-2.0190000000,0,0.0000000000,171,-0.3010000000,0,0.0000000000,104,-4.8440000000,10,22026
1022600232,1611661327,1643494,850,1.0590000000,39,-34.8130000000,577,1.1580000000,10,12.2500000000,224,6.5490000000,10,22026
1022600232,1611661327,1643527,1354,3.3810000000,636,3.4930000000,579,7.1830000000,91,-9.5310000000,48,-19.4830000000,10,22026
1022600233,1611661317,201886,5112,0.3750000000,558,-7.6640000000,3803,1.2980000000,75,-20.3590000000,676,4.1160000000,10,22026
1022600233,1611661323,203398,3748,8.8170000000,226,-4.9130000000,1022,-6.4710000000,272,22.8360000000,2228,15.5110000000,10,22026
1022600233,1611661317,203826,4790,-7.7420000000,1229,-16.3560000000,2131,-2.1470000000,380,-22.4470000000,1050,-3.6920000000,10,22026
1022600233,1611661317,204468,1420,8.4560000000,52,-20.3230000000,1250,6.2330000000,0,0.0000000000,118,44.6790000000,10,22026
1022600233,1611661317,1627674,5076,6.2500000000,757,1.1270000000,3182,8.8620000000,316,-19.7760000000,821,10.8690000000,10,22026
1022600233,1611661317,1628244,1799,5.1520000000,380,3.0580000000,1131,6.2960000000,26,-14.7620000000,262,5.2290000000,10,22026
1022600233,1611661317,1628276,4062,8.2330000000,1161,4.6530000000,2260,11.9880000000,207,5.5330000000,434,-0.4610000000,10,22026
1022600233,1611661323,1629568,3487,0.4780000000,563,-7.3800000000,2225,-1.3620000000,40,9.5000000000,659,12.8570000000,10,22026
1022600233,1611661317,1630442,2708,-5.2920000000,74,-25.5890000000,1275,-10.2980000000,10,44.6500000000,1349,0.1820000000,10,22026
1022600233,1611661323,1631135,2425,9.7660000000,123,6.0800000000,460,-6.5540000000,165,-3.6360000000,1677,15.8320000000,10,22026
1022600233,1611661323,1641649,3029,1.6750000000,281,-10.9900000000,2244,-0.5730000000,114,27.0100000000,390,16.3280000000,10,22026
1022600233,1611661323,1642290,2589,0.9260000000,105,0.8810000000,1396,-1.7880000000,98,-10.7470000000,990,5.9150000000,10,22026
1022600233,1611661323,1642303,4393,0.6480000000,1451,-9.6800000000,2145,3.5570000000,323,2.5010000000,474,17.8380000000,10,22026
1022600233,1611661317,1642768,683,-4.1130000000,124,-11.0340000000,458,-3.5040000000,0,0.0000000000,101,1.6220000000,10,22026
1022600233,1611661323,1642809,3233,-3.5440000000,558,-16.7260000000,2114,-0.2700000000,218,-16.0590000000,343,5.6820000000,10,22026
1022600233,1611661323,1642817,2580,6.8610000000,329,-8.6250000000,1991,9.5170000000,61,-19.3020000000,199,13.9090000000,10,22026
1022600233,1611661323,1643441,57,0.8230000000,14,-14.2360000000,0,0.0000000000,0,0.0000000000,43,5.7260000000,10,22026
1022600233,1611661323,1643448,1852,2.3460000000,144,-7.9670000000,1423,0.9630000000,9,-21.8000000000,276,15.6470000000,10,22026
1022600233,1611661323,1643449,2305,-2.7160000000,828,-2.6260000000,1224,-3.8860000000,48,16.1940000000,205,-0.5230000000,10,22026
1022600233,1611661317,1643493,2635,0.1420000000,267,-4.7160000000,1992,1.0880000000,41,-33.4730000000,335,2.4970000000,10,22026
1022600234,1611661330,1628277,7091,1.4940000000,630,0.0630000000,5502,-1.0350000000,308,-0.1920000000,651,25.0530000000,10,22026
1022600234,1611661330,1628278,436,13.1540000000,31,-1.7870000000,365,12.6050000000,1,-2.5000000000,39,30.5670000000,10,22026
1022600234,1611661330,1628280,3477,-4.0340000000,164,-19.2790000000,1484,-9.3460000000,177,-13.3090000000,1652,3.2450000000,10,22026
1022600234,1611661330,1628886,6231,-16.7280000000,2138,-24.7450000000,3305,-14.3430000000,385,-17.1610000000,403,6.6550000000,10,22026
1022600234,1611661322,1630446,3159,8.7880000000,133,-16.0380000000,2529,9.1780000000,15,-5.0070000000,482,14.0190000000,10,22026
1022600234,1611661330,1631009,5801,5.5240000000,1380,-1.8770000000,3153,6.9100000000,275,-4.1310000000,993,14.0840000000,10,22026
1022600234,1611661322,1631022,5179,-8.3990000000,797,-16.1550000000,2972,-6.7410000000,291,-28.4710000000,1119,-2.0580000000,10,22026
1022600234,1611661330,1631044,3641,-8.5990000000,160,-1.6870000000,2540,-11.5000000000,13,20.1920000000,928,-2.2520000000,10,22026
1022600234,1611661330,1642291,6717,-1.0160000000,762,-0.8870000000,2345,-5.7290000000,221,-19.4540000000,3389,3.4190000000,10,22026
1022600234,1611661330,1642302,1864,3.0820000000,292,-4.8540000000,1237,0.0680000000,136,5.7360000000,199,31.6460000000,10,22026
1022600234,1611661330,1642320,1075,-9.2150000000,254,-38.5280000000,695,-2.1810000000,36,-10.1250000000,90,19.5600000000,10,22026
1022600234,1611661322,1642781,2610,4.0250000000,619,-9.3880000000,1668,7.2300000000,54,4.0520000000,269,15.0150000000,10,22026
1022600234,1611661322,1642785,5309,7.0160000000,1604,-3.6700000000,2856,12.8860000000,210,-7.7840000000,639,12.4710000000,10,22026
1022600234,1611661322,1642792,5184,-8.7840000000,464,-18.7010000000,2115,-14.8530000000,307,-20.8270000000,2298,0.4130000000,10,22026
1022600234,1611661322,1643427,2866,-5.9790000000,279,-3.1660000000,983,-9.4600000000,98,-6.9440000000,1506,-4.1660000000,10,22026
1022600234,1611661322,1643430,4433,4.3060000000,395,-18.3970000000,2868,6.6310000000,424,0.7440000000,746,9.4130000000,10,22026
1022600234,1611661330,1643431,1127,3.6530000000,67,-21.8670000000,506,4.7100000000,81,-16.2280000000,473,9.5410000000,10,22026
1022600234,1611661322,1643467,3160,2.5940000000,186,-23.9920000000,2152,7.0280000000,253,-29.0250000000,569,8.5760000000,10,22026
1022600234,1611661322,1643644,1044,-7.0020000000,413,-6.0130000000,559,-3.6490000000,47,-18.9190000000,25,-75.9120000000,10,22026
1022600236,1611661324,203825,3406,11.5860000000,218,-6.9540000000,2754,14.8680000000,37,-22.5620000000,397,2.1820000000,10,22026
1022600236,1611661324,203827,2669,-14.5590000000,227,-21.7460000000,939,-20.4800000000,93,-24.8840000000,1410,-8.7780000000,10,22026
1022600236,1611661319,203833,4482,-2.2910000000,1471,5.6150000000,2409,-8.1360000000,183,3.0860000000,419,1.2120000000,10,22026
1022600236,1611661319,203855,1275,-2.2710000000,37,-20.5890000000,1034,-3.1760000000,0,0.0000000000,204,5.6390000000,10,22026
1022600236,1611661319,204319,3652,1.8830000000,100,10.8150000000,2775,0.3600000000,8,-84.4750000000,769,7.1140000000,10,22026
1022600236,1611661324,1627675,3334,6.1130000000,531,-11.0420000000,2541,8.4900000000,71,-11.5790000000,191,28.7540000000,10,22026
1022600236,1611661324,1628269,592,-7.8060000000,52,-18.2440000000,331,-11.8440000000,0,0.0000000000,209,1.1860000000,10,22026
1022600236,1611661319,1628932,4520,9.1460000000,331,11.8570000000,1461,6.1780000000,337,34.6260000000,2391,6.9930000000,10,22026
1022600236,1611661324,1629483,3612,-9.6680000000,390,-32.2810000000,2177,-7.5150000000,266,-8.6780000000,779,-4.6990000000,10,22026
1022600236,1611661319,1629488,937,-3.6710000000,0,0.0000000000,320,-3.9330000000,0,0.0000000000,617,-3.5350000000,10,22026
1022600236,1611661319,1629498,4674,1.0590000000,1401,4.2700000000,2366,-1.7530000000,160,15.0140000000,747,0.9510000000,10,22026
1022600236,1611661319,1630389,2462,3.0200000000,712,-0.8900000000,1360,3.4120000000,89,-12.0100000000,301,14.9440000000,10,22026
1022600236,1611661324,1630471,1363,-3.4580000000,136,-18.4230000000,916,-1.1990000000,9,-66.2330000000,302,-1.7010000000,10,22026
1022600236,1611661319,1631006,177,-6.2550000000,0,0.0000000000,0,0.0000000000,0,0.0000000000,177,-6.2550000000,10,22026
1022600236,1611661319,1631019,2523,1.6350000000,100,1.6400000000,808,7.8140000000,26,-12.9150000000,1589,-1.2690000000,10,22026
1022600236,1611661324,1641657,1155,-14.2700000000,30,-30.9700000000,644,-15.7690000000,31,-21.0420000000,450,-10.5460000000,10,22026
1022600236,1611661324,1643426,3700,-13.4240000000,1582,-19.4520000000,1668,-0.4190000000,341,-41.2690000000,109,-37.8370000000,10,22026
1022600236,1611661324,1643489,227,-19.1050000000,0,0.0000000000,220,-18.9520000000,0,0.0000000000,7,-23.9140000000,10,22026
1022600238,1611661328,203828,1688,-1.3130000000,116,-12.3490000000,1261,-1.0970000000,0,0.0000000000,311,1.9280000000,10,22026
1022600238,1611661327,1628317,2829,5.3690000000,137,6.7870000000,2410,3.7670000000,0,0.0000000000,282,18.3710000000,10,22026
1022600238,1611661327,1629484,3914,-0.6660000000,174,20.6840000000,2172,-5.8630000000,46,-25.8980000000,1522,5.0710000000,10,22026
1022600238,1611661328,1629496,4146,2.6720000000,262,2.5890000000,2715,-2.7800000000,210,4.7420000000,959,17.6780000000,10,22026
1022600238,1611661327,1629524,4972,9.2500000000,1080,9.5220000000,2635,8.1290000000,345,6.4180000000,912,13.2390000000,10,22026
1022600238,1611661328,1629567,4811,11.6330000000,1125,9.1660000000,3299,11.4620000000,114,28.4180000000,273,16.8530000000,10,22026
1022600238,1611661327,1631083,4102,-1.4030000000,371,4.5980000000,2986,-2.3210000000,69,-2.5510000000,676,-0.5250000000,10,22026
1022600238,1611661328,1631141,4209,-22.6520000000,1593,-27.1680000000,2061,-23.3840000000,251,-6.7480000000,304,-7.1540000000,10,22026
1022600238,1611661328,1641651,2716,-12.0880000000,220,-0.0420000000,1858,-15.7520000000,67,28.7540000000,571,-9.5970000000,10,22026
1022600238,1611661328,1641660,1399,15.7150000000,139,-12.6050000000,1005,20.5610000000,50,-14.6040000000,205,18.5550000000,10,22026
1022600238,1611661327,1641683,3632,1.0830000000,1233,8.6560000000,2049,-5.0960000000,109,23.1020000000,241,4.9220000000,10,22026
1022600238,1611661327,1642296,4582,-11.0020000000,240,-11.1730000000,3322,-13.2530000000,78,1.5770000000,942,-4.0620000000,10,22026
1022600238,1611661327,1642304,404,-6.8080000000,241,4.5220000000,123,-23.9220000000,19,10.6680000000,21,-52.4190000000,10,22026
1022600238,1611661328,1642798,4149,13.9550000000,360,2.1520000000,1600,8.4190000000,170,21.0590000000,2019,19.8480000000,10,22026
1022600238,1611661328,1642814,108,21.6300000000,0,0.0000000000,74,17.2610000000,0,0.0000000000,34,31.1380000000,10,22026
1022600238,1611661328,1643428,3812,10.7360000000,537,11.1680000000,2868,8.9160000000,117,36.0990000000,290,17.7080000000,10,22026
1022600238,1611661327,1643436,6585,2.0620000000,1570,1.6990000000,2344,-1.5410000000,228,-4.8220000000,2443,6.3950000000,10,22026
1022600238,1611661328,1643443,1973,8.9820000000,141,-2.4520000000,1033,7.3050000000,46,5.4930000000,753,13.6380000000,10,22026
1022600238,1611661328,1643473,849,10.1050000000,402,16.7410000000,338,0.9320000000,58,33.0660000000,51,-7.5220000000,10,22026
1022600238,1611661327,1643494,3189,-2.6670000000,310,7.2110000000,2128,-5.1220000000,37,21.6950000000,714,-0.9030000000,10,22026
1022600238,1611661327,1643527,1576,9.7190000000,809,9.3470000000,645,7.4520000000,66,18.3760000000,56,30.9790000000,10,22026
1022600239,1611661313,203822,3622,1.5130000000,469,-5.3880000000,1931,-0.8550000000,139,-9.3950000000,1083,10.1220000000,10,22026
1022600239,1611661319,203855,3246,-1.9890000000,325,-7.0150000000,2366,-4.6620000000,118,8.0460000000,437,13.5080000000,10,22026
1022600239,1611661313,204296,3877,2.7720000000,347,-3.1200000000,2863,3.1410000000,47,-39.5810000000,620,7.5770000000,10,22026
1022600239,1611661319,204319,3928,4.0290000000,763,-3.3810000000,2413,6.0210000000,76,-5.5010000000,676,6.3500000000,10,22026
1022600239,1611661313,1627668,3687,-1.9390000000,689,-10.1660000000,1901,0.7210000000,406,-13.7270000000,691,5.8720000000,10,22026
1022600239,1611661313,1627673,3076,-4.0250000000,435,-5.2930000000,1847,-4.4010000000,75,-19.4910000000,719,-0.6790000000,10,22026
1022600239,1611661313,1629477,3254,4.0150000000,607,-0.5550000000,1983,6.6150000000,141,9.0260000000,523,-1.8890000000,10,22026
1022600239,1611661319,1629488,4985,8.8570000000,114,-22.5400000000,2415,7.7710000000,43,-30.0330000000,2413,12.1200000000,10,22026
1022600239,1611661319,1629498,70,-39.2160000000,0,0.0000000000,30,41.8300000000,0,0.0000000000,40,-100.0000000000,10,22026
1022600239,1611661313,1629546,3898,-0.5380000000,975,-1.6860000000,2361,-0.4890000000,95,-24.3710000000,467,6.4560000000,10,22026
1022600239,1611661313,1629566,3027,-8.8910000000,160,-14.2340000000,1874,-10.8930000000,88,-2.0950000000,905,-4.4620000000,10,22026
1022600239,1611661313,1630384,3041,-0.5250000000,219,-10.2160000000,1217,-1.1730000000,147,-9.4070000000,1458,2.3660000000,10,22026
1022600239,1611661319,1630389,6044,-1.2540000000,1854,-8.5280000000,3389,0.5160000000,333,3.7500000000,468,11.1830000000,10,22026
1022600239,1611661313,1630469,3504,0.7040000000,1009,-3.2560000000,1799,0.4370000000,119,-16.5630000000,577,12.0210000000,10,22026
1022600239,1611661319,1631006,3733,-1.6350000000,169,-12.2730000000,3074,-0.9520000000,24,-10.7040000000,466,-1.8210000000,10,22026
1022600239,1611661319,1631019,4032,2.8010000000,401,-5.7140000000,1397,1.0230000000,149,-0.4020000000,2085,5.8590000000,10,22026
1022600239,1611661313,1631136,2582,1.1720000000,393,-8.0790000000,1384,0.4790000000,113,-8.3940000000,692,9.3720000000,10,22026
1022600239,1611661319,1642769,4325,-1.7550000000,2009,-4.2420000000,1955,-0.6580000000,168,5.7930000000,193,6.4330000000,10,22026
1022600239,1611661319,1643444,235,14.5820000000,41,9.7050000000,157,9.8820000000,24,43.4830000000,13,33.3690000000,10,22026
1022600239,1611661319,1643495,3965,0.0960000000,228,-6.4170000000,2489,1.0780000000,63,-3.3430000000,1185,-0.5320000000,10,22026
1022600240,1611661317,201886,3177,4.9670000000,254,-8.5760000000,2580,4.6390000000,82,-17.3980000000,261,28.4160000000,10,22026
1022600240,1611661317,203826,4599,-11.8440000000,1136,-15.2340000000,1553,-13.2970000000,273,-21.5360000000,1637,-6.4960000000,10,22026
1022600240,1611661322,204335,165,-29.2330000000,19,-19.7950000000,110,-12.1070000000,1,-65.9000000000,35,-87.1310000000,10,22026
1022600240,1611661317,204468,1468,5.8080000000,159,-10.0730000000,980,6.8910000000,85,-35.6780000000,244,26.2570000000,10,22026
1022600240,1611661317,1627674,4707,4.7030000000,634,-1.7070000000,3101,2.5440000000,405,16.1070000000,567,15.5280000000,10,22026
1022600240,1611661317,1628244,1785,7.6090000000,327,6.5410000000,1172,4.6870000000,18,13.4110000000,268,21.3010000000,10,22026
1022600240,1611661317,1628276,1914,-3.0260000000,743,-11.8520000000,875,2.8090000000,140,-10.8710000000,156,13.3250000000,10,22026
1022600240,1611661317,1630442,3676,-12.3540000000,148,-6.6590000000,1689,-12.3660000000,105,-40.8710000000,1734,-11.1030000000,10,22026
1022600240,1611661322,1630446,4055,5.0850000000,346,0.9260000000,3168,4.7490000000,124,-24.5070000000,417,19.8850000000,10,22026
1022600240,1611661322,1631022,3896,-7.3130000000,465,-14.9640000000,1423,-13.9660000000,506,-9.2760000000,1502,2.0210000000,10,22026
1022600240,1611661317,1631118,2932,-0.4770000000,833,0.5090000000,1820,-0.2160000000,126,-14.7360000000,153,2.7960000000,10,22026
1022600240,1611661317,1642768,2551,-5.9280000000,245,-2.9720000000,1725,-9.1700000000,57,-10.7120000000,524,3.8830000000,10,22026
1022600240,1611661322,1642781,3486,-3.3420000000,631,-10.0620000000,2525,-2.0800000000,56,18.4570000000,274,-3.9590000000,10,22026
1022600240,1611661322,1642785,4186,5.2800000000,1084,-9.8390000000,2485,8.8480000000,248,-0.2190000000,369,29.3600000000,10,22026
1022600240,1611661322,1642792,3560,-4.7910000000,179,-3.5360000000,1070,-29.2420000000,242,-12.2660000000,2069,8.6210000000,10,22026
1022600240,1611661322,1642802,795,9.3550000000,49,-30.0040000000,514,10.2520000000,0,0.0000000000,232,15.6790000000,10,22026
1022600240,1611661322,1643427,2529,0.5480000000,233,-21.0360000000,673,-14.1210000000,235,-4.0190000000,1388,12.0560000000,10,22026
1022600240,1611661322,1643430,2679,-1.0320000000,601,-9.7340000000,1600,-0.3790000000,124,0.1110000000,354,10.3920000000,10,22026
1022600240,1611661317,1643438,1001,-12.7880000000,225,-9.9850000000,568,-17.5120000000,44,-18.5140000000,164,1.2620000000,10,22026
1022600240,1611661322,1643455,1094,3.9140000000,92,8.9470000000,507,-8.4550000000,36,46.4890000000,459,13.2290000000,10,22026
1022600240,1611661322,1643467,2301,-0.0390000000,170,-4.0840000000,1721,-3.0330000000,78,40.9820000000,332,7.9130000000,10,22026
1022600240,1611661317,1643493,2988,0.0540000000,98,-2.9300000000,2464,-1.0880000000,16,12.2000000000,410,7.1570000000,10,22026
1022600240,1611661322,1643644,2956,-8.2770000000,693,-4.0340000000,1799,-15.7090000000,113,9.1700000000,351,15.8200000000,10,22026
1022600241,1611661321,203824,5897,-3.0600000000,1714,1.1220000000,3405,-6.0190000000,149,1.8770000000,629,0.3980000000,10,22026
1022600241,1611661324,203825,4797,8.2480000000,488,-7.3320000000,3563,9.0730000000,72,-17.2510000000,674,17.8940000000,10,22026
1022600241,1611661324,203827,3578,-9.8470000000,234,-23.1410000000,1753,-14.3500000000,172,-16.5410000000,1419,-1.2800000000,10,22026
1022600241,1611661324,1627675,5064,2.7770000000,1075,-14.2010000000,3617,7.8040000000,138,-17.1130000000,234,14.8060000000,10,22026
1022600241,1611661324,1628269,2404,-4.5700000000,155,-11.4140000000,1436,-5.9310000000,63,-12.7270000000,750,0.1330000000,10,22026
1022600241,1611661321,1629481,5825,1.9650000000,862,7.7640000000,4205,-0.1760000000,121,12.1780000000,637,6.3060000000,10,22026
1022600241,1611661324,1629483,5494,3.8880000000,427,-13.9260000000,3716,4.7730000000,156,1.1330000000,1195,7.8620000000,10,22026
1022600241,1611661321,1629491,778,-0.2180000000,72,-5.7780000000,381,-2.3510000000,0,0.0000000000,325,3.5140000000,10,22026
1022600241,1611661321,1629501,5033,2.0070000000,496,-0.0190000000,3007,2.6300000000,107,-7.1070000000,1423,2.0830000000,10,22026
1022600241,1611661321,1629574,4669,2.2300000000,59,12.9220000000,1691,-0.0560000000,48,54.6940000000,2871,2.4800000000,10,22026
1022600241,1611661321,1630134,893,-3.0140000000,459,0.2660000000,361,-9.7920000000,30,8.5870000000,43,10.7810000000,10,22026
1022600241,1611661321,1630386,3446,-2.4870000000,308,-1.3720000000,1474,-7.3270000000,37,-3.2760000000,1627,1.7050000000,10,22026
1022600241,1611661324,1630471,1889,-3.5050000000,530,-17.0620000000,1036,3.0190000000,27,-25.4300000000,296,-0.0700000000,10,22026
1022600241,1611661321,1641650,285,-2.1380000000,0,0.0000000000,258,-5.0300000000,0,0.0000000000,27,25.5000000000,10,22026
1022600241,1611661321,1641652,650,8.3120000000,26,16.0540000000,416,5.3020000000,0,0.0000000000,208,13.3640000000,10,22026
1022600241,1611661324,1641657,1531,-5.2760000000,195,-12.6060000000,653,-9.9400000000,0,0.0000000000,683,1.2760000000,10,22026
1022600241,1611661321,1642784,5682,9.7450000000,1459,10.7790000000,2658,7.1120000000,552,26.7010000000,1013,5.9280000000,10,22026
1022600241,1611661321,1642793,2480,0.6430000000,431,8.7980000000,1558,-3.5560000000,201,3.3070000000,290,9.2340000000,10,22026
1022600241,1611661324,1643426,4956,-7.5530000000,1905,-14.5100000000,2180,-1.2380000000,473,-23.4650000000,398,10.0660000000,10,22026
1022600241,1611661324,1643489,1477,8.7640000000,51,-24.3410000000,1124,-0.3420000000,21,34.8330000000,281,49.2480000000,10,22026
1022600241,1611661324,1643490,780,3.6110000000,156,-19.9940000000,416,3.0880000000,56,-13.7790000000,152,35.6750000000,10,22026
1022600242,1611661320,203014,4318,3.5400000000,239,-12.5180000000,2433,-2.0740000000,309,4.7030000000,1337,16.3580000000,10,22026
1022600242,1611661331,203026,3948,-2.1830000000,1036,-8.1340000000,2344,0.2960000000,299,-7.7370000000,269,5.3160000000,10,22026
1022600242,1611661331,203866,6193,1.2600000000,316,-7.0970000000,4800,0.6620000000,20,-13.1050000000,1057,6.7490000000,10,22026
1022600242,1611661320,204324,4013,-8.3110000000,271,-21.9070000000,2319,-14.5320000000,224,0.4300000000,1199,5.1630000000,10,22026
1022600242,1611661331,204329,4473,-0.9740000000,223,-4.8840000000,2828,-4.2630000000,35,4.9430000000,1387,6.2130000000,10,22026
1022600242,1611661320,204365,3837,-10.1770000000,1669,-8.2370000000,1742,-13.0940000000,247,-14.2270000000,179,5.7090000000,10,22026
1022600242,1611661331,1628508,4805,4.1990000000,576,-2.4840000000,3778,4.3450000000,120,6.7330000000,331,13.2410000000,10,22026
1022600242,1611661320,1628878,3885,2.5930000000,295,-13.4980000000,2909,0.1370000000,59,4.1490000000,622,21.5650000000,10,22026
1022600242,1611661331,1628931,4743,0.0270000000,840,-4.5890000000,3182,0.9440000000,234,-16.1980000000,487,9.7940000000,10,22026
1022600242,1611661331,1630097,2977,3.8940000000,191,-5.4230000000,2303,3.2800000000,63,-15.9790000000,420,14.4780000000,10,22026
1022600242,1611661320,1630148,772,-10.2270000000,107,-22.6930000000,516,-10.7780000000,102,-5.1580000000,47,13.1980000000,10,22026
1022600242,1611661320,1630461,1842,-2.1730000000,413,-7.9930000000,1302,-0.1810000000,62,-21.3240000000,65,13.1740000000,10,22026
1022600242,1611661320,1630996,4740,6.5560000000,616,0.5420000000,3307,6.7310000000,298,9.1830000000,519,11.0710000000,10,22026
1022600242,1611661331,1631007,6272,-2.9790000000,2532,-9.3790000000,2732,4.1070000000,438,-14.5190000000,570,0.3590000000,10,22026
1022600242,1611661331,1641656,1237,-3.1130000000,111,2.8510000000,796,-5.8970000000,12,9.3000000000,318,1.3060000000,10,22026
1022600242,1611661331,1641695,3,-47.0000000000,0,0.0000000000,3,-47.0000000000,0,0.0000000000,0,0.0000000000,10,22026
1022600242,1611661320,1642287,2964,1.0900000000,251,-5.0190000000,1572,0.7700000000,182,0.8690000000,959,3.2570000000,10,22026
1022600242,1611661320,1642324,1,-1.4000000000,0,0.0000000000,1,-1.4000000000,0,0.0000000000,0,0.0000000000,10,22026
1022600242,1611661331,1642767,4532,2.4090000000,483,-0.9340000000,3041,1.8730000000,73,-7.6040000000,935,6.6600000000,10,22026
1022600242,1611661320,1642777,85,-15.5790000000,53,-5.7430000000,32,-31.8690000000,0,0.0000000000,0,0.0000000000,10,22026
1022600242,1611661331,1642822,2046,4.1480000000,571,-5.7670000000,1230,4.8500000000,84,20.6300000000,161,25.3470000000,10,22026
1022600242,1611661320,1643462,1553,-6.9530000000,194,-35.0420000000,1235,-0.7650000000,29,-70.5900000000,95,-10.6160000000,10,22026
1022600243,1611661332,204330,2412,-10.9890000000,172,-15.4220000000,1326,-9.0950000000,131,-28.1980000000,783,-10.3430000000,10,22026
1022600243,1611661332,1627700,3814,0.1860000000,819,-10.6220000000,2883,3.6620000000,20,-43.6650000000,92,-2.9780000000,10,22026
1022600243,1611661332,1627701,513,-11.3530000000,0,0.0000000000,413,-10.9530000000,0,0.0000000000,100,-13.0040000000,10,22026
1022600243,1611661330,1628277,6673,5.8530000000,632,-4.2660000000,5472,7.0160000000,161,-1.2290000000,408,8.7270000000,10,22026
1022600243,1611661330,1628278,189,0.4710000000,0,0.0000000000,111,-3.4200000000,0,0.0000000000,78,6.0090000000,10,22026
1022600243,1611661330,1628280,4048,4.5270000000,227,-23.2010000000,1417,-5.2650000000,259,11.2730000000,2145,13.1150000000,10,22026
1022600243,1611661330,1628886,7428,-9.8420000000,2261,-12.2260000000,4403,-9.3040000000,373,-10.0610000000,391,-1.8950000000,10,22026
1022600243,1611661332,1628915,642,-3.9160000000,51,9.3780000000,564,-4.2920000000,0,0.0000000000,27,-21.1780000000,10,22026
1022600243,1611661332,1629497,4902,13.7570000000,934,3.3420000000,3374,18.7060000000,168,-9.1000000000,426,6.4090000000,10,22026
1022600243,1611661332,1629576,4140,4.2100000000,368,-4.4190000000,3114,6.4580000000,138,-6.2840000000,520,-0.3640000000,10,22026
1022600243,1611661330,1631009,7491,8.9300000000,2227,-1.6240000000,4375,13.5230000000,137,-3.7360000000,752,15.7750000000,10,22026
1022600243,1611661330,1631021,232,5.6690000000,0,0.0000000000,232,5.6690000000,0,0.0000000000,0,0.0000000000,10,22026
1022600243,1611661330,1631044,5862,-2.0520000000,287,-18.7440000000,4297,-2.7170000000,138,5.4770000000,1140,3.7470000000,10,22026
1022600243,1611661332,1631055,4574,-8.1510000000,702,-20.3210000000,2717,-3.6110000000,379,-22.2070000000,776,-6.1730000000,10,22026
1022600243,1611661330,1642291,5552,3.4310000000,419,-6.4110000000,2742,0.6680000000,310,0.7560000000,2081,9.4530000000,10,22026
1022600243,1611661330,1642302,1823,4.0440000000,129,-7.7520000000,1501,3.9480000000,128,14.2910000000,65,9.4820000000,10,22026
1022600243,1611661330,1642320,581,-18.6260000000,273,-17.1160000000,269,-25.5320000000,0,0.0000000000,39,18.4380000000,10,22026
1022600243,1611661332,1642800,2500,-8.3910000000,197,-8.7060000000,1124,-8.4050000000,130,-16.2080000000,1049,-7.3470000000,10,22026
1022600243,1611661330,1642804,59,17.7070000000,0,0.0000000000,59,17.7070000000,0,0.0000000000,0,0.0000000000,10,22026
1022600243,1611661332,1643420,2065,-11.1360000000,192,-10.1830000000,1220,-10.6050000000,62,-28.5950000000,591,-10.7090000000,10,22026
1022600243,1611661330,1643431,385,11.9220000000,4,-95.9500000000,30,-3.6230000000,104,-0.5320000000,247,20.8010000000,10,22026
1022600243,1611661332,1643445,4598,5.0650000000,1196,-0.3870000000,2690,10.2890000000,373,-22.9940000000,339,13.7270000000,10,22026
1022600244,1611661329,202664,3635,-0.8370000000,1254,3.0930000000,1938,-3.4140000000,227,-1.5500000000,216,0.2170000000,10,22026
1022600244,1611661328,203828,1821,1.4280000000,155,13.8980000000,1370,1.6110000000,47,-15.2450000000,249,-4.1980000000,10,22026
1022600244,1611661329,204322,3151,-4.4430000000,159,-2.0520000000,1742,-5.0040000000,73,-5.6450000000,1177,-3.8600000000,10,22026
1022600244,1611661329,204333,4978,1.0190000000,1391,0.4400000000,3008,0.3300000000,305,-0.1240000000,274,12.7950000000,10,22026
1022600244,1611661329,1627671,1424,4.4610000000,257,5.6790000000,1044,3.6080000000,4,9.9000000000,119,9.1260000000,10,22026
1022600244,1611661329,1628922,3386,1.7080000000,230,-7.7190000000,2330,-1.5530000000,41,47.1850000000,785,11.7760000000,10,22026
1022600244,1611661328,1629496,6798,-3.0030000000,565,3.8430000000,4198,-4.4390000000,333,-11.9040000000,1702,0.0080000000,10,22026
1022600244,1611661328,1629567,5794,1.1740000000,1848,-0.8150000000,3215,2.0000000000,292,7.8890000000,439,-0.9690000000,10,22026
1022600244,1611661329,1630096,3700,2.2770000000,446,-1.4790000000,2791,2.3430000000,303,5.4430000000,160,5.6070000000,10,22026
1022600244,1611661328,1631141,3588,-1.7680000000,1180,0.4800000000,1696,-5.3940000000,340,17.2860000000,372,-9.7880000000,10,22026
1022600244,1611661328,1641651,4452,-5.4930000000,420,-4.2290000000,3252,-6.2450000000,56,-61.6730000000,724,1.4930000000,10,22026
1022600244,1611661328,1641660,2613,0.9650000000,406,-7.4550000000,1812,1.8260000000,80,10.7030000000,315,4.3900000000,10,22026
1022600244,1611661329,1642289,4539,1.7440000000,367,4.6540000000,1625,0.9980000000,246,-1.5820000000,2301,2.1630000000,10,22026
1022600244,1611661329,1642292,2916,-1.8760000000,403,-1.8240000000,2184,-2.4250000000,102,0.9530000000,227,2.0460000000,10,22026
1022600244,1611661329,1642786,1623,0.0890000000,35,2.7230000000,1180,0.4220000000,52,1.7080000000,356,-1.5080000000,10,22026
1022600244,1611661328,1642798,5237,-3.6420000000,565,-2.2800000000,2391,-4.5380000000,234,-6.4850000000,2047,-2.6450000000,10,22026
1022600244,1611661328,1642814,3888,-8.5760000000,296,-24.9560000000,2929,-6.0770000000,78,-24.2180000000,585,-10.7160000000,10,22026
1022600244,1611661328,1643428,87,-90.4450000000,0,0.0000000000,87,-90.4450000000,0,0.0000000000,0,0.0000000000,10,22026
1022600244,1611661328,1643443,545,-1.3290000000,83,2.0960000000,436,-3.5560000000,0,0.0000000000,26,25.0880000000,10,22026
1022600244,1611661329,1643447,562,-1.8520000000,65,8.5000000000,363,-2.6630000000,34,8.7440000000,100,-9.2430000000,10,22026
1022600245,1611661313,203822,2700,1.1210000000,338,3.2870000000,1571,2.5500000000,108,-14.5520000000,683,-0.7610000000,10,22026
1022600245,1611661313,204296,3958,-3.2670000000,206,-9.1660000000,2816,-3.2250000000,17,-7.6410000000,919,-1.9920000000,10,22026
1022600245,1611661313,1627668,4623,1.3550000000,580,-0.1050000000,2421,-1.1350000000,360,6.6010000000,1262,5.3050000000,10,22026
1022600245,1611661313,1627673,5316,0.7990000000,753,2.6190000000,2885,-1.6140000000,139,10.5480000000,1539,3.5500000000,10,22026
1022600245,1611661325,1628881,2462,-5.9800000000,150,-4.3830000000,1142,-8.7640000000,172,-38.0700000000,998,2.4960000000,10,22026
1022600245,1611661325,1628899,1030,-8.0580000000,140,-15.8540000000,651,-9.5250000000,38,0.8950000000,201,0.4300000000,10,22026
1022600245,1611661325,1628909,5128,4.8690000000,990,-5.0640000000,3255,7.4430000000,276,-7.2450000000,607,12.7760000000,10,22026
1022600245,1611661325,1628920,149,-2.0820000000,0,0.0000000000,61,-8.9920000000,0,0.0000000000,88,2.7080000000,10,22026
1022600245,1611661313,1629477,4530,10.7050000000,1396,7.5970000000,2272,11.5650000000,217,0.5920000000,645,17.8050000000,10,22026
1022600245,1611661325,1629482,3158,1.0540000000,145,-6.2350000000,2462,-0.2270000000,10,-24.1500000000,541,9.3040000000,10,22026
1022600245,1611661313,1629546,3081,-1.6250000000,760,-2.1840000000,1986,-1.7950000000,42,-27.9330000000,293,4.7440000000,10,22026
1022600245,1611661313,1629566,2888,-3.5640000000,137,-1.4440000000,1755,-7.6170000000,106,-10.5930000000,890,4.9380000000,10,22026
1022600245,1611661325,1630112,1487,-2.1950000000,298,-6.9930000000,1027,1.6360000000,91,-21.6020000000,71,-12.5970000000,10,22026
1022600245,1611661313,1630384,530,-7.6770000000,35,8.9710000000,291,-10.7490000000,10,16.1300000000,194,-7.2990000000,10,22026
1022600245,1611661313,1630469,2763,6.2650000000,777,5.1400000000,1518,7.8400000000,46,-5.0850000000,422,3.9070000000,10,22026
1022600245,1611661325,1631086,3264,4.1360000000,30,-24.1700000000,2749,3.1860000000,9,12.1000000000,476,11.2550000000,10,22026
1022600245,1611661313,1631136,2933,-1.4470000000,466,0.5810000000,1722,-1.9460000000,181,-19.8810000000,564,4.3170000000,10,22026
1022600245,1611661325,1641648,4517,-3.1670000000,954,-8.7020000000,2438,-3.6290000000,365,-10.5920000000,760,8.8290000000,10,22026
1022600245,1611661325,1642286,5898,3.4970000000,1876,-3.9970000000,2803,6.8760000000,615,-2.4560000000,604,17.1590000000,10,22026
1022600245,1611661325,1642815,4550,-8.6220000000,4,-49.3000000000,1469,-6.4740000000,142,-19.4080000000,2935,-9.1200000000,10,22026
1022600245,1611661325,1643433,314,13.7210000000,60,3.7100000000,195,16.9550000000,40,-15.6150000000,19,73.8950000000,10,22026
1022600248,1611661321,202252,3122,0.1950000000,214,4.4530000000,2242,-1.9750000000,23,14.8220000000,643,5.8210000000,10,22026
1022600248,1611661321,203824,4642,-6.0590000000,1253,-14.3920000000,2775,-5.2370000000,104,1.9530000000,510,8.3050000000,10,22026
1022600248,1611661332,204330,5350,-4.7880000000,504,-5.4910000000,2845,-8.8910000000,108,-0.8050000000,1893,1.3370000000,10,22026
1022600248,1611661332,1627701,2145,-5.7240000000,183,-9.8920000000,1160,-0.7940000000,40,-17.3280000000,762,-11.6180000000,10,22026
1022600248,1611661332,1628915,3307,2.7950000000,663,-7.3370000000,2373,5.4040000000,83,-8.6040000000,188,10.6260000000,10,22026
1022600248,1611661321,1629481,5667,-8.5760000000,1183,-26.9300000000,3711,-1.6510000000,355,-16.7540000000,418,-11.1700000000,10,22026
1022600248,1611661332,1629497,4752,9.1620000000,1198,3.5070000000,2680,10.0110000000,210,14.8710000000,664,14.1320000000,10,22026
1022600248,1611661321,1629501,5763,-2.5890000000,673,-3.7330000000,2781,-4.7480000000,22,-10.9730000000,2287,0.4540000000,10,22026
1022600248,1611661321,1630386,3882,0.3600000000,129,-12.8350000000,1979,-3.1180000000,23,-43.1610000000,1751,5.8330000000,10,22026
1022600248,1611661332,1631055,2578,-3.0910000000,287,-8.9580000000,1594,-3.1640000000,147,-3.2990000000,550,0.2380000000,10,22026
1022600248,1611661321,1641652,1550,-4.9250000000,101,-14.1500000000,847,-6.1560000000,41,34.1120000000,561,-4.2580000000,10,22026
1022600248,1611661321,1642784,5984,3.3360000000,1786,-1.6200000000,2936,5.4250000000,437,1.2770000000,825,7.7230000000,10,22026
1022600248,1611661321,1642793,1783,11.7180000000,126,9.9380000000,1357,15.9250000000,28,-58.5000000000,272,-1.2160000000,10,22026
1022600248,1611661332,1642800,3146,1.1960000000,270,-2.5630000000,1531,-1.5590000000,72,-3.0530000000,1273,5.5470000000,10,22026
1022600248,1611661332,1643420,5374,-5.5460000000,430,-4.1400000000,3632,-7.2820000000,237,-19.8200000000,1075,2.9010000000,10,22026
1022600248,1611661332,1643445,5504,-6.1400000000,1598,-12.1850000000,3222,-3.1480000000,419,-13.9490000000,265,6.2890000000,10,22026
1022600249,1611661329,202664,2455,-1.0570000000,712,-8.8970000000,1346,0.3930000000,206,7.5830000000,191,8.6260000000,10,22026
1022600249,1611661331,203026,3669,2.2460000000,917,-4.7400000000,2294,2.6230000000,281,13.5690000000,177,15.5720000000,10,22026
1022600249,1611661331,203866,3967,-2.3400000000,176,-3.2050000000,3187,-2.2280000000,73,-36.6160000000,531,1.9860000000,10,22026
1022600249,1611661329,204322,2391,-2.6030000000,158,-13.3940000000,1251,-8.5480000000,70,-2.2690000000,912,7.3940000000,10,22026
1022600249,1611661329,204333,4128,-0.5310000000,1158,-9.2900000000,2414,0.9220000000,218,4.1140000000,338,16.1030000000,10,22026
1022600249,1611661329,1627671,2166,9.0560000000,330,-2.3900000000,1456,11.8450000000,40,-36.6770000000,340,13.6040000000,10,22026
1022600249,1611661331,1628508,6281,5.3190000000,499,-2.0060000000,4902,5.6340000000,295,-3.0280000000,585,13.1440000000,10,22026
1022600249,1611661329,1628922,3192,5.4220000000,357,0.2320000000,2090,2.4300000000,130,20.5940000000,615,15.3960000000,10,22026
1022600249,1611661331,1628931,7252,-0.3830000000,874,-7.2070000000,4462,1.2190000000,298,-5.5780000000,1618,-0.1550000000,10,22026
1022600249,1611661329,1630096,2349,-0.5440000000,478,-10.1100000000,1552,1.1170000000,140,3.1350000000,179,7.7210000000,10,22026
1022600249,1611661331,1630097,4243,-4.4850000000,147,-2.8430000000,3218,-3.2000000000,92,-25.5150000000,786,-7.5900000000,10,22026
1022600249,1611661331,1631007,5852,-10.5360000000,2264,-11.9450000000,2899,-8.4240000000,306,-24.2750000000,383,-7.2160000000,10,22026
1022600249,1611661331,1641656,2982,-10.3540000000,191,-20.5100000000,1751,-11.6450000000,21,-3.8860000000,1019,-6.3660000000,10,22026
1022600249,1611661331,1641695,1003,-13.5210000000,181,-22.7360000000,449,-9.7500000000,7,-28.0140000000,366,-13.3140000000,10,22026
1022600249,1611661329,1642289,2747,5.7330000000,82,-11.5050000000,1009,-7.6130000000,125,9.9730000000,1531,15.1050000000,10,22026
1022600249,1611661329,1642292,3345,3.9830000000,531,-6.6570000000,2407,3.2050000000,121,29.4950000000,286,19.4860000000,10,22026
1022600249,1611661329,1642786,2476,-6.2780000000,238,-11.3960000000,1547,-11.3470000000,61,-29.5620000000,630,10.3560000000,10,22026
1022600249,1611661331,1642794,578,-4.9600000000,46,-17.9500000000,482,-4.0260000000,14,-31.1140000000,36,9.3000000000,10,22026
1022600249,1611661331,1642822,4610,-2.9180000000,1391,-10.4220000000,2726,1.8500000000,122,-22.7600000000,371,-3.2910000000,10,22026
1022600249,1611661329,1643447,705,-4.8390000000,76,-30.2570000000,625,-2.0880000000,0,0.0000000000,4,48.2750000000,10,22026
1022600249,1611661331,1643686,578,-6.4130000000,0,0.0000000000,294,2.8570000000,0,0.0000000000,284,-16.0090000000,10,22026
1022600250,1611661324,203825,4790,5.1040000000,207,-6.3810000000,4101,5.1950000000,36,5.8190000000,446,9.5310000000,10,22026
1022600250,1611661324,203827,4411,0.4860000000,345,1.4250000000,1896,2.0460000000,257,-7.2690000000,1913,-0.1880000000,10,22026
1022600250,1611661324,1627675,4739,-4.9060000000,1177,-1.3660000000,3140,-6.0300000000,80,-2.1540000000,342,-7.4200000000,10,22026
1022600250,1611661324,1628269,2251,-0.2460000000,190,-3.2890000000,1470,-2.1850000000,40,31.7550000000,551,3.6520000000,10,22026
1022600250,1611661327,1628317,3057,3.6810000000,198,10.7170000000,2202,1.0240000000,32,-4.6940000000,625,11.2440000000,10,22026
1022600250,1611661324,1629483,5071,4.2430000000,366,0.4300000000,2715,0.4260000000,309,15.8380000000,1681,9.1070000000,10,22026
1022600250,1611661327,1629484,4516,-0.2300000000,125,5.6550000000,2621,-0.2970000000,106,-13.9240000000,1664,0.3060000000,10,22026
1022600250,1611661327,1629524,5499,9.4270000000,749,10.3350000000,3403,7.5630000000,230,6.7470000000,1117,15.0450000000,10,22026
1022600250,1611661324,1630471,1691,-2.0900000000,380,2.9520000000,1197,-4.5130000000,36,8.4860000000,78,5.6420000000,10,22026
1022600250,1611661327,1631083,4173,-0.6920000000,353,4.5600000000,2324,-4.1940000000,132,0.3540000000,1364,3.8150000000,10,22026
1022600250,1611661324,1641657,1342,1.6700000000,77,-1.3550000000,666,-2.6310000000,43,13.9470000000,556,6.2910000000,10,22026
1022600250,1611661327,1641683,1593,0.1910000000,363,2.7860000000,923,-4.9240000000,70,-0.1110000000,237,16.2270000000,10,22026
1022600250,1611661327,1642296,3707,0.4530000000,113,-3.6580000000,2797,-0.5750000000,39,-2.9130000000,758,5.0310000000,10,22026
1022600250,1611661324,1643426,5739,6.7890000000,2282,5.2330000000,2965,8.9410000000,226,-8.1580000000,266,8.8400000000,10,22026
1022600250,1611661327,1643436,2689,4.4520000000,54,11.4500000000,1160,5.4100000000,40,15.8080000000,1435,3.0970000000,10,22026
1022600250,1611661324,1643489,1623,-3.8300000000,175,-1.3220000000,1303,-5.3470000000,50,6.1880000000,95,7.0790000000,10,22026
1022600250,1611661324,1643490,408,-1.3620000000,79,8.2010000000,251,-8.2690000000,58,3.6140000000,20,33.1100000000,10,22026
1022600250,1611661327,1643494,2478,0.8950000000,252,17.3980000000,1603,-3.5380000000,68,28.4740000000,555,2.8270000000,10,22026
1022600250,1611661327,1643506,3565,-1.7370000000,1726,3.5040000000,1338,-4.1850000000,340,-17.1970000000,161,-4.9220000000,10,22026
1022600250,1611661327,1643527,3363,0.0900000000,1578,-1.3870000000,1118,-0.8160000000,360,3.5440000000,307,6.9240000000,10,22026
1022600251,1611661323,203398,709,-10.3330000000,49,-10.2100000000,215,-3.1110000000,16,5.7500000000,429,-14.5660000000,10,22026
1022600251,1611661330,1628277,3217,-26.4500000000,386,-23.8590000000,2361,-24.8520000000,67,-76.5280000000,403,-29.9630000000,10,22026
1022600251,1611661330,1628278,344,-24.2930000000,21,-9.6240000000,283,-28.3410000000,0,0.0000000000,40,-3.3580000000,10,22026
1022600251,1611661330,1628280,100,-44.7280000000,0,0.0000000000,49,1.1920000000,0,0.0000000000,51,-88.8470000000,10,22026
1022600251,1611661330,1628886,2272,-14.2860000000,785,-8.1290000000,1061,-12.6810000000,119,-26.8970000000,307,-30.6890000000,10,22026
1022600251,1611661323,1629568,805,-0.9650000000,126,-20.3920000000,459,0.0690000000,0,0.0000000000,220,8.0040000000,10,22026
1022600251,1611661330,1631009,2175,-3.1680000000,411,-3.5560000000,1208,5.1910000000,19,-31.0630000000,537,-20.6890000000,10,22026
1022600251,1611661330,1631021,1437,-16.9820000000,93,0.2870000000,1085,-13.7920000000,0,0.0000000000,259,-36.5440000000,10,22026
1022600251,1611661330,1631044,2390,-21.9810000000,232,-25.8260000000,1604,-19.0200000000,69,-21.9170000000,485,-29.9430000000,10,22026
1022600251,1611661323,1631135,380,-21.1650000000,30,-14.4100000000,161,-10.3600000000,46,9.2020000000,143,-44.5150000000,10,22026
1022600251,1611661323,1641649,528,12.1210000000,157,-13.3770000000,308,23.0890000000,2,-100.0000000000,61,26.0480000000,10,22026
1022600251,1611661323,1642290,968,-4.6120000000,63,-36.4520000000,713,-3.1310000000,15,-40.1530000000,177,3.7680000000,10,22026
1022600251,1611661330,1642291,2324,-28.4200000000,226,-51.3940000000,769,-26.0260000000,251,-69.4200000000,1078,-15.7650000000,10,22026
1022600251,1611661330,1642302,2000,-49.0040000000,197,-59.0530000000,1639,-44.3490000000,59,-60.8900000000,105,-96.1280000000,10,22026
1022600251,1611661323,1642303,726,-13.3190000000,258,-17.2560000000,288,-17.3660000000,36,0.5830000000,144,-1.6460000000,10,22026
1022600251,1611661330,1642320,2059,-13.9620000000,924,-0.4090000000,927,-20.3460000000,94,-49.6670000000,114,-42.4550000000,10,22026
1022600251,1611661323,1642796,194,-3.2720000000,0,0.0000000000,105,-11.8070000000,8,9.0000000000,81,6.5790000000,10,22026
1022600251,1611661330,1642801,845,-6.0330000000,158,-27.8800000000,581,-1.3730000000,0,0.0000000000,106,0.9910000000,10,22026
1022600251,1611661330,1642804,9,-100.0000000000,0,0.0000000000,0,0.0000000000,0,0.0000000000,9,-100.0000000000,10,22026
1022600251,1611661323,1642809,538,13.4290000000,58,-10.9760000000,370,18.3760000000,43,-0.1580000000,67,15.9580000000,10,22026
1022600251,1611661323,1642817,279,-23.4570000000,136,-23.3460000000,82,-5.5240000000,24,21.6880000000,37,-92.8890000000,10,22026
1022600251,1611661323,1643429,223,-4.2840000000,23,-30.2220000000,176,1.8830000000,22,-26.0140000000,2,-9.6500000000,10,22026
1022600251,1611661330,1643431,2473,-31.1390000000,151,-67.5790000000,1132,-25.9430000000,88,-72.1070000000,1102,-28.2130000000,10,22026
1022600251,1611661323,1643441,300,-8.2550000000,0,0.0000000000,126,-10.4300000000,24,-3.0670000000,150,-7.2590000000,10,22026
1022600251,1611661323,1643448,800,5.3140000000,81,-9.4410000000,530,2.5270000000,26,-1.5460000000,163,22.8030000000,10,22026
1022600251,1611661323,1643449,632,-10.3430000000,161,-16.2240000000,384,0.1540000000,19,-12.2790000000,68,-55.1540000000,10,22026
1022600252,1611661320,203014,5343,1.4430000000,704,-2.8360000000,3214,-1.4580000000,222,14.2730000000,1203,9.3330000000,10,22026
1022600252,1611661313,203822,1855,-7.6820000000,156,-39.8710000000,1203,-5.8180000000,63,-52.0400000000,433,5.1900000000,10,22026
1022600252,1611661313,204296,4209,-2.9220000000,305,-10.6050000000,2925,-1.8160000000,93,-7.4100000000,886,-3.4580000000,10,22026
1022600252,1611661320,204324,5893,0.9030000000,498,-13.7130000000,3029,-3.3000000000,335,-1.7120000000,2031,11.1870000000,10,22026
1022600252,1611661320,204365,5083,-8.0880000000,1959,-10.5170000000,2540,-6.8580000000,206,-25.5800000000,378,5.7640000000,10,22026
1022600252,1611661313,1627668,5470,-6.9240000000,877,-3.9510000000,3361,-6.3100000000,294,-15.5780000000,938,-9.1900000000,10,22026
1022600252,1611661313,1627673,5084,-2.9550000000,574,-3.8440000000,2721,-3.3690000000,137,-4.9240000000,1652,-1.8010000000,10,22026
1022600252,1611661320,1628878,4904,3.0660000000,542,-1.4500000000,3450,2.7110000000,140,9.9220000000,772,6.5810000000,10,22026
1022600252,1611661313,1629477,5279,5.0520000000,1773,-0.9380000000,2341,11.1500000000,233,-29.4670000000,932,9.7590000000,10,22026
1022600252,1611661313,1629546,3839,2.6120000000,501,-6.7220000000,2544,5.3830000000,74,-13.5040000000,720,0.9760000000,10,22026
1022600252,1611661313,1629566,2583,-10.3670000000,169,-17.3400000000,1716,-10.2140000000,81,-16.0190000000,617,-8.1420000000,10,22026
1022600252,1611661320,1630148,1856,-0.5060000000,252,-3.8710000000,1414,-2.7990000000,15,-21.2070000000,175,24.6400000000,10,22026
1022600252,1611661320,1630461,61,12.0620000000,0,0.0000000000,61,12.0620000000,0,0.0000000000,0,0.0000000000,10,22026
1022600252,1611661313,1630469,1769,1.1300000000,458,-2.8630000000,1102,3.1530000000,39,8.6510000000,170,-2.9510000000,10,22026
1022600252,1611661320,1630996,5543,3.4220000000,1012,2.2760000000,3747,3.7630000000,253,0.8840000000,531,4.4130000000,10,22026
1022600252,1611661313,1631136,2918,-4.0380000000,643,-3.8930000000,1495,-3.8180000000,104,-24.9570000000,676,-1.4450000000,10,22026
1022600252,1611661320,1642287,2613,-1.2540000000,213,-7.6650000000,1383,-7.0990000000,44,-23.3950000000,973,9.4590000000,10,22026
1022600252,1611661320,1643462,1695,2.2480000000,201,-21.6420000000,1259,3.9920000000,9,30.6780000000,226,12.6460000000,10,22026
1022600253,1611661319,203833,4878,-1.7790000000,1844,-0.2750000000,2527,-3.7270000000,219,-12.5530000000,288,13.8720000000,10,22026
1022600253,1611661319,203855,3000,-0.4980000000,52,17.1130000000,2170,-5.8860000000,1,-34.0000000000,777,13.4150000000,10,22026
1022600253,1611661319,204319,4394,0.1010000000,443,-10.8870000000,2828,-2.0130000000,56,4.8540000000,1067,10.0170000000,10,22026
1022600253,1611661322,204335,2680,1.6680000000,239,-8.6710000000,2102,2.7260000000,59,-32.3900000000,280,9.7280000000,10,22026
1022600253,1611661319,1628932,6265,9.6260000000,536,9.1170000000,2885,9.0740000000,487,10.1830000000,2357,10.3020000000,10,22026
1022600253,1611661319,1629488,3227,0.5510000000,88,-11.1970000000,1042,-4.0320000000,24,-45.3120000000,2073,3.8840000000,10,22026
1022600253,1611661319,1629498,6356,2.7020000000,1850,-3.2610000000,2875,5.1410000000,432,3.0430000000,1199,5.9290000000,10,22026
1022600253,1611661322,1630446,4343,4.3790000000,232,-3.0790000000,3387,4.7420000000,103,-14.6790000000,621,8.3430000000,10,22026
1022600253,1611661319,1631019,4926,-0.0450000000,143,-14.8290000000,1380,-7.0800000000,121,-12.5820000000,3282,4.0200000000,10,22026
1022600253,1611661322,1631022,5691,-2.1280000000,838,-4.8980000000,2747,-5.3400000000,465,-20.6890000000,1641,9.9230000000,10,22026
1022600253,1611661319,1642769,2621,-4.3410000000,719,-4.6200000000,1497,-5.2580000000,137,-13.9800000000,268,6.4530000000,10,22026
1022600253,1611661322,1642781,5082,-4.2950000000,1477,-11.4950000000,3067,-0.3650000000,149,-29.0420000000,389,1.5400000000,10,22026
1022600253,1611661322,1642785,6142,2.3630000000,1912,-5.0350000000,2906,5.7390000000,350,-12.3630000000,974,12.1030000000,10,22026
1022600253,1611661322,1642792,4566,1.6590000000,153,-10.8220000000,1405,-8.8820000000,127,-11.8240000000,2881,8.0570000000,10,22026
1022600253,1611661322,1643427,2511,1.5140000000,93,-21.2180000000,820,-0.1740000000,34,-3.8940000000,1564,3.8690000000,10,22026
1022600253,1611661322,1643430,2427,1.2270000000,211,-6.5040000000,1819,1.0470000000,83,-9.4080000000,314,10.2760000000,10,22026
1022600253,1611661319,1643444,336,-1.6630000000,51,-17.0000000000,263,2.4440000000,0,0.0000000000,22,-15.2140000000,10,22026
1022600253,1611661322,1643455,234,0.2030000000,12,2.4920000000,55,-8.5710000000,0,0.0000000000,167,2.9280000000,10,22026
1022600253,1611661322,1643467,304,-10.4010000000,12,-45.0920000000,274,-7.4480000000,0,0.0000000000,18,-32.2220000000,10,22026
1022600253,1611661322,1643644,656,-4.8940000000,306,-4.7250000000,249,0.0120000000,64,-17.5810000000,37,-17.3650000000,10,22026
1022600254,1611661321,202252,4820,1.0510000000,247,-17.5520000000,3431,2.0330000000,88,-16.4390000000,1054,3.6750000000,10,22026
1022600254,1611661321,203824,4132,-7.8100000000,1034,-9.5580000000,2801,-6.8970000000,23,51.7570000000,274,-15.5540000000,10,22026
1022600254,1611661325,1628881,1939,-10.0570000000,61,-4.8260000000,851,-15.8750000000,51,-27.1900000000,976,-4.4160000000,10,22026
1022600254,1611661325,1628899,1529,-21.8410000000,89,0.7970000000,822,-17.7240000000,95,-56.1620000000,523,-25.9300000000,10,22026
1022600254,1611661325,1628909,4574,1.2040000000,650,-11.1040000000,2856,3.8070000000,240,-4.0750000000,828,3.4190000000,10,22026
1022600254,1611661321,1629481,5836,-0.0480000000,957,2.0000000000,3841,-2.0070000000,240,-8.6330000000,798,9.5100000000,10,22026
1022600254,1611661325,1629482,2233,-4.3480000000,92,8.7640000000,1865,-2.8010000000,0,0.0000000000,276,-19.1750000000,10,22026
1022600254,1611661321,1629501,6270,2.5190000000,677,-0.2450000000,3530,4.1940000000,99,-11.4420000000,1964,1.1640000000,10,22026
1022600254,1611661321,1629574,943,2.2330000000,75,52.0810000000,373,-2.6990000000,13,-64.6620000000,482,0.0980000000,10,22026
1022600254,1611661325,1630112,2204,-5.1600000000,262,-47.8260000000,1806,2.5800000000,31,-100.0000000000,105,-3.8150000000,10,22026
1022600254,1611661321,1630134,461,-5.7010000000,168,-5.6740000000,261,-7.8500000000,0,0.0000000000,32,11.6910000000,10,22026
1022600254,1611661321,1630386,4897,-0.0740000000,622,4.4730000000,2629,-0.2190000000,47,-14.9110000000,1599,-1.1690000000,10,22026
1022600254,1611661325,1631086,2067,3.1780000000,92,-13.3880000000,1796,4.7390000000,23,-10.7740000000,156,-2.9760000000,10,22026
1022600254,1611661325,1641648,3876,-2.8480000000,408,-10.6690000000,2144,-4.1510000000,276,-22.7930000000,1048,8.1160000000,10,22026
1022600254,1611661321,1641652,2244,-7.6320000000,206,-7.4910000000,1390,-5.2540000000,84,-52.3140000000,564,-6.8880000000,10,22026
1022600254,1611661325,1642286,4493,-8.4140000000,1986,-8.6410000000,1719,-9.2870000000,478,-16.5600000000,310,10.4420000000,10,22026
1022600254,1611661321,1642784,6575,12.6410000000,2268,13.2080000000,3002,12.3340000000,378,17.3940000000,927,10.3080000000,10,22026
1022600254,1611661325,1642815,3073,-5.5960000000,61,42.6110000000,1094,-6.9180000000,312,-9.1890000000,1606,-5.8280000000,10,22026
1022600255,1611661328,203828,1140,-2.2780000000,34,-20.0440000000,888,-5.3270000000,38,43.2450000000,180,6.5110000000,10,22026
1022600255,1611661327,1628317,2629,6.6820000000,216,-1.7100000000,1885,9.9630000000,46,-55.2890000000,482,3.5270000000,10,22026
1022600255,1611661328,1629478,1480,1.8830000000,42,-8.1670000000,1367,1.5090000000,3,6.0000000000,68,15.4240000000,10,22026
1022600255,1611661327,1629484,5055,0.9890000000,141,16.5660000000,2655,-4.0240000000,76,-4.6740000000,2183,6.2760000000,10,22026
1022600255,1611661328,1629496,4121,1.4510000000,370,0.6880000000,2625,0.3390000000,178,-11.2150000000,948,7.2060000000,10,22026
1022600255,1611661327,1629524,5338,11.7250000000,729,1.5020000000,3576,11.2580000000,123,-1.0740000000,910,23.4810000000,10,22026
1022600255,1611661328,1629567,4561,11.8720000000,1296,9.9020000000,2363,9.0110000000,326,22.2440000000,576,22.1740000000,10,22026
1022600255,1611661327,1631083,5235,-5.1920000000,307,-8.5490000000,3225,-5.8620000000,309,-17.6700000000,1394,-0.1370000000,10,22026
1022600255,1611661328,1631141,4858,-1.1320000000,1675,-1.8050000000,2443,-2.5100000000,204,-8.8170000000,536,10.1720000000,10,22026
1022600255,1611661328,1641651,3529,-8.0460000000,171,-17.5890000000,2743,-10.2170000000,35,8.0400000000,580,4.0660000000,10,22026
1022600255,1611661328,1641660,1615,3.3670000000,117,-3.0140000000,1306,6.0140000000,67,-54.2550000000,125,12.5670000000,10,22026
1022600255,1611661327,1641683,3852,2.1620000000,573,-0.6650000000,2466,-0.7230000000,192,-11.0320000000,621,20.3060000000,10,22026
1022600255,1611661327,1642296,2918,-3.3250000000,74,-2.9530000000,2256,-6.0100000000,50,-15.0100000000,538,8.9660000000,10,22026
1022600255,1611661327,1642304,5062,-2.7960000000,2672,-2.3420000000,1719,-3.9290000000,291,-4.5900000000,380,0.5170000000,10,22026
1022600255,1611661328,1642798,3041,4.9690000000,222,-8.5720000000,1230,1.5670000000,276,3.9380000000,1313,10.6610000000,10,22026
1022600255,1611661328,1642814,556,9.0990000000,107,2.7220000000,401,9.5580000000,20,10.1150000000,28,26.1710000000,10,22026
1022600255,1611661327,1643436,2262,2.3980000000,51,-5.7760000000,810,9.1290000000,56,-25.9930000000,1345,-0.1630000000,10,22026
1022600255,1611661328,1643443,2776,4.8630000000,322,6.7730000000,1475,1.0100000000,42,8.8360000000,937,10.0930000000,10,22026
1022600255,1611661327,1643494,2041,-3.9100000000,213,-6.1700000000,1270,-4.3640000000,78,-18.2280000000,480,0.6220000000,10,22026
1022600255,1611661327,1643506,2281,-6.9410000000,987,-5.7560000000,1086,-7.5930000000,162,-6.4530000000,46,-18.7000000000,10,22026
1022600255,1611661327,1643527,107,16.3930000000,9,-3.1560000000,51,15.0120000000,0,0.0000000000,47,21.6360000000,10,22026
1022600256,1611661313,203822,2820,4.3640000000,217,-12.9500000000,1757,5.3700000000,75,-16.5010000000,771,8.9740000000,10,22026
1022600256,1611661313,204296,5197,0.6270000000,188,-13.4660000000,3592,3.4600000000,43,-13.7140000000,1374,-4.4030000000,10,22026
1022600256,1611661313,1627668,6130,0.9110000000,1089,-7.2060000000,3217,3.4230000000,317,-17.6620000000,1507,5.3180000000,10,22026
1022600256,1611661313,1627673,6213,-8.3940000000,937,-15.8120000000,3197,-10.5640000000,188,-10.4850000000,1891,-0.8400000000,10,22026
1022600256,1611661313,1629546,5576,10.3740000000,956,-0.4990000000,3414,14.1230000000,164,-24.6520000000,1042,13.5790000000,10,22026
1022600256,1611661313,1629566,2353,-4.8620000000,196,-23.5120000000,1435,-4.5750000000,0,0.0000000000,722,-0.3690000000,10,22026
1022600256,1611661323,1629568,4368,1.0720000000,459,-3.9420000000,2529,0.1880000000,73,22.4550000000,1307,3.3470000000,10,22026
1022600256,1611661313,1630469,832,1.7380000000,447,1.0800000000,248,5.2820000000,54,-16.6980000000,83,6.6840000000,10,22026
1022600256,1611661313,1630993,1425,3.2040000000,82,-12.2660000000,1124,5.1740000000,66,-34.5760000000,153,13.3170000000,10,22026
1022600256,1611661323,1631135,5023,3.6670000000,167,-8.7540000000,1709,6.3580000000,181,-7.8360000000,2966,3.5180000000,10,22026
1022600256,1611661313,1631136,6079,-8.3130000000,1891,-10.7560000000,2677,-4.7770000000,438,-25.0660000000,1073,-5.9880000000,10,22026
1022600256,1611661323,1641649,5582,0.7680000000,551,2.6670000000,3267,0.6830000000,233,-15.6370000000,1531,2.7640000000,10,22026
1022600256,1611661323,1642303,5458,-2.5660000000,2047,-4.1370000000,2553,-4.3120000000,298,10.0960000000,560,4.3910000000,10,22026
1022600256,1611661323,1642809,3852,-6.5770000000,619,-12.8110000000,2817,-6.3100000000,145,-1.5500000000,271,2.2030000000,10,22026
1022600256,1611661323,1643429,532,-8.6080000000,83,-21.8730000000,398,-8.3790000000,0,0.0000000000,51,11.2000000000,10,22026
1022600256,1611661323,1643437,1148,2.1130000000,191,1.5410000000,899,1.9390000000,7,37.3710000000,51,2.4900000000,10,22026
1022600256,1611661323,1643441,1271,7.3830000000,18,-10.3720000000,360,-0.1690000000,13,41.6080000000,880,10.3310000000,10,22026
1022600256,1611661323,1643448,2082,0.8680000000,106,-14.2950000000,1682,0.5840000000,54,-0.2480000000,240,9.8050000000,10,22026
1022600256,1611661323,1643449,5919,2.6860000000,1514,-3.1970000000,3616,2.4530000000,293,8.3290000000,496,19.0140000000,10,22026
1022600257,1611661320,203014,4799,-1.5040000000,522,-17.2450000000,2655,-3.7680000000,291,-3.0080000000,1331,9.5140000000,10,22026
1022600257,1611661320,204324,5424,-9.6060000000,499,-19.1560000000,2542,-9.6810000000,183,-19.7910000000,2200,-6.5060000000,10,22026
1022600257,1611661322,204335,2579,-5.2860000000,284,-10.7090000000,2000,-6.0120000000,48,-32.3690000000,247,12.0840000000,10,22026
1022600257,1611661320,204365,3594,-3.8300000000,1020,-7.8020000000,2321,-1.9760000000,115,-13.6600000000,138,2.5400000000,10,22026
1022600257,1611661320,1628242,2136,-14.7870000000,240,-15.3900000000,1264,-21.5830000000,92,-8.2530000000,540,0.2780000000,10,22026
1022600257,1611661320,1628878,4924,0.7900000000,1113,-3.0050000000,2860,0.4110000000,51,-1.4960000000,900,6.8170000000,10,22026
1022600257,1611661320,1630148,1864,-11.5860000000,89,-39.0220000000,1491,-10.3130000000,17,-56.6000000000,267,-6.6780000000,10,22026
1022600257,1611661322,1630446,3795,3.7470000000,259,-3.3590000000,2588,2.3740000000,59,-25.4610000000,889,11.7520000000,10,22026
1022600257,1611661320,1630996,5597,-2.0770000000,1026,-4.4890000000,3475,1.8360000000,296,-31.9410000000,800,-4.9310000000,10,22026
1022600257,1611661322,1631022,5427,-1.4310000000,450,-17.3030000000,2395,-6.7030000000,408,-5.3750000000,2174,8.4030000000,10,22026
1022600257,1611661320,1642293,922,-7.5380000000,56,-29.5960000000,495,-6.2410000000,72,17.4100000000,299,-11.5620000000,10,22026
1022600257,1611661322,1642781,1768,-13.0570000000,663,-17.5310000000,935,-8.0050000000,25,-19.5600000000,145,-24.0610000000,10,22026
1022600257,1611661322,1642785,5163,11.4560000000,1737,3.4090000000,2440,14.7460000000,306,3.3340000000,680,23.8660000000,10,22026
1022600257,1611661322,1642792,5748,3.6390000000,361,-17.1380000000,2489,-2.9040000000,219,0.9390000000,2679,12.7400000000,10,22026
1022600257,1611661322,1643427,196,-10.0320000000,33,-23.3730000000,94,-10.5450000000,0,0.0000000000,69,-2.9540000000,10,22026
1022600257,1611661322,1643430,1444,-12.8530000000,224,-15.2290000000,918,-16.1780000000,157,-2.0620000000,145,0.1880000000,10,22026
1022600257,1611661320,1643439,3013,-9.7050000000,878,-13.4930000000,1879,-7.9890000000,137,-6.8850000000,119,-12.0960000000,10,22026
1022600257,1611661320,1643462,1428,3.4990000000,61,-6.0820000000,995,3.9610000000,0,0.0000000000,372,3.8340000000,10,22026
1022600257,1611661322,1643467,2046,5.3410000000,110,-12.6100000000,1567,6.1480000000,47,-26.3940000000,322,12.1750000000,10,22026
1022600257,1611661322,1643644,1328,1.0460000000,365,-7.0960000000,632,-0.9850000000,146,17.4050000000,185,11.1410000000,10,22026
1022600258,1611661324,203825,5582,10.3810000000,471,-2.8130000000,4385,12.0980000000,60,-32.3170000000,666,12.2510000000,10,22026
1022600258,1611661324,203827,5864,-6.9230000000,434,-8.7550000000,2648,-5.6870000000,291,-26.2130000000,2491,-5.6640000000,10,22026
1022600258,1611661319,203833,6233,1.0850000000,2189,4.0750000000,2920,0.2420000000,487,4.0600000000,637,-7.5950000000,10,22026
1022600258,1611661319,203855,1702,-9.1720000000,55,-19.4820000000,1130,-5.8900000000,28,15.2430000000,489,-16.9940000000,10,22026
1022600258,1611661319,204319,5464,-0.2700000000,580,5.8440000000,3468,-1.0970000000,60,13.9270000000,1356,-1.3970000000,10,22026
1022600258,1611661324,1627675,4751,2.4810000000,1085,-8.1580000000,3231,6.6090000000,117,-14.4230000000,318,3.0580000000,10,22026
1022600258,1611661324,1628269,4641,-4.7280000000,173,-30.9730000000,3709,-3.9140000000,20,-37.3700000000,739,-1.7870000000,10,22026
1022600258,1611661319,1628932,6309,8.3760000000,736,16.6510000000,2460,5.4820000000,359,24.4750000000,2754,6.6510000000,10,22026
1022600258,1611661324,1629483,3998,-9.1960000000,477,-16.4740000000,2596,-9.7240000000,204,-0.0030000000,721,-5.0790000000,10,22026
1022600258,1611661319,1629488,2858,9.2110000000,183,14.3770000000,793,11.2860000000,0,0.0000000000,1882,7.8350000000,10,22026
1022600258,1611661319,1629498,6147,0.3780000000,1777,3.5580000000,3234,-2.9670000000,166,6.5790000000,970,4.6460000000,10,22026
1022600258,1611661324,1630471,1898,6.2610000000,247,-0.1340000000,1413,6.8610000000,39,23.4280000000,199,6.5740000000,10,22026
1022600258,1611661319,1631019,5622,-1.4440000000,185,9.0060000000,1090,-7.9870000000,176,8.5410000000,4171,-0.6190000000,10,22026
1022600258,1611661324,1641657,1164,2.0950000000,188,7.7620000000,559,-3.7460000000,0,0.0000000000,417,7.3690000000,10,22026
1022600258,1611661319,1642769,3083,2.6360000000,466,4.5540000000,2210,2.6970000000,32,43.3000000000,375,-3.5810000000,10,22026
1022600258,1611661324,1643426,5437,-2.5510000000,2552,-5.2980000000,2387,3.5440000000,309,-26.4190000000,189,-3.4120000000,10,22026
1022600259,1611661329,202664,4538,2.0520000000,1767,5.0550000000,2363,-1.3030000000,182,11.3540000000,226,6.1590000000,10,22026
1022600259,1611661328,203828,1235,-14.3720000000,122,-5.4580000000,1005,-18.3580000000,4,8.2000000000,104,12.8270000000,10,22026
1022600259,1611661329,204322,1840,0.2290000000,56,-0.8480000000,1083,-2.7960000000,30,-37.6730000000,671,6.8960000000,10,22026
1022600259,1611661329,204333,4511,-3.5280000000,1189,-5.8300000000,2866,-3.7890000000,177,1.3290000000,279,5.8750000000,10,22026
1022600259,1611661329,1627671,1644,1.5840000000,507,2.1140000000,1110,1.3690000000,12,-23.5830000000,15,19.7000000000,10,22026
1022600259,1611661329,1628922,3544,1.1710000000,347,-5.9570000000,2683,-0.3820000000,66,20.5440000000,448,13.1380000000,10,22026
1022600259,1611661328,1629478,2102,-2.4880000000,22,8.9180000000,1922,-3.0760000000,36,2.2220000000,122,3.3140000000,10,22026
1022600259,1611661328,1629496,5563,0.3970000000,608,-4.3940000000,3940,1.6450000000,283,-2.2740000000,732,-1.3060000000,10,22026
1022600259,1611661329,1630096,694,4.8640000000,130,5.3460000000,476,3.5660000000,87,10.1760000000,1,97.9000000000,10,22026
1022600259,1611661328,1631141,5716,-6.8860000000,2316,-12.2960000000,2659,-4.4980000000,271,-7.4390000000,470,6.5820000000,10,22026
1022600259,1611661328,1641651,1525,3.6800000000,42,1.0620000000,1158,1.7290000000,12,-2.1750000000,313,11.4750000000,10,22026
1022600259,1611661328,1641660,524,12.5940000000,35,13.7340000000,388,15.1870000000,36,21.0970000000,65,-8.2060000000,10,22026
1022600259,1611661329,1642289,4482,1.9930000000,258,-0.7640000000,1792,-3.2210000000,196,-5.0730000000,2236,7.1090000000,10,22026
1022600259,1611661329,1642292,3986,-1.5290000000,381,-3.3270000000,3144,-1.1370000000,57,-9.8810000000,404,-1.7040000000,10,22026
1022600259,1611661328,1642307,385,-9.2140000000,33,-35.4640000000,295,-8.5240000000,6,-39.0000000000,51,7.2860000000,10,22026
1022600259,1611661329,1642786,2374,-4.8950000000,101,-17.2870000000,1515,-9.3860000000,47,11.8910000000,711,5.3270000000,10,22026
1022600259,1611661328,1642798,4828,-3.9050000000,581,-5.9330000000,2376,-8.8000000000,223,-11.7990000000,1648,4.9360000000,10,22026
1022600259,1611661328,1642814,656,5.4300000000,21,6.6240000000,452,0.9230000000,61,3.5660000000,122,22.8580000000,10,22026
1022600259,1611661328,1643428,4619,7.9650000000,580,2.7710000000,3384,8.6940000000,111,7.9280000000,544,8.9770000000,10,22026
1022600259,1611661328,1643443,3574,5.5700000000,280,6.0970000000,2271,3.5920000000,185,-0.6700000000,838,12.1290000000,10,22026
1022600259,1611661329,1643447,740,-3.9940000000,45,-2.8000000000,622,-0.9930000000,28,18.0820000000,45,-60.4110000000,10,22026
1022600259,1611661328,1643473,756,5.5820000000,398,3.2730000000,300,8.9200000000,49,-1.4690000000,9,34.8000000000,10,22026
1022600260,1611661317,201886,5556,-2.0680000000,499,-9.4770000000,3928,-3.7030000000,180,-0.2330000000,949,8.2460000000,10,22026
1022600260,1611661317,203826,5613,0.7400000000,1469,-1.9820000000,2417,0.6900000000,511,-0.0620000000,1216,4.4660000000,10,22026
1022600260,1611661317,204468,1746,-5.9180000000,203,9.6750000000,1255,-9.2210000000,63,-10.4810000000,225,-0.2850000000,10,22026
1022600260,1611661317,1627674,5801,1.8760000000,1130,-2.5390000000,3882,1.5720000000,233,2.3390000000,556,12.7710000000,10,22026
1022600260,1611661317,1628244,4354,9.8260000000,894,2.6870000000,2655,8.4700000000,54,-2.8300000000,751,24.0270000000,10,22026
1022600260,1611661327,1628317,2923,6.1260000000,271,-8.5200000000,2195,9.9960000000,37,-47.1490000000,420,0.0470000000,10,22026
1022600260,1611661327,1629484,4886,-4.7210000000,238,6.1760000000,3226,-5.5510000000,58,-46.9260000000,1364,-2.8660000000,10,22026
1022600260,1611661327,1629524,5452,11.7100000000,660,1.0500000000,4163,13.6090000000,167,-14.6000000000,462,19.3420000000,10,22026
1022600260,1611661317,1630442,3171,0.4300000000,83,-10.8950000000,1419,-1.2190000000,115,-19.3600000000,1554,4.0050000000,10,22026
1022600260,1611661327,1631083,3971,-3.1880000000,218,-13.7380000000,2357,-5.0510000000,136,-31.2350000000,1260,5.1490000000,10,22026
1022600260,1611661317,1631118,2327,7.7290000000,530,12.3670000000,1533,6.4340000000,46,9.9520000000,218,5.0940000000,10,22026
1022600260,1611661327,1641683,2937,5.9620000000,533,-6.1430000000,1547,6.2720000000,63,-15.3590000000,794,15.1760000000,10,22026
1022600260,1611661327,1642296,2420,4.9770000000,111,4.1680000000,1924,4.6850000000,9,-14.1440000000,376,7.1670000000,10,22026
1022600260,1611661327,1642304,4748,-7.9580000000,2735,-12.8500000000,1310,3.5970000000,361,-18.4050000000,342,-2.0610000000,10,22026
1022600260,1611661327,1643436,2329,3.1720000000,164,0.4270000000,1084,-0.9570000000,32,21.1690000000,1049,7.3180000000,10,22026
1022600260,1611661317,1643438,223,13.2190000000,9,34.3890000000,75,-11.2750000000,24,72.5580000000,115,15.1520000000,10,22026
1022600260,1611661317,1643493,4610,-0.6730000000,511,-3.3110000000,3446,-2.6660000000,127,9.4170000000,526,12.5050000000,10,22026
1022600260,1611661327,1643494,2907,0.4830000000,90,5.8470000000,1945,-3.0270000000,0,0.0000000000,872,7.7600000000,10,22026
1022600260,1611661327,1643527,1817,-8.4200000000,842,-9.3490000000,695,-3.5600000000,153,-36.2290000000,127,4.6540000000,10,22026
1022600262,1611661321,202252,4322,-1.2780000000,428,-5.3000000000,2835,-3.3180000000,98,-8.4320000000,961,7.2610000000,10,22026
1022600262,1611661331,203026,3819,-3.3600000000,773,-16.8800000000,2472,3.8100000000,277,-36.9410000000,297,3.4720000000,10,22026
1022600262,1611661321,203824,2497,-8.4470000000,656,-10.2650000000,1502,-9.1790000000,14,24.1640000000,325,-2.7980000000,10,22026
1022600262,1611661331,203866,6670,5.1950000000,242,0.9170000000,5033,3.5520000000,40,-26.1530000000,1355,12.9860000000,10,22026
1022600262,1611661331,204329,4604,6.3230000000,373,-12.8120000000,2574,8.0970000000,74,-1.4340000000,1583,8.3100000000,10,22026
1022600262,1611661331,1628508,2631,4.5730000000,446,-4.7840000000,1893,5.5440000000,102,-5.8590000000,190,22.4550000000,10,22026
1022600262,1611661331,1628931,6370,0.8960000000,1420,-9.7120000000,3745,2.0320000000,481,4.2600000000,724,13.5870000000,10,22026
1022600262,1611661321,1629481,6418,1.2690000000,1000,-2.3510000000,4562,0.7270000000,315,-2.3050000000,541,14.6160000000,10,22026
1022600262,1611661321,1629491,4615,4.9260000000,410,-4.9430000000,1579,2.2380000000,192,20.3770000000,2434,7.1140000000,10,22026
1022600262,1611661321,1629501,5606,-0.9820000000,611,-10.9120000000,2859,-0.3280000000,93,1.3850000000,2043,0.9650000000,10,22026
1022600262,1611661331,1630097,2624,3.4210000000,160,-19.9290000000,1980,3.6860000000,93,-29.7740000000,391,19.5310000000,10,22026
1022600262,1611661321,1630134,827,-1.8990000000,278,-6.9670000000,403,1.5450000000,69,-2.9930000000,77,-0.6470000000,10,22026
1022600262,1611661321,1630386,3075,3.9410000000,114,13.3390000000,1503,-0.8440000000,3,24.4000000000,1455,8.1050000000,10,22026
1022600262,1611661331,1631007,6494,-4.1610000000,1954,-16.1150000000,3710,-0.4010000000,285,-5.2540000000,545,13.6730000000,10,22026
1022600262,1611661321,1641652,2589,2.7280000000,105,4.7410000000,1461,1.5860000000,144,-11.8850000000,879,6.7800000000,10,22026
1022600262,1611661331,1641656,600,0.6970000000,83,-20.5280000000,421,5.2250000000,0,0.0000000000,96,-0.8140000000,10,22026
1022600262,1611661331,1642767,3520,-2.1440000000,440,-18.4580000000,2025,-2.6850000000,108,6.6050000000,947,5.5940000000,10,22026
1022600262,1611661321,1642784,5937,8.5490000000,2177,4.1130000000,2656,12.9570000000,483,-4.2560000000,621,15.2050000000,10,22026
1022600262,1611661331,1642822,1384,-18.8230000000,307,-22.2240000000,847,-19.9820000000,71,5.2270000000,159,-16.8230000000,10,22026
1022600265,1611661329,202664,8924,-1.6620000000,2452,-13.9080000000,5424,1.6360000000,402,15.4010000000,646,6.5190000000,10,22026
1022600265,1611661313,203822,3570,-5.6550000000,196,-32.1030000000,2502,-2.6710000000,6,-40.2330000000,866,-8.0530000000,10,22026
1022600265,1611661313,204296,10292,-5.4200000000,374,-13.2220000000,7918,-6.2240000000,174,-24.9550000000,1826,1.5280000000,10,22026
1022600265,1611661329,204322,3140,5.8460000000,322,-1.6580000000,2168,6.9210000000,56,4.5820000000,594,6.1090000000,10,22026
1022600265,1611661329,204333,11552,-1.9730000000,3854,-6.5720000000,6300,-1.9790000000,586,6.6420000000,812,13.6770000000,10,22026
1022600265,1611661313,1627668,10822,4.2890000000,1344,-10.4620000000,5748,5.3720000000,426,-9.3760000000,3304,10.1660000000,10,22026
1022600265,1611661329,1627671,3698,6.5290000000,476,-8.8650000000,2806,8.0610000000,102,-10.8730000000,314,21.8360000000,10,22026
1022600265,1611661313,1627673,2578,0.7650000000,310,-5.9700000000,1318,-2.9920000000,102,-1.1510000000,848,9.2980000000,10,22026
1022600265,1611661329,1628922,10976,3.8500000000,606,4.5900000000,7090,-3.0090000000,654,7.8000000000,2626,21.2170000000,10,22026
1022600265,1611661313,1629477,10780,7.0980000000,3894,5.0770000000,4724,5.0860000000,588,18.1910000000,1574,13.9890000000,10,22026
1022600265,1611661313,1629546,6604,-0.9180000000,1624,-1.3570000000,4120,-0.2170000000,138,-20.3650000000,722,-0.2150000000,10,22026
1022600265,1611661313,1629566,7662,-7.0840000000,568,-9.9070000000,4672,-6.3220000000,378,-30.0890000000,2044,-3.7890000000,10,22026
1022600265,1611661329,1630096,1184,2.5230000000,108,1.1610000000,950,1.3440000000,46,4.7650000000,80,17.0700000000,10,22026
1022600265,1611661313,1630384,1892,-5.4640000000,80,-4.0500000000,756,-7.8760000000,46,-38.6700000000,1010,-2.2590000000,10,22026
1022600265,1611661313,1630469,1678,0.0750000000,480,-12.4310000000,1070,5.2590000000,68,12.8620000000,60,-6.8300000000,10,22026
1022600265,1611661313,1630993,1464,-7.7490000000,102,-24.3730000000,1008,-4.5970000000,0,0.0000000000,354,-11.9360000000,10,22026
1022600265,1611661313,1631136,5878,-2.5320000000,1444,-7.3450000000,2856,-2.3890000000,306,-2.8890000000,1272,2.6960000000,10,22026
1022600265,1611661329,1642289,10092,3.8190000000,744,-15.6270000000,4242,-1.2040000000,330,17.3070000000,4776,10.3770000000,10,22026
1022600265,1611661329,1642292,2358,-1.4710000000,284,-1.9750000000,1778,2.7010000000,102,7.2160000000,194,-43.5360000000,10,22026
1022600265,1611661329,1642321,11262,-0.3430000000,1308,-7.5770000000,8096,-0.7370000000,300,9.5100000000,1558,5.8850000000,10,22026
1022600265,1611661329,1643447,630,-2.4050000000,60,-7.4770000000,468,-6.0730000000,2,36.3000000000,100,17.0280000000,10,22026
1022600266,1611661319,203833,6010,3.1620000000,1846,-0.1710000000,3436,2.1900000000,162,10.6430000000,566,17.7900000000,10,22026
1022600266,1611661319,203855,1802,-7.1050000000,44,-34.5860000000,1335,-10.7890000000,29,-5.5900000000,394,8.3380000000,10,22026
1022600266,1611661319,204319,5147,5.6990000000,344,-5.2980000000,3893,5.6960000000,20,-19.9450000000,890,10.5360000000,10,22026
1022600266,1611661319,204323,595,-15.9220000000,88,-11.2830000000,203,1.1900000000,24,-24.4880000000,280,-29.0520000000,10,22026
1022600266,1611661330,1628277,6053,9.8980000000,595,-4.8810000000,4816,14.0410000000,185,-9.0450000000,457,-6.8480000000,10,22026
1022600266,1611661330,1628886,5791,-10.7480000000,1826,-18.3670000000,3012,-4.2660000000,378,-36.3250000000,575,-3.6970000000,10,22026
1022600266,1611661319,1628932,6542,0.1900000000,817,-9.3710000000,2642,2.7450000000,593,11.1370000000,2490,-1.9910000000,10,22026
1022600266,1611661319,1629488,3406,-10.0530000000,142,-15.9490000000,1044,-21.9400000000,19,10.6470000000,2201,-4.2140000000,10,22026
1022600266,1611661319,1629498,6521,7.7480000000,1598,1.1970000000,3675,12.3020000000,268,11.5640000000,980,0.3070000000,10,22026
1022600266,1611661330,1631009,7046,7.3360000000,2002,-6.1300000000,4069,15.3250000000,317,-14.9290000000,658,9.6260000000,10,22026
1022600266,1611661319,1631019,4564,-4.9400000000,194,-18.6090000000,1037,-7.0920000000,343,-28.2720000000,2990,-0.6310000000,10,22026
1022600266,1611661330,1631044,5760,-2.2900000000,318,-11.5780000000,4186,-2.2910000000,47,-37.0340000000,1209,1.5100000000,10,22026
1022600266,1611661330,1642291,6948,-8.3160000000,414,-21.9370000000,3006,-11.9560000000,399,-16.8270000000,3129,-1.9320000000,10,22026
1022600266,1611661330,1642302,2627,0.5060000000,439,-5.0060000000,1962,2.0290000000,124,-1.5360000000,102,-2.5770000000,10,22026
1022600266,1611661319,1642769,3009,-10.9570000000,1044,-12.8720000000,1600,-7.3220000000,73,-68.5900000000,292,-9.6240000000,10,22026
1022600266,1611661330,1642804,455,5.3430000000,109,-14.5880000000,231,9.9770000000,30,-12.7730000000,85,24.7020000000,10,22026
1022600266,1611661330,1643431,1532,-9.2380000000,19,-15.9370000000,582,-21.0690000000,58,-27.3240000000,873,-0.0030000000,10,22026
1022600266,1611661319,1643444,857,-28.2010000000,32,-2.9940000000,482,-20.4890000000,13,9.7850000000,330,-43.4050000000,10,22026
1022600267,1611661332,204330,2539,-1.9410000000,435,0.4760000000,1372,-5.4600000000,129,-5.0830000000,603,4.9960000000,10,22026
1022600267,1611661322,204335,2338,9.4190000000,212,-11.3400000000,1825,10.6820000000,103,16.5530000000,198,16.2850000000,10,22026
1022600267,1611661332,1627700,2887,-2.4520000000,774,-11.0750000000,1811,0.0230000000,43,-14.6370000000,259,8.0280000000,10,22026
1022600267,1611661332,1627701,2056,-0.8130000000,156,-14.2350000000,1186,-1.4960000000,84,4.1350000000,630,3.1370000000,10,22026
1022600267,1611661332,1628915,2808,5.6440000000,354,-2.0000000000,2167,6.1650000000,69,-2.8410000000,218,15.5620000000,10,22026
1022600267,1611661322,1630446,4173,-5.9110000000,319,-18.0690000000,3353,-5.5290000000,9,-63.1110000000,492,0.4170000000,10,22026
1022600267,1611661322,1631022,3182,7.3160000000,144,-5.4640000000,1149,-3.8150000000,195,1.8870000000,1694,16.5770000000,10,22026
1022600267,1611661322,1642781,3318,-2.3450000000,1308,-6.8430000000,1665,0.9420000000,153,-7.9930000000,192,4.2930000000,10,22026
1022600267,1611661322,1642785,4253,6.0730000000,1421,-4.0050000000,1782,9.6210000000,262,-1.0900000000,788,18.6050000000,10,22026
1022600267,1611661332,1642791,784,9.9390000000,17,-13.0290000000,691,9.4960000000,0,0.0000000000,76,19.1080000000,10,22026
1022600267,1611661322,1642792,4014,5.7600000000,269,15.1980000000,1493,-7.4160000000,307,14.3090000000,1945,13.2200000000,10,22026
1022600267,1611661332,1642800,2317,6.8570000000,123,-3.4220000000,1149,0.1880000000,168,13.3510000000,877,15.7940000000,10,22026
1022600267,1611661322,1642802,286,6.0150000000,122,-12.6720000000,136,10.1830000000,0,0.0000000000,28,67.1930000000,10,22026
1022600267,1611661332,1643420,3411,-0.3880000000,561,-2.7350000000,2110,-0.9440000000,236,-9.8470000000,504,8.9820000000,10,22026
1022600267,1611661322,1643427,4014,4.9410000000,101,-1.3010000000,1604,-6.6960000000,319,1.5490000000,1990,15.1810000000,10,22026
1022600267,1611661322,1643430,3346,-5.6800000000,426,-2.9200000000,2093,-7.1630000000,72,-13.3040000000,755,-2.4010000000,10,22026
1022600267,1611661322,1643440,257,-10.8530000000,0,0.0000000000,233,-10.5970000000,0,0.0000000000,24,-13.3420000000,10,22026
1022600267,1611661332,1643445,2443,6.7580000000,1051,5.9910000000,1145,8.1030000000,154,-1.3640000000,93,12.3300000000,10,22026
1022600267,1611661322,1643450,286,-5.2050000000,152,-13.5250000000,134,4.2330000000,0,0.0000000000,0,0.0000000000,10,22026
1022600267,1611661322,1643455,937,-10.9870000000,30,1.1430000000,375,-13.2830000000,68,-15.4810000000,464,-9.2570000000,10,22026
1022600267,1611661332,1643457,2065,-0.0080000000,108,-21.1440000000,1247,-1.7130000000,42,-6.1600000000,668,6.9770000000,10,22026
1022600267,1611661322,1643467,286,4.6370000000,12,-13.2920000000,34,-23.8290000000,0,0.0000000000,240,9.5670000000,10,22026
1022600267,1611661322,1643644,806,-12.6840000000,208,-26.9510000000,419,-19.0530000000,110,18.1470000000,69,19.8570000000,10,22026
1022600267,1611661332,1643706,1891,6.1550000000,141,-2.3010000000,1525,5.5700000000,0,0.0000000000,225,15.4160000000,10,22026
1022600268,1611661331,203026,4400,-0.1960000000,814,-3.2350000000,3008,-1.7020000000,207,24.9780000000,371,4.6400000000,10,22026
1022600268,1611661324,203825,5729,2.0050000000,759,8.1050000000,4391,-0.5330000000,81,-5.3690000000,498,16.2900000000,10,22026
1022600268,1611661324,203827,5413,4.9800000000,540,1.3140000000,2520,-0.5680000000,213,-4.6320000000,2140,13.3940000000,10,22026
1022600268,1611661331,203866,4193,-3.2100000000,120,-4.3460000000,3160,-4.9190000000,62,-17.5790000000,851,4.3440000000,10,22026
1022600268,1611661331,204329,3400,1.2220000000,281,3.6730000000,1896,2.5480000000,36,-10.7500000000,1187,-1.1130000000,10,22026
1022600268,1611661324,1627675,4485,-5.7030000000,1255,-15.5070000000,2939,-2.9240000000,134,-3.6620000000,157,18.9030000000,10,22026
1022600268,1611661324,1628269,2879,3.0010000000,185,10.2680000000,2274,0.3650000000,0,0.0000000000,420,14.0740000000,10,22026
1022600268,1611661331,1628508,6074,4.9320000000,641,-4.5300000000,4448,3.2910000000,229,31.9260000000,756,14.4310000000,10,22026
1022600268,1611661331,1628931,6247,0.1600000000,1173,7.3950000000,4383,-3.1830000000,289,17.0490000000,402,3.3520000000,10,22026
1022600268,1611661324,1629483,6088,9.9880000000,420,0.9820000000,3806,7.0140000000,361,31.3010000000,1501,14.9230000000,10,22026
1022600268,1611661331,1630097,2914,5.4850000000,104,3.0510000000,2063,3.1150000000,60,27.4550000000,687,11.0530000000,10,22026
1022600268,1611661324,1630471,1218,0.0940000000,195,-1.2070000000,829,-1.1070000000,14,-15.9570000000,180,8.2810000000,10,22026
1022600268,1611661331,1631007,7253,0.3120000000,2882,0.1820000000,3319,-0.5970000000,400,8.6780000000,652,0.3860000000,10,22026
1022600268,1611661324,1641657,1934,-2.3770000000,55,-1.4310000000,1384,-3.9420000000,51,4.9310000000,444,1.5430000000,10,22026
1022600268,1611661331,1642767,4736,7.9700000000,491,9.8060000000,2519,2.0620000000,68,41.5250000000,1658,15.0270000000,10,22026
1022600268,1611661331,1642822,738,-4.8460000000,113,-2.2450000000,566,-6.2430000000,21,0.6710000000,38,5.1740000000,10,22026
1022600268,1611661324,1643426,4874,-3.2340000000,1961,-2.5570000000,2392,-4.3790000000,300,-9.0650000000,221,11.0590000000,10,22026
1022600270,1611661319,203833,4124,2.5600000000,1023,-1.7830000000,2453,5.4670000000,175,-22.1350000000,473,6.0170000000,10,22026
1022600270,1611661319,203855,3785,-4.9730000000,84,-11.3200000000,2721,-5.6870000000,73,-33.0000000000,907,0.0140000000,10,22026
1022600270,1611661319,204319,3733,5.7170000000,405,-8.0070000000,2496,5.8330000000,41,-12.0460000000,791,13.2990000000,10,22026
1022600270,1611661319,204323,2322,-5.3350000000,133,-18.5510000000,1136,-5.7540000000,59,-8.7290000000,994,-2.8860000000,10,22026
1022600270,1611661319,1628932,4174,-1.1360000000,418,-10.1830000000,1635,2.2380000000,348,-23.7700000000,1773,2.3290000000,10,22026
1022600270,1611661319,1629488,1016,-11.3040000000,1,-10.7000000000,363,-9.1540000000,0,0.0000000000,652,-12.5020000000,10,22026
1022600270,1611661319,1629498,4265,4.1160000000,1511,-0.3530000000,1837,7.0010000000,279,-15.3180000000,638,14.8900000000,10,22026
1022600270,1611661323,1629568,4147,-2.6100000000,399,-14.1850000000,2106,-5.8990000000,98,-47.9690000000,1544,7.7460000000,10,22026
1022600270,1611661319,1631006,622,3.0570000000,44,-21.3050000000,487,2.3700000000,0,0.0000000000,91,18.5120000000,10,22026
1022600270,1611661319,1631019,2809,-0.8900000000,67,-18.8570000000,578,-2.9630000000,126,-28.3060000000,2038,1.9840000000,10,22026
1022600270,1611661323,1631135,4003,1.3180000000,327,-6.8860000000,1131,3.3140000000,288,2.5790000000,2257,1.3460000000,10,22026
1022600270,1611661323,1641649,2056,1.2460000000,250,-3.0880000000,1269,5.4290000000,146,-7.3510000000,391,-6.3480000000,10,22026
1022600270,1611661323,1642303,4274,-6.6380000000,1933,-13.9990000000,2035,-0.5790000000,134,-4.2990000000,172,2.5880000000,10,22026
1022600270,1611661319,1642769,3443,-0.1690000000,1266,-8.6550000000,1664,3.6060000000,101,-22.6700000000,412,16.1720000000,10,22026
1022600270,1611661323,1642796,1346,-1.8400000000,41,-16.7760000000,471,1.5770000000,62,-8.5050000000,772,-2.5960000000,10,22026
1022600270,1611661323,1642809,4270,-2.2410000000,805,-9.9910000000,3051,-1.3400000000,184,-0.6700000000,230,11.6630000000,10,22026
1022600270,1611661323,1643429,2146,1.6830000000,71,-18.0730000000,1589,5.6140000000,89,4.2460000000,397,-11.0910000000,10,22026
1022600270,1611661323,1643437,3492,-0.1490000000,518,-15.1420000000,2728,1.7940000000,21,-45.6190000000,225,15.0520000000,10,22026
1022600270,1611661323,1643441,2648,2.7420000000,122,-23.7140000000,592,-0.2840000000,105,-10.1450000000,1829,6.2270000000,10,22026
1022600270,1611661323,1643448,2975,1.9040000000,157,-6.4550000000,1721,2.8940000000,129,-0.4510000000,968,1.8140000000,10,22026
1022600270,1611661323,1643449,4835,-3.7390000000,1191,-20.2010000000,2988,2.1260000000,150,-19.1690000000,506,4.9470000000,10,22026
1022600270,1611661319,1643495,622,8.9590000000,25,-10.8800000000,338,3.1600000000,10,-20.9600000000,249,20.0240000000,10,22026
1022600271,1611661320,203014,4119,-4.8600000000,414,-15.2160000000,1918,-4.2240000000,286,-0.3070000000,1501,-3.6840000000,10,22026
1022600271,1611661320,204324,4162,-5.9540000000,333,-27.1600000000,2266,-5.4330000000,214,-13.3560000000,1349,-0.4180000000,10,22026
1022600271,1611661320,204365,3072,-3.2470000000,560,-17.3020000000,2106,-0.9240000000,30,-19.3070000000,376,5.9550000000,10,22026
1022600271,1611661320,1628242,401,-0.7660000000,0,0.0000000000,169,-19.2470000000,67,30.8810000000,165,5.3120000000,10,22026
1022600271,1611661330,1628277,3923,6.5630000000,554,-3.7500000000,2856,8.1750000000,189,-12.7430000000,324,21.2530000000,10,22026
1022600271,1611661330,1628278,1291,-7.2470000000,267,-7.2130000000,897,-8.4550000000,24,6.6290000000,103,-0.0520000000,10,22026
1022600271,1611661320,1628878,2617,5.4040000000,366,-6.9120000000,1879,6.8760000000,39,0.5030000000,333,11.2110000000,10,22026
1022600271,1611661330,1628886,4142,-7.6300000000,1418,-12.5220000000,2415,-4.9120000000,133,-13.0810000000,176,-1.4030000000,10,22026
1022600271,1611661320,1630148,1737,2.8010000000,139,-11.4340000000,1409,4.8340000000,54,-31.6890000000,135,10.0360000000,10,22026
1022600271,1611661320,1630996,4016,8.5200000000,716,-0.1560000000,2622,11.7020000000,310,5.2460000000,368,5.4900000000,10,22026
1022600271,1611661330,1631009,4137,6.5780000000,730,-1.4390000000,2761,6.7970000000,223,9.1330000000,423,17.6350000000,10,22026
1022600271,1611661330,1631021,1304,-17.7160000000,349,-29.2750000000,741,-14.2960000000,25,-18.5520000000,189,-9.6710000000,10,22026
1022600271,1611661330,1631044,4588,-4.4100000000,324,-12.8260000000,3492,-4.5830000000,24,0.7080000000,748,-0.1250000000,10,22026
1022600271,1611661320,1642287,3897,-6.7580000000,423,-4.2470000000,2507,-9.6650000000,89,-11.1790000000,878,0.7830000000,10,22026
1022600271,1611661330,1642291,5421,-1.2530000000,961,-16.3540000000,2580,-4.1840000000,266,3.1950000000,1614,11.6920000000,10,22026
1022600271,1611661330,1642302,2372,3.2220000000,245,-17.6910000000,1807,4.8460000000,75,-12.9810000000,245,17.1180000000,10,22026
1022600271,1611661320,1642324,367,3.8440000000,71,2.5030000000,252,1.1380000000,21,9.5000000000,23,32.4650000000,10,22026
1022600271,1611661320,1642777,2039,-1.2900000000,512,-8.1410000000,1173,-1.2990000000,77,-20.2040000000,277,16.6700000000,10,22026
1022600271,1611661330,1642801,1988,7.5650000000,126,-15.1060000000,1636,9.0360000000,20,-64.2250000000,206,16.7240000000,10,22026
1022600271,1611661330,1642804,2713,-0.4200000000,640,-14.0620000000,1887,4.2580000000,65,-0.4020000000,121,-1.2320000000,10,22026
1022600271,1611661330,1643431,2419,-1.7920000000,49,-21.3290000000,809,-8.3270000000,158,-11.5250000000,1403,3.7550000000,10,22026
1022600271,1611661320,1643439,2494,-2.6720000000,1062,-11.6690000000,1091,4.4150000000,228,-7.0470000000,113,22.2940000000,10,22026
1022600271,1611661320,1643462,1376,11.2710000000,63,-14.0950000000,1035,11.3290000000,0,0.0000000000,278,16.8050000000,10,22026
1022600272,1611661324,203825,5689,16.4230000000,280,10.5240000000,4482,16.6940000000,88,18.8100000000,839,16.6910000000,10,22026
1022600272,1611661324,203827,5220,-4.0030000000,906,-6.6240000000,2360,-6.8690000000,247,-19.2980000000,1707,3.5630000000,10,22026
1022600272,1611661322,204335,1583,-8.9260000000,89,8.1100000000,994,-16.6130000000,71,-14.9240000000,429,6.3440000000,10,22026
1022600272,1611661324,1627675,4453,2.6490000000,1156,1.0030000000,2745,1.7250000000,140,-2.5270000000,412,15.1790000000,10,22026
1022600272,1611661324,1628269,4379,-3.1110000000,233,-0.8210000000,3370,-2.8600000000,100,-29.8500000000,676,-1.2000000000,10,22026
1022600272,1611661322,1630446,5430,-1.0360000000,395,-12.6510000000,3932,-1.6350000000,76,14.0420000000,1027,4.6080000000,10,22026
1022600272,1611661324,1630471,1909,-1.4390000000,302,-13.0250000000,1348,0.1370000000,77,-3.0100000000,182,6.7790000000,10,22026
1022600272,1611661322,1631022,6159,3.3300000000,958,4.4940000000,2345,-1.8710000000,417,29.4880000000,2439,3.4010000000,10,22026
1022600272,1611661324,1631064,434,-17.2460000000,31,-11.7550000000,365,-19.7840000000,0,0.0000000000,38,2.6580000000,10,22026
1022600272,1611661324,1641657,2832,-1.7170000000,181,-11.7300000000,1793,-3.7750000000,10,-55.2100000000,848,5.4020000000,10,22026
1022600272,1611661322,1642781,5302,2.6960000000,1860,3.8480000000,2734,0.8200000000,191,-12.8500000000,517,14.2170000000,10,22026
1022600272,1611661322,1642785,7007,1.7940000000,1484,2.7790000000,3739,-0.9190000000,327,7.0930000000,1457,6.5620000000,10,22026
1022600272,1611661322,1642792,6920,3.6430000000,407,-4.7700000000,2338,-8.1680000000,328,1.2860000000,3847,11.9110000000,10,22026
1022600272,1611661324,1642797,145,-22.2880000000,16,6.6500000000,23,8.0390000000,0,0.0000000000,106,-33.2370000000,10,22026
1022600272,1611661324,1643426,4636,-5.9290000000,1777,-5.6120000000,2431,-6.4030000000,335,-6.2930000000,93,1.7060000000,10,22026
1022600272,1611661322,1643427,1466,3.4610000000,201,5.2930000000,486,7.3640000000,23,9.0390000000,756,0.2960000000,10,22026
1022600272,1611661322,1643430,2828,1.3690000000,212,-2.4040000000,2144,-2.3740000000,112,54.2090000000,360,9.4390000000,10,22026
1022600272,1611661322,1643467,151,-50.7950000000,0,0.0000000000,67,-87.1750000000,0,0.0000000000,84,-21.7770000000,10,22026
1022600272,1611661324,1643489,129,-7.7430000000,0,0.0000000000,129,-7.7430000000,0,0.0000000000,0,0.0000000000,10,22026
1022600272,1611661324,1643490,129,9.8180000000,129,9.8180000000,0,0.0000000000,0,0.0000000000,0,0.0000000000,10,22026
1022600272,1611661322,1643644,2041,-1.3500000000,538,-2.0550000000,872,-1.3910000000,124,0.3380000000,507,-0.9450000000,10,22026
1022600273,1611661329,202664,5016,-6.0480000000,1211,-13.8380000000,3305,-3.2540000000,221,-4.1090000000,279,-6.8660000000,10,22026
1022600273,1611661331,203026,5160,4.9460000000,750,-6.3740000000,3613,7.4230000000,349,4.6150000000,448,4.1830000000,10,22026
1022600273,1611661331,203866,4077,-1.5950000000,64,0.6910000000,3319,-4.6330000000,58,-10.7570000000,636,14.8640000000,10,22026
1022600273,1611661329,204322,659,-23.9150000000,48,-29.2330000000,184,-23.4780000000,0,0.0000000000,427,-23.5050000000,10,22026
1022600273,1611661331,204329,3298,-11.0340000000,230,-21.1760000000,1881,-11.1410000000,82,-32.1410000000,1105,-7.1750000000,10,22026
1022600273,1611661329,204333,6162,-5.3690000000,2207,-5.7310000000,3355,-5.9570000000,214,2.9000000000,386,-2.7810000000,10,22026
1022600273,1611661329,1627671,3081,-3.2480000000,473,5.0090000000,2405,-3.5710000000,41,9.2020000000,162,-25.7060000000,10,22026
1022600273,1611661331,1628508,2686,3.9260000000,543,7.9130000000,1744,5.6700000000,226,-0.5600000000,173,-20.3080000000,10,22026
1022600273,1611661329,1628922,4923,6.5150000000,231,-6.2920000000,2562,0.6230000000,191,-22.1150000000,1939,18.6460000000,10,22026
1022600273,1611661331,1628931,3637,3.5590000000,516,1.6900000000,2667,4.8590000000,168,-1.4400000000,286,-2.2550000000,10,22026
1022600273,1611661331,1630097,2899,1.0160000000,264,-2.6890000000,2145,-0.1880000000,85,-6.7070000000,405,11.4320000000,10,22026
1022600273,1611661331,1631007,3659,-2.9550000000,1262,-11.2190000000,1960,2.1040000000,232,-14.7000000000,205,12.8500000000,10,22026
1022600273,1611661331,1641656,3826,-8.3970000000,248,-15.9560000000,2339,-8.7440000000,139,-8.6940000000,1100,-5.9170000000,10,22026
1022600273,1611661329,1642289,6130,-2.9900000000,439,-20.9470000000,2232,-10.9900000000,261,11.8570000000,3198,3.8460000000,10,22026
1022600273,1611661329,1642292,2134,-2.2930000000,349,-3.1710000000,1466,-3.9790000000,55,-1.7040000000,264,8.1050000000,10,22026
1022600273,1611661329,1642321,2769,-0.7640000000,462,3.1760000000,2124,-1.7290000000,49,-22.5570000000,134,8.9100000000,10,22026
1022600273,1611661331,1642767,3694,5.8530000000,256,-2.0610000000,2252,5.1810000000,63,-17.0900000000,1123,10.2930000000,10,22026
1022600273,1611661329,1642786,218,7.8830000000,36,13.4750000000,93,-13.4920000000,0,0.0000000000,89,27.9560000000,10,22026
1022600273,1611661331,1642794,30,-22.4370000000,30,-22.4370000000,0,0.0000000000,0,0.0000000000,0,0.0000000000,10,22026
1022600273,1611661331,1642822,5534,-3.6790000000,1800,-11.7130000000,3007,0.8450000000,309,-12.5070000000,418,4.9050000000,10,22026
1022600273,1611661329,1643447,2057,-0.1540000000,122,-22.0860000000,1266,-3.6250000000,17,-25.1000000000,652,11.3390000000,10,22026
1022600275,1611661313,203822,648,-1.2110000000,69,-8.8000000000,428,8.5370000000,29,-33.3790000000,122,-23.4720000000,10,22026
1022600275,1611661313,204296,1218,4.3310000000,56,-21.7860000000,1089,2.2110000000,5,100.0000000000,68,52.7430000000,10,22026
1022600275,1611661313,1627668,4929,-5.4890000000,678,-6.0120000000,2867,-3.9570000000,312,-8.9650000000,1072,-8.2460000000,10,22026
1022600275,1611661313,1627673,4548,-4.3120000000,786,-2.1720000000,2841,-5.0180000000,146,-29.9720000000,775,0.9380000000,10,22026
1022600275,1611661325,1628881,1640,-1.2100000000,68,-20.4510000000,645,-4.9450000000,20,-3.5150000000,907,2.9400000000,10,22026
1022600275,1611661325,1628899,1248,-8.3940000000,38,-3.6710000000,724,-13.1470000000,46,25.0000000000,440,-4.4720000000,10,22026
1022600275,1611661325,1628909,4124,4.0120000000,1072,-0.9910000000,2242,5.3640000000,242,0.8910000000,568,9.4470000000,10,22026
1022600275,1611661325,1628920,594,-1.6690000000,62,11.5710000000,174,-13.4360000000,13,-20.5620000000,345,2.5980000000,10,22026
1022600275,1611661313,1629477,4279,8.7980000000,1138,3.0490000000,2448,11.3430000000,177,1.4000000000,516,11.9430000000,10,22026
1022600275,1611661325,1629482,2508,-1.5680000000,64,6.8730000000,2213,-2.1240000000,13,-20.6000000000,218,2.7270000000,10,22026
1022600275,1611661313,1629546,1720,10.8160000000,356,14.5260000000,987,7.4160000000,1,-19.9000000000,376,16.3100000000,10,22026
1022600275,1611661313,1629566,956,-8.3950000000,131,-4.8530000000,684,-7.0710000000,0,0.0000000000,141,-18.1100000000,10,22026
1022600275,1611661325,1630112,1102,-7.4300000000,232,-14.1410000000,804,-5.4460000000,0,0.0000000000,66,-8.0050000000,10,22026
1022600275,1611661313,1630142,4721,2.2990000000,532,1.3370000000,2663,3.4800000000,91,-38.2020000000,1435,3.0330000000,10,22026
1022600275,1611661325,1631086,2196,-0.1770000000,37,-21.8950000000,1642,0.4780000000,0,0.0000000000,517,-0.7040000000,10,22026
1022600275,1611661313,1631136,4311,-1.3750000000,802,1.4210000000,2451,-1.8100000000,165,-24.3760000000,893,1.5580000000,10,22026
1022600275,1611661325,1641648,3584,-7.9230000000,639,-14.9830000000,1948,-6.8940000000,344,-20.8070000000,653,2.7040000000,10,22026
1022600275,1611661325,1642286,4104,6.8280000000,1467,1.6380000000,2240,11.7010000000,256,-4.6850000000,141,4.3040000000,10,22026
1022600275,1611661325,1642815,2222,2.4130000000,0,0.0000000000,943,-0.8660000000,49,-20.0550000000,1230,5.8220000000,10,22026
1022600276,1611661320,203014,5274,-1.1090000000,460,-4.9600000000,2529,0.3150000000,283,-17.9040000000,2002,0.3510000000,10,22026
1022600276,1611661320,204324,3499,-4.1710000000,296,-16.7060000000,1392,-5.1100000000,205,-30.1620000000,1606,2.2710000000,10,22026
1022600276,1611661320,204365,4316,-4.6130000000,1767,-9.7800000000,2258,-1.0900000000,109,-25.0010000000,182,14.0630000000,10,22026
1022600276,1611661320,1628242,2115,-0.4270000000,59,1.2470000000,1345,-1.2220000000,14,12.6860000000,697,0.7000000000,10,22026
1022600276,1611661320,1628878,4238,2.6550000000,324,-2.4940000000,3531,3.0420000000,53,-25.4320000000,330,8.0740000000,10,22026
1022600276,1611661323,1629568,5396,6.5610000000,410,-9.5440000000,3140,6.3790000000,135,-2.2610000000,1711,11.4520000000,10,22026
1022600276,1611661320,1630148,359,-4.5350000000,0,0.0000000000,343,-6.1600000000,0,0.0000000000,16,30.2880000000,10,22026
1022600276,1611661320,1630996,4971,2.7540000000,735,-5.5240000000,3269,7.0440000000,531,-12.4880000000,436,3.1100000000,10,22026
1022600276,1611661323,1631135,2374,6.6120000000,220,6.8490000000,836,2.7770000000,161,-2.3610000000,1157,10.5870000000,10,22026
1022600276,1611661323,1641649,2304,7.0350000000,121,-16.3960000000,1655,7.4430000000,66,-20.5180000000,462,15.6450000000,10,22026
1022600276,1611661320,1642287,1790,10.0830000000,145,5.6660000000,1221,8.7910000000,14,-30.5430000000,410,16.8780000000,10,22026
1022600276,1611661323,1642303,5115,-1.9370000000,1933,-6.5870000000,2474,-0.4720000000,305,-4.4060000000,403,13.2480000000,10,22026
1022600276,1611661320,1642777,2226,1.9980000000,238,-10.4600000000,1724,2.3790000000,40,-10.4400000000,224,14.5220000000,10,22026
1022600276,1611661323,1642809,4682,-2.5300000000,674,-6.5610000000,3227,-2.5860000000,164,-4.0710000000,617,2.5800000000,10,22026
1022600276,1611661323,1642817,1926,-7.1120000000,548,-2.8500000000,1114,-11.2810000000,58,19.3430000000,206,-3.3560000000,10,22026
1022600276,1611661323,1643429,3152,4.3070000000,358,1.6020000000,2105,2.8650000000,127,-4.6320000000,562,13.4520000000,10,22026
1022600276,1611661323,1643437,2318,2.0170000000,368,0.9900000000,1548,1.1460000000,49,-12.0860000000,353,8.8670000000,10,22026
1022600276,1611661320,1643439,2424,-3.5180000000,1071,-10.6400000000,1099,1.1060000000,105,-14.9210000000,149,21.6090000000,10,22026
1022600276,1611661323,1643441,1939,7.7640000000,27,-14.5630000000,508,6.4920000000,67,-0.1240000000,1337,9.0940000000,10,22026
1022600276,1611661323,1643448,2135,-2.8200000000,288,-4.1690000000,1419,-2.6830000000,70,-16.7660000000,358,0.4500000000,10,22026
1022600276,1611661323,1643449,3947,2.1720000000,786,0.9570000000,2251,1.8550000000,83,-22.4060000000,827,6.6560000000,10,22026
1022600276,1611661320,1643462,1962,2.7140000000,152,-8.4900000000,1505,5.8120000000,44,-33.6340000000,261,-2.4920000000,10,22026
1022600277,1611661317,201886,5229,1.5270000000,686,-13.7190000000,3568,4.0930000000,117,-12.0750000000,858,4.9050000000,10,22026
1022600277,1611661317,203826,5179,-13.8380000000,1206,-21.5010000000,1970,-9.3190000000,442,-31.5900000000,1561,-8.5940000000,10,22026
1022600277,1611661317,204468,2607,1.9520000000,356,-6.6460000000,1957,4.3450000000,25,-2.4040000000,269,-3.6750000000,10,22026
1022600277,1611661317,1627674,5956,7.7980000000,785,4.2460000000,4058,9.5310000000,211,-14.6390000000,902,8.3380000000,10,22026
1022600277,1611661317,1628244,4716,2.8320000000,1098,-13.2230000000,3040,7.9470000000,85,15.1380000000,493,4.9310000000,10,22026
1022600277,1611661330,1628277,6916,8.7930000000,686,-9.3960000000,5450,10.1910000000,165,17.0850000000,615,14.4670000000,10,22026
1022600277,1611661330,1628886,6455,-8.8190000000,2588,-17.8330000000,3279,-3.9880000000,231,-8.2920000000,357,11.8090000000,10,22026
1022600277,1611661317,1630442,3328,-14.6350000000,253,-20.1010000000,1565,-12.0420000000,122,-29.8170000000,1388,-15.2280000000,10,22026
1022600277,1611661330,1631009,4806,15.4800000000,1303,0.8760000000,2530,15.6360000000,77,35.4060000000,896,34.5660000000,10,22026
1022600277,1611661330,1631044,6452,-2.3490000000,400,-9.3320000000,5115,-4.2380000000,43,-42.5420000000,894,13.5160000000,10,22026
1022600277,1611661317,1631118,1843,1.3880000000,592,-4.3740000000,986,4.4460000000,87,-2.0990000000,178,5.3150000000,10,22026
1022600277,1611661330,1642291,6913,-2.0250000000,705,-9.9330000000,3587,-6.0230000000,359,-9.6420000000,2262,7.9900000000,10,22026
1022600277,1611661330,1642302,2253,2.5750000000,296,-0.7770000000,1587,-2.1370000000,45,-19.7890000000,325,31.7320000000,10,22026
1022600277,1611661330,1642804,246,-2.6210000000,92,-15.1150000000,91,-2.1010000000,0,0.0000000000,63,14.8730000000,10,22026
1022600277,1611661330,1643431,1285,8.7220000000,9,97.7440000000,567,10.2710000000,52,-3.5980000000,657,7.1410000000,10,22026
1022600277,1611661317,1643493,4038,1.7760000000,325,-19.2610000000,2888,5.7950000000,195,-36.5260000000,630,6.0640000000,10,22026
1022600278,1611661321,202252,3171,-6.7040000000,157,-5.4660000000,2269,-8.8930000000,52,1.7690000000,693,-0.4500000000,10,22026
1022600278,1611661321,203824,81,-15.3520000000,0,0.0000000000,70,-2.0500000000,0,0.0000000000,11,-100.0000000000,10,22026
1022600278,1611661328,203828,849,-6.2190000000,91,1.3810000000,629,-3.2220000000,0,0.0000000000,129,-26.1930000000,10,22026
1022600278,1611661328,1629478,1165,-42.1900000000,99,-44.4720000000,1008,-44.5440000000,9,-59.0440000000,49,13.9430000000,10,22026
1022600278,1611661321,1629481,5258,-4.3250000000,1309,-11.9750000000,3110,-0.9600000000,291,-38.3020000000,548,12.8940000000,10,22026
1022600278,1611661321,1629491,3591,-2.8490000000,694,-5.0830000000,1373,2.7560000000,357,-20.9340000000,1167,-2.5830000000,10,22026
1022600278,1611661328,1629496,1682,7.2760000000,7,-13.4140000000,1126,5.0250000000,75,-2.2470000000,474,14.4350000000,10,22026
1022600278,1611661321,1629501,4981,-13.9050000000,411,-10.5300000000,2678,-17.6630000000,152,4.8320000000,1740,-10.5540000000,10,22026
1022600278,1611661321,1629574,1908,-23.4970000000,190,-28.1060000000,672,-18.2640000000,25,-89.2000000000,1021,-24.4750000000,10,22026
1022600278,1611661321,1630134,366,-6.0100000000,123,-32.4350000000,226,9.7020000000,7,71.4290000000,10,-90.2900000000,10,22026
1022600278,1611661321,1630386,3623,-12.7990000000,268,-21.1480000000,2284,-16.6790000000,139,-14.2060000000,932,-0.6820000000,10,22026
1022600278,1611661328,1631141,3920,-10.8800000000,1516,-17.6560000000,1956,-9.2530000000,207,11.5270000000,241,-0.7090000000,10,22026
1022600278,1611661328,1641651,1451,-6.4830000000,111,-1.7300000000,1267,-6.4600000000,12,-37.8830000000,61,-9.4340000000,10,22026
1022600278,1611661321,1641652,456,-31.5980000000,44,-12.8050000000,318,-29.9630000000,9,-62.4560000000,85,-44.1780000000,10,22026
1022600278,1611661328,1641660,2370,1.7300000000,302,-12.1020000000,1799,5.0180000000,134,-9.5910000000,135,0.0980000000,10,22026
1022600278,1611661328,1642307,150,20.5060000000,0,0.0000000000,108,41.8810000000,39,-41.6900000000,3,59.5330000000,10,22026
1022600278,1611661321,1642784,4261,-3.0730000000,1187,3.3250000000,2361,-3.4670000000,152,4.3230000000,561,-16.9550000000,10,22026
1022600278,1611661328,1642798,3669,-9.5170000000,246,-15.5110000000,2136,-17.9950000000,265,-14.4630000000,1022,10.9270000000,10,22026
1022600278,1611661328,1642814,150,5.0700000000,0,0.0000000000,112,10.9050000000,0,0.0000000000,38,-12.1290000000,10,22026
1022600278,1611661328,1643428,3354,3.2360000000,570,-3.8950000000,2030,6.8530000000,311,-8.6630000000,443,4.1900000000,10,22026
1022600278,1611661328,1643443,3831,4.2470000000,194,-15.1250000000,2569,2.8050000000,97,-19.0380000000,971,14.2600000000,10,22026
1022600278,1611661328,1643473,761,-4.8190000000,363,2.6170000000,303,-11.2410000000,33,-12.8120000000,62,-12.7190000000,10,22026
1022600279,1611661329,202664,3897,-4.2120000000,721,-14.7590000000,2803,-3.4780000000,88,-11.7630000000,285,17.5780000000,10,22026
1022600279,1611661329,204322,2459,-4.7410000000,250,-6.1510000000,1188,-10.1540000000,60,7.6450000000,961,1.5430000000,10,22026
1022600279,1611661329,204333,4400,-1.1720000000,1629,-5.6280000000,2279,2.4980000000,325,-8.9220000000,167,7.2900000000,10,22026
1022600279,1611661329,1627671,2270,-0.0650000000,384,-9.8660000000,1737,0.0740000000,0,0.0000000000,149,23.5670000000,10,22026
1022600279,1611661325,1628881,3780,-8.8230000000,281,-11.2030000000,1374,-10.9800000000,163,-23.3680000000,1962,-5.7630000000,10,22026
1022600279,1611661325,1628899,2797,-12.0280000000,255,-9.1330000000,1765,-15.0290000000,74,-41.3090000000,703,-2.4620000000,10,22026
1022600279,1611661325,1628909,5775,9.5570000000,1006,-1.1280000000,3467,13.2110000000,382,-0.5310000000,920,11.6600000000,10,22026
1022600279,1611661325,1628920,2495,0.6020000000,179,2.6910000000,969,0.9890000000,27,-24.7700000000,1320,0.5530000000,10,22026
1022600279,1611661329,1628922,5680,0.3470000000,386,-5.9140000000,3542,-3.3290000000,181,2.2940000000,1571,9.9480000000,10,22026
1022600279,1611661325,1629482,1623,2.6830000000,172,5.2730000000,1203,1.9640000000,48,-10.0040000000,200,7.8230000000,10,22026
1022600279,1611661329,1630096,2407,-5.2640000000,345,3.8170000000,1656,-5.1470000000,176,-22.5410000000,230,-6.5030000000,10,22026
1022600279,1611661325,1630112,1736,-0.0700000000,404,-13.8980000000,1161,2.1530000000,38,-48.1340000000,133,36.2590000000,10,22026
1022600279,1611661325,1631086,4624,-1.0920000000,212,-5.2990000000,3845,-0.4030000000,105,-10.3250000000,462,-2.8000000000,10,22026
1022600279,1611661325,1642286,5808,8.8990000000,2328,4.8490000000,2397,14.5490000000,690,-0.0110000000,393,14.0730000000,10,22026
1022600279,1611661329,1642289,3363,3.9870000000,206,-21.5410000000,1251,-4.1970000000,75,-1.2720000000,1831,12.6650000000,10,22026
1022600279,1611661329,1642292,1738,-1.4460000000,404,-5.1590000000,1233,0.0340000000,19,-27.9530000000,82,0.7430000000,10,22026
1022600279,1611661329,1642321,2539,-0.3410000000,496,-3.0320000000,1739,0.1350000000,60,10.9820000000,244,-1.0500000000,10,22026
1022600279,1611661329,1642786,1120,-12.1670000000,154,-24.7190000000,694,-11.9120000000,89,-0.2900000000,183,-8.3500000000,10,22026
1022600279,1611661325,1642788,16,-3.9190000000,0,0.0000000000,16,-3.9190000000,0,0.0000000000,0,0.0000000000,10,22026
1022600279,1611661325,1642803,188,-29.5850000000,0,0.0000000000,0,0.0000000000,0,0.0000000000,188,-29.5850000000,10,22026
1022600279,1611661325,1642815,4733,-6.4680000000,322,-9.6010000000,1957,-8.8890000000,99,-0.6750000000,2355,-4.2710000000,10,22026
1022600279,1611661329,1642835,208,-16.1460000000,0,0.0000000000,106,-1.1660000000,0,0.0000000000,102,-31.7140000000,10,22026
1022600279,1611661325,1643433,836,-1.0310000000,98,-7.6990000000,490,-0.0620000000,38,-12.3290000000,210,1.8620000000,10,22026
1022600279,1611661325,1643453,188,5.3870000000,8,16.2380000000,121,18.0260000000,0,0.0000000000,59,-22.0070000000,10,22026
1022600282,1611661331,203026,3874,2.4950000000,654,8.9680000000,2115,-8.0420000000,289,20.5600000000,816,18.2220000000,10,22026
1022600282,1611661324,203825,5504,7.3280000000,700,3.8180000000,4094,6.8010000000,102,15.0230000000,608,13.6320000000,10,22026
1022600282,1611661324,203827,4236,7.3720000000,324,-0.3950000000,1648,3.4860000000,293,0.6700000000,1971,12.8940000000,10,22026
1022600282,1611661331,203866,1616,5.7940000000,63,-3.8900000000,1000,1.9750000000,0,0.0000000000,553,13.8030000000,10,22026
1022600282,1611661331,204329,5701,5.6270000000,259,9.4100000000,1416,-2.0070000000,70,8.3440000000,3956,8.0640000000,10,22026
1022600282,1611661324,1628269,2666,-4.1870000000,248,-11.3640000000,2211,-3.7760000000,92,-8.2020000000,115,6.6080000000,10,22026
1022600282,1611661331,1628508,6341,1.5400000000,668,3.9190000000,5039,-0.5110000000,159,9.6850000000,475,17.2190000000,10,22026
1022600282,1611661331,1628931,6365,-3.2490000000,1108,4.1930000000,4245,-7.9470000000,361,2.2400000000,651,11.6780000000,10,22026
1022600282,1611661324,1629483,5294,8.8400000000,481,-9.6630000000,2560,4.0760000000,338,20.4550000000,1915,17.8070000000,10,22026
1022600282,1611661331,1630097,1869,-3.5050000000,68,-0.9010000000,1561,-3.0330000000,76,-9.0340000000,164,-6.5110000000,10,22026
1022600282,1611661324,1630471,4500,-4.4340000000,417,-0.4120000000,3707,-6.1310000000,36,26.5940000000,340,5.8410000000,10,22026
1022600282,1611661331,1631007,6313,0.4490000000,2550,0.6890000000,2646,-0.4700000000,437,-1.7580000000,680,4.5450000000,10,22026
1022600282,1611661331,1631039,74,9.4850000000,35,9.7490000000,39,9.2490000000,0,0.0000000000,0,0.0000000000,10,22026
1022600282,1611661324,1631064,1282,0.3410000000,113,-0.9910000000,1016,-0.2680000000,18,-5.8670000000,135,6.8630000000,10,22026
1022600282,1611661331,1641656,405,5.7270000000,55,14.0870000000,23,-2.7390000000,0,0.0000000000,327,4.9160000000,10,22026
1022600282,1611661324,1641657,2657,-0.4300000000,184,-9.9080000000,1547,-4.7320000000,56,14.5000000000,870,8.2640000000,10,22026
1022600282,1611661331,1642767,5979,8.7860000000,328,6.6970000000,3703,5.1430000000,62,12.6100000000,1886,16.1760000000,10,22026
1022600282,1611661331,1642794,248,2.3640000000,15,45.6070000000,143,-9.9170000000,0,0.0000000000,90,14.6700000000,10,22026
1022600282,1611661324,1642797,771,2.9230000000,58,-9.2410000000,409,1.6750000000,7,-100.0000000000,297,9.4440000000,10,22026
1022600282,1611661331,1642822,1831,-0.7770000000,775,0.2620000000,832,-3.2090000000,112,-2.8040000000,112,12.1290000000,10,22026
1022600282,1611661324,1643426,4560,-6.5790000000,2156,-8.7360000000,1841,-8.4440000000,344,3.5930000000,219,14.3530000000,10,22026
1022600282,1611661324,1643489,1057,3.9710000000,171,0.7760000000,791,5.8550000000,15,-5.0270000000,80,-6.1350000000,10,22026
1022600282,1611661324,1643490,1268,-10.1250000000,569,-12.4880000000,636,-9.8850000000,31,7.1520000000,32,10.3840000000,10,22026
1022600282,1611661331,1643686,74,-29.9190000000,0,0.0000000000,74,-29.9190000000,0,0.0000000000,0,0.0000000000,10,22026
1022600283,1611661320,203014,5805,-1.2570000000,804,-12.5190000000,3030,-0.1240000000,413,-11.0560000000,1558,4.9470000000,10,22026
1022600283,1611661320,204324,5257,-7.7660000000,373,-11.4310000000,2797,-13.1450000000,330,-10.8410000000,1757,2.1530000000,10,22026
1022600283,1611661320,204365,4453,-0.8690000000,1522,-8.5890000000,2239,2.4860000000,341,-9.6230000000,351,19.7070000000,10,22026
1022600283,1611661330,1628277,5653,4.1390000000,810,-4.5100000000,3890,5.9460000000,187,-20.0600000000,766,10.0140000000,10,22026
1022600283,1611661320,1628878,5647,7.3700000000,944,-4.4690000000,3921,11.6740000000,108,-19.3950000000,674,3.2080000000,10,22026
1022600283,1611661330,1628886,6104,-9.4630000000,1891,-17.0840000000,3316,-5.7940000000,313,-34.9560000000,584,8.0480000000,10,22026
1022600283,1611661320,1630148,1117,-14.7270000000,110,-4.7900000000,924,-18.4410000000,5,-22.2200000000,78,15.7420000000,10,22026
1022600283,1611661330,1631009,5586,4.8460000000,1307,-5.3660000000,3429,8.2000000000,341,-1.7210000000,509,12.8740000000,10,22026
1022600283,1611661330,1631044,5813,-3.9510000000,416,-15.1290000000,4220,-4.4100000000,92,-54.9670000000,1085,6.4470000000,10,22026
1022600283,1611661320,1642287,2061,-2.4160000000,138,-10.7450000000,1007,-4.9070000000,149,-7.6870000000,767,3.3770000000,10,22026
1022600283,1611661330,1642291,6998,-3.7730000000,644,-8.8650000000,2982,-10.0630000000,355,0.8480000000,3017,2.9880000000,10,22026
1022600283,1611661330,1642302,2809,-4.3230000000,431,-22.6590000000,2081,-2.0710000000,94,-6.8400000000,203,12.6790000000,10,22026
1022600283,1611661320,1642777,3390,-0.5360000000,429,-7.2030000000,2597,-0.6300000000,50,6.1140000000,314,8.2990000000,10,22026
1022600283,1611661330,1642804,920,-29.6770000000,77,-49.4480000000,820,-27.4390000000,0,0.0000000000,23,-43.2870000000,10,22026
1022600283,1611661330,1643431,1079,-3.0940000000,40,-11.4580000000,319,-12.0520000000,0,0.0000000000,720,1.3400000000,10,22026
1022600283,1611661320,1643439,2220,2.2380000000,521,-6.8040000000,1173,7.1720000000,160,-12.9230000000,366,5.9220000000,10,22026
1022600283,1611661320,1643462,3311,12.3860000000,242,4.6940000000,2743,15.0310000000,36,-14.3030000000,290,-2.9050000000,10,22026
1022600284,1611661329,202664,4238,-4.0680000000,1475,-6.1180000000,2553,-4.6640000000,20,14.0450000000,190,17.9430000000,10,22026
1022600284,1611661323,203398,50,0.2820000000,0,0.0000000000,0,0.0000000000,50,0.2820000000,0,0.0000000000,10,22026
1022600284,1611661329,204322,2527,9.5620000000,93,0.6560000000,832,-3.1260000000,108,8.1720000000,1494,17.2830000000,10,22026
1022600284,1611661329,204333,2854,-6.5040000000,818,-6.2170000000,1849,-5.4000000000,86,-11.1830000000,101,-25.0540000000,10,22026
1022600284,1611661329,1627671,2416,-8.2640000000,537,-1.4200000000,1576,-8.9230000000,82,-7.8040000000,221,-20.3660000000,10,22026
1022600284,1611661329,1628922,6730,-0.0520000000,645,-7.6050000000,3288,-5.0580000000,211,15.2740000000,2586,6.9460000000,10,22026
1022600284,1611661323,1629568,6594,0.9320000000,443,-11.4280000000,3978,-0.6350000000,207,-12.1010000000,1966,8.2620000000,10,22026
1022600284,1611661329,1630096,5,7.0400000000,0,0.0000000000,5,7.0400000000,0,0.0000000000,0,0.0000000000,10,22026
1022600284,1611661323,1641649,4925,3.4100000000,693,-4.2260000000,3345,1.6820000000,281,3.6590000000,606,21.5690000000,10,22026
1022600284,1611661329,1642289,5698,0.8930000000,441,-9.0800000000,2228,-6.6020000000,149,-13.5370000000,2880,8.9640000000,10,22026
1022600284,1611661323,1642290,4774,-0.3690000000,300,0.8270000000,1876,-1.9090000000,436,-8.8480000000,2162,2.5110000000,10,22026
1022600284,1611661329,1642292,1709,-2.6120000000,268,2.0610000000,1208,-1.3040000000,87,-33.7340000000,146,-3.4670000000,10,22026
1022600284,1611661329,1642321,5235,-4.6170000000,1027,-2.3310000000,3611,-4.8530000000,153,-17.8630000000,444,-3.4180000000,10,22026
1022600284,1611661329,1642786,685,-2.9470000000,115,-2.8990000000,367,2.9050000000,87,-3.3710000000,116,-21.1900000000,10,22026
1022600284,1611661323,1642809,5438,-2.9100000000,725,-13.4200000000,4133,-1.7440000000,173,-10.8040000000,407,7.3210000000,10,22026
1022600284,1611661323,1642817,2729,-4.0870000000,913,-4.9040000000,1584,-1.5830000000,83,-18.7400000000,149,-17.5350000000,10,22026
1022600284,1611661323,1643429,1501,5.9800000000,60,8.0400000000,972,1.6850000000,17,41.0180000000,452,13.6250000000,10,22026
1022600284,1611661323,1643437,2549,-3.5530000000,468,-9.9030000000,1895,-0.9590000000,84,-21.4980000000,102,-7.8300000000,10,22026
1022600284,1611661323,1643441,1964,-7.9910000000,73,-6.6930000000,409,-13.4720000000,155,-17.3890000000,1327,-5.2750000000,10,22026
1022600284,1611661329,1643447,1144,-5.4880000000,177,-10.4190000000,742,-6.4920000000,39,-1.3230000000,186,2.3360000000,10,22026
1022600284,1611661323,1643448,1521,-10.9130000000,70,-11.1070000000,884,-11.3780000000,39,-23.0740000000,528,-9.2090000000,10,22026
1022600284,1611661323,1643449,5780,0.3500000000,2020,-3.3230000000,2791,2.0480000000,262,-10.9980000000,707,8.3420000000,10,22026
1022600285,1611661321,202252,1499,-14.9120000000,67,-7.7000000000,1266,-12.6900000000,13,-27.0310000000,153,-35.4250000000,10,22026
1022600285,1611661321,203824,892,-2.9130000000,208,7.1170000000,600,-8.0140000000,0,0.0000000000,84,8.6850000000,10,22026
1022600285,1611661327,1628317,2441,1.2820000000,190,-13.1290000000,1846,1.4260000000,16,-16.7620000000,389,8.3790000000,10,22026
1022600285,1611661321,1629481,5131,0.9060000000,1178,2.1570000000,3139,-4.1120000000,180,21.4520000000,634,17.5980000000,10,22026
1022600285,1611661327,1629484,5315,1.2350000000,272,-6.8680000000,2999,1.3190000000,87,-8.7060000000,1957,2.6730000000,10,22026
1022600285,1611661321,1629491,5294,3.0910000000,662,-1.2810000000,1795,3.4170000000,579,2.6360000000,2258,4.2290000000,10,22026
1022600285,1611661321,1629501,3315,-9.0490000000,102,-8.7750000000,1962,-7.0190000000,58,-43.3430000000,1193,-10.7440000000,10,22026
1022600285,1611661327,1629524,5200,2.4240000000,577,-14.4030000000,3812,3.0320000000,87,1.5920000000,724,12.7320000000,10,22026
1022600285,1611661327,1629539,1119,-6.9320000000,38,-19.3180000000,771,-8.1610000000,8,-7.0120000000,302,-2.2350000000,10,22026
1022600285,1611661321,1629574,252,-45.3380000000,0,0.0000000000,128,-65.2630000000,12,-99.9830000000,112,-16.7120000000,10,22026
1022600285,1611661321,1630134,88,-15.6940000000,0,0.0000000000,88,-15.6940000000,0,0.0000000000,0,0.0000000000,10,22026
1022600285,1611661321,1630386,5814,-8.2840000000,485,-10.6110000000,3694,-9.1860000000,152,22.7470000000,1483,-8.4540000000,10,22026
1022600285,1611661327,1631083,4896,3.4660000000,211,-13.4750000000,3112,5.4200000000,336,-3.5540000000,1237,3.3480000000,10,22026
1022600285,1611661321,1641652,2921,-13.3960000000,224,-6.8020000000,2221,-12.1880000000,44,0.4430000000,432,-24.4350000000,10,22026
1022600285,1611661327,1641683,1127,-3.7140000000,217,-13.6870000000,626,-2.4630000000,39,-15.9410000000,245,3.8690000000,10,22026
1022600285,1611661327,1642296,3299,0.6690000000,98,-40.9320000000,1956,-5.1620000000,64,-20.1080000000,1181,14.9050000000,10,22026
1022600285,1611661327,1642304,4630,-4.3710000000,2413,-10.1110000000,1483,2.2100000000,416,-2.9900000000,318,6.6830000000,10,22026
1022600285,1611661321,1642784,4886,11.6280000000,1675,12.2870000000,2278,8.4840000000,391,15.5120000000,542,20.0080000000,10,22026
1022600285,1611661327,1643494,1301,10.1930000000,70,4.8690000000,841,6.6190000000,35,-7.6060000000,355,21.4650000000,10,22026
1022600285,1611661327,1643506,1745,-16.5890000000,904,-20.1200000000,628,-12.2590000000,174,-21.7410000000,39,18.5380000000,10,22026
1022600285,1611661327,1643527,11,-21.1000000000,0,0.0000000000,11,-21.1000000000,0,0.0000000000,0,0.0000000000,10,22026
1022600286,1611661317,203826,4528,-9.0170000000,707,-16.2020000000,2047,-7.6400000000,447,-11.8810000000,1327,-6.3490000000,10,22026
1022600286,1611661322,204335,3992,5.1300000000,423,-6.1010000000,2931,7.0930000000,191,2.7490000000,447,3.9040000000,10,22026
1022600286,1611661317,204468,3213,-2.9160000000,326,2.1010000000,2184,-1.8350000000,93,-22.7180000000,610,-6.4490000000,10,22026
1022600286,1611661317,1627674,4264,8.3670000000,504,-0.2190000000,2948,10.4760000000,288,-0.3460000000,524,9.5510000000,10,22026
1022600286,1611661317,1628244,2508,-1.1400000000,660,-1.3420000000,1341,-0.3000000000,83,-5.0990000000,424,-2.7070000000,10,22026
1022600286,1611661317,1628276,2279,-4.4760000000,746,-5.8520000000,1039,1.2710000000,292,-23.6770000000,202,-1.1980000000,10,22026
1022600286,1611661317,1630442,3438,-10.2980000000,222,-35.2120000000,1488,-17.9080000000,128,-26.9130000000,1600,1.5660000000,10,22026
1022600286,1611661322,1630446,4009,5.8480000000,233,3.9610000000,3140,6.5300000000,72,-1.2510000000,564,3.7350000000,10,22026
1022600286,1611661322,1631022,4806,1.8190000000,540,0.2690000000,1798,-2.7220000000,354,-7.1740000000,2114,7.5830000000,10,22026
1022600286,1611661317,1631118,1353,8.7260000000,371,4.9160000000,911,10.7100000000,36,11.0940000000,35,-4.9490000000,10,22026
1022600286,1611661317,1642768,2349,-18.2890000000,221,-17.0920000000,1662,-17.8970000000,19,-35.5630000000,447,-19.6060000000,10,22026
1022600286,1611661322,1642781,6220,-6.2700000000,2481,-10.2130000000,3303,-5.2440000000,165,5.5330000000,271,10.1500000000,10,22026
1022600286,1611661322,1642785,6502,5.8160000000,1463,-4.4810000000,3749,6.4710000000,198,-10.8360000000,1092,20.3830000000,10,22026
1022600286,1611661322,1642792,6177,0.7980000000,266,-17.7280000000,2005,-15.4370000000,303,3.8120000000,3603,10.9460000000,10,22026
1022600286,1611661322,1642802,414,2.7620000000,73,7.3030000000,267,2.9450000000,0,0.0000000000,74,-2.3740000000,10,22026
1022600286,1611661317,1642818,1159,-1.3070000000,68,7.7630000000,857,-4.3380000000,33,-29.0550000000,201,13.1040000000,10,22026
1022600286,1611661322,1643427,5040,2.3120000000,296,1.1220000000,1515,-6.5300000000,166,-13.7230000000,3063,7.6700000000,10,22026
1022600286,1611661322,1643430,2407,-0.2400000000,242,-16.3400000000,1897,3.5850000000,64,-41.3810000000,204,-3.8010000000,10,22026
1022600286,1611661322,1643440,284,1.0370000000,0,0.0000000000,213,-1.7320000000,0,0.0000000000,71,9.3450000000,10,22026
1022600286,1611661322,1643450,414,-2.2860000000,252,-7.2600000000,108,-0.4690000000,22,5.4270000000,32,25.4530000000,10,22026
1022600286,1611661322,1643455,211,13.5860000000,0,0.0000000000,112,17.5460000000,0,0.0000000000,99,9.1060000000,10,22026
1022600286,1611661322,1643467,1157,-1.3560000000,52,6.5000000000,941,2.8850000000,0,0.0000000000,164,-28.1840000000,10,22026
1022600286,1611661317,1643493,3868,0.8060000000,420,-14.8680000000,2750,1.9160000000,141,-7.1380000000,557,9.1590000000,10,22026
1022600286,1611661322,1643644,1510,-12.6040000000,515,-15.1300000000,732,-16.0600000000,211,6.2980000000,52,-15.6370000000,10,22026
1022600287,1611661331,203026,222,-7.5220000000,80,-8.8160000000,109,-4.7390000000,15,-45.2130000000,18,12.7890000000,10,22026
1022600287,1611661331,203866,4954,-5.2720000000,31,-9.9650000000,4125,-4.7330000000,74,-68.7550000000,724,-1.6520000000,10,22026
1022600287,1611661331,204329,2762,-0.7380000000,217,-19.3060000000,866,-3.6220000000,45,-51.8670000000,1634,4.6650000000,10,22026
1022600287,1611661331,1628508,2942,-2.2670000000,297,-13.9450000000,2063,1.6680000000,191,-16.7980000000,391,-7.0540000000,10,22026
1022600287,1611661331,1628931,3019,2.0760000000,360,-10.8430000000,2170,5.6540000000,140,-31.8750000000,349,6.7780000000,10,22026
1022600287,1611661323,1629568,3332,7.1960000000,256,8.1090000000,1716,2.2420000000,137,34.6890000000,1223,10.8770000000,10,22026
1022600287,1611661331,1630097,3675,4.4830000000,261,1.2410000000,2511,4.5380000000,189,-6.9980000000,714,8.5130000000,10,22026
1022600287,1611661331,1631007,3870,-5.8170000000,1563,-9.3070000000,1747,0.3190000000,278,-27.9710000000,282,-2.6440000000,10,22026
1022600287,1611661331,1631039,1529,9.6550000000,510,-0.2560000000,713,14.8330000000,23,-46.1830000000,283,19.0100000000,10,22026
1022600287,1611661323,1641649,3516,0.0620000000,441,1.9110000000,2136,-1.9600000000,196,17.7260000000,743,0.1190000000,10,22026
1022600287,1611661331,1641656,3162,-4.1590000000,216,7.8290000000,1375,-16.8970000000,43,-9.6230000000,1528,5.7640000000,10,22026
1022600287,1611661331,1641695,406,0.7320000000,63,6.4300000000,266,-2.4030000000,0,0.0000000000,77,6.8990000000,10,22026
1022600287,1611661323,1642290,3689,2.5270000000,171,10.3890000000,1316,-0.1930000000,273,0.1060000000,1929,4.0280000000,10,22026
1022600287,1611661331,1642767,3512,-1.0060000000,300,-14.3430000000,2101,0.0540000000,150,-16.9070000000,961,3.3210000000,10,22026
1022600287,1611661331,1642794,2867,3.6270000000,1078,-7.1110000000,1405,12.6790000000,69,0.9960000000,315,0.5740000000,10,22026
1022600287,1611661323,1642796,1368,13.3360000000,17,-9.4180000000,379,4.6520000000,86,17.8760000000,886,17.0470000000,10,22026
1022600287,1611661323,1642809,3259,-12.1190000000,741,-9.9390000000,2112,-12.2700000000,95,-0.0180000000,311,-19.9850000000,10,22026
1022600287,1611661323,1642817,3644,-4.5870000000,1303,-4.1740000000,1926,-7.1480000000,228,12.0600000000,187,-1.3880000000,10,22026
1022600287,1611661331,1642822,3794,-4.9140000000,1332,-14.8660000000,1964,1.8150000000,162,-26.4310000000,336,5.5780000000,10,22026
1022600287,1611661323,1643429,2741,0.8630000000,226,-1.4870000000,2007,1.3230000000,128,23.4580000000,380,-7.7850000000,10,22026
1022600287,1611661323,1643437,3096,-7.4640000000,680,-3.6980000000,1958,-8.7000000000,46,17.0850000000,412,-10.5420000000,10,22026
1022600287,1611661323,1643441,1902,5.3170000000,80,-5.4800000000,142,-2.5230000000,71,-18.4920000000,1609,7.5960000000,10,22026
1022600287,1611661323,1643448,3848,-3.5540000000,193,-0.0460000000,2417,-5.4700000000,103,23.3640000000,1135,-2.5140000000,10,22026
1022600287,1611661323,1643449,2229,-0.4090000000,970,-0.5140000000,1078,1.0630000000,100,3.2470000000,81,-23.2440000000,10,22026
1022600287,1611661331,1643686,1849,5.3210000000,34,-39.6590000000,984,3.2570000000,32,11.4750000000,799,9.5300000000,10,22026
1022600288,1611661328,203828,1591,-1.7250000000,204,4.0940000000,1040,0.2360000000,100,-37.9270000000,247,-0.1280000000,10,22026
1022600288,1611661332,204330,6268,0.6160000000,584,4.0190000000,3801,-0.6720000000,308,6.4920000000,1575,1.3140000000,10,22026
1022600288,1611661332,1627701,5381,-0.2750000000,453,-6.7550000000,2954,-6.5090000000,155,5.0050000000,1819,11.0130000000,10,22026
1022600288,1611661332,1628915,2889,8.2880000000,579,7.8750000000,1993,7.6220000000,40,9.6180000000,277,13.7550000000,10,22026
1022600288,1611661328,1629478,4059,-0.3270000000,336,-4.8190000000,3170,-0.8610000000,95,-7.9480000000,458,8.2470000000,10,22026
1022600288,1611661328,1629496,3837,2.9400000000,380,2.3170000000,2202,-0.8820000000,164,9.2620000000,1091,9.9200000000,10,22026
1022600288,1611661332,1629576,3279,2.2010000000,460,7.9210000000,2127,1.6780000000,131,12.0800000000,561,-2.8120000000,10,22026
1022600288,1611661332,1630461,2454,4.8480000000,680,7.0560000000,1588,2.1850000000,57,0.5740000000,129,27.8710000000,10,22026
1022600288,1611661328,1631141,4677,-4.6830000000,1732,-7.4520000000,2355,-4.5020000000,192,-3.9950000000,398,5.9610000000,10,22026
1022600288,1611661328,1641651,1768,-5.8110000000,167,-8.4710000000,1327,-7.3130000000,4,-45.4000000000,270,3.8060000000,10,22026
1022600288,1611661328,1641660,2329,2.6780000000,499,-4.6890000000,1447,3.8140000000,155,7.0250000000,228,8.6430000000,10,22026
1022600288,1611661328,1642798,4202,-0.1040000000,243,-6.0380000000,1600,-2.1270000000,282,-4.3990000000,2077,2.7320000000,10,22026
1022600288,1611661328,1642814,90,9.7920000000,11,8.5730000000,8,-7.6120000000,26,-11.1350000000,45,25.2760000000,10,22026
1022600288,1611661332,1643420,4727,-0.7540000000,482,3.0510000000,3090,-5.5890000000,258,-0.9130000000,897,13.9020000000,10,22026
1022600288,1611661328,1643428,3504,7.4980000000,512,9.7260000000,2402,4.5330000000,171,7.7040000000,419,21.6900000000,10,22026
1022600288,1611661328,1643443,1620,-5.9550000000,137,-16.3320000000,1027,-4.7460000000,22,-9.7050000000,434,-5.3500000000,10,22026
1022600288,1611661332,1643445,5826,1.1450000000,2005,6.9440000000,3078,-2.4590000000,306,-7.5250000000,437,5.9890000000,10,22026
1022600288,1611661332,1643457,2555,-1.5100000000,160,-3.0120000000,1331,-3.8330000000,88,22.4500000000,976,-0.2560000000,10,22026
1022600288,1611661328,1643473,1145,1.8520000000,342,-11.2990000000,639,5.8570000000,0,0.0000000000,164,13.6740000000,10,22026
1022600288,1611661332,1643706,901,-5.7110000000,88,-11.0730000000,620,-5.9430000000,34,2.7320000000,159,-3.6470000000,10,22026
1022600289,1611661331,203026,2759,-3.4700000000,838,-5.0530000000,1438,-1.9840000000,224,-13.3520000000,259,1.9530000000,10,22026
1022600289,1611661313,203822,2159,1.0220000000,195,-12.9120000000,1515,2.4860000000,82,-11.9890000000,367,5.2910000000,10,22026
1022600289,1611661331,203866,3711,-0.0880000000,129,-1.5230000000,2719,-0.2140000000,46,-31.5930000000,817,2.3330000000,10,22026
1022600289,1611661313,204296,1810,-1.4300000000,184,2.4490000000,1374,-5.5680000000,13,44.0080000000,239,16.8980000000,10,22026
1022600289,1611661331,204329,6073,-1.3530000000,143,-28.7130000000,2108,-5.4150000000,36,-2.8720000000,3786,1.9570000000,10,22026
1022600289,1611661313,1627668,4496,7.3500000000,527,-2.7310000000,2299,3.2460000000,310,15.8690000000,1360,16.2510000000,10,22026
1022600289,1611661313,1627673,3453,4.5660000000,395,-4.8130000000,1854,-1.1210000000,91,37.3480000000,1113,14.6880000000,10,22026
1022600289,1611661331,1628508,7206,2.7150000000,950,-2.1940000000,5414,2.2100000000,209,13.9120000000,633,10.7120000000,10,22026
1022600289,1611661331,1628931,5321,-1.8000000000,799,-3.6590000000,4192,-0.9360000000,140,-4.6410000000,190,-10.9670000000,10,22026
1022600289,1611661313,1629477,4042,2.2150000000,1328,-3.1790000000,1975,2.5300000000,300,6.1250000000,439,14.4460000000,10,22026
1022600289,1611661313,1629546,2161,-2.1670000000,411,-7.0440000000,1461,-5.2610000000,9,31.7890000000,280,20.0440000000,10,22026
1022600289,1611661313,1629566,1471,2.5950000000,86,-2.0560000000,607,-0.4220000000,35,52.9460000000,743,3.2260000000,10,22026
1022600289,1611661331,1630097,3374,-0.1990000000,94,-32.7510000000,3014,0.5260000000,34,-13.6620000000,232,5.5480000000,10,22026
1022600289,1611661313,1630142,4431,5.6120000000,336,-4.8340000000,2955,4.6290000000,17,1.2410000000,1123,11.3880000000,10,22026
1022600289,1611661313,1630384,563,4.5600000000,36,18.6250000000,310,-4.2950000000,0,0.0000000000,217,14.8760000000,10,22026
1022600289,1611661313,1630469,542,-15.3480000000,260,-19.8370000000,233,-12.5700000000,36,-0.5690000000,13,-16.2850000000,10,22026
1022600289,1611661331,1631007,5703,-5.7250000000,3005,-7.6900000000,2093,-2.6250000000,227,-14.6420000000,378,-1.9090000000,10,22026
1022600289,1611661331,1631039,395,16.7450000000,24,-24.7250000000,354,17.5420000000,0,0.0000000000,17,58.6940000000,10,22026
1022600289,1611661313,1631136,3600,-3.7280000000,819,-7.3070000000,1960,-5.1940000000,275,-4.0530000000,546,7.0640000000,10,22026
1022600289,1611661331,1641695,115,-34.8870000000,65,-46.6650000000,30,-29.5230000000,8,-35.5380000000,12,15.9330000000,10,22026
1022600289,1611661331,1642767,4911,2.5750000000,245,4.0310000000,3393,1.1880000000,212,29.5500000000,1061,1.2850000000,10,22026
1022600289,1611661331,1642794,395,21.4900000000,75,-7.3920000000,277,28.5230000000,0,0.0000000000,43,26.5580000000,10,22026
1022600289,1611661331,1642822,2473,-6.5110000000,886,-10.2690000000,1384,-4.7340000000,87,-30.8160000000,116,19.2030000000,10,22026
1022600289,1611661331,1643686,395,28.9670000000,33,6.8210000000,111,10.7320000000,38,45.4890000000,213,38.9530000000,10,22026
1022600290,1611661317,203826,4821,-13.3380000000,1669,-16.6730000000,1674,-15.8440000000,336,-23.1860000000,1142,-1.8930000000,10,22026
1022600290,1611661322,204335,4574,6.4520000000,722,-0.6290000000,3324,7.5510000000,243,3.9000000000,285,13.7560000000,10,22026
1022600290,1611661317,204468,1860,0.1210000000,348,-11.0870000000,1288,3.8180000000,72,-21.2190000000,152,4.5650000000,10,22026
1022600290,1611661317,1627674,5256,11.6130000000,577,4.8520000000,3399,9.9680000000,297,5.8300000000,983,23.0200000000,10,22026
1022600290,1611661317,1628244,2502,4.9830000000,441,-7.7090000000,1557,6.0170000000,117,-29.7560000000,387,25.7900000000,10,22026
1022600290,1611661317,1630442,4490,-9.9010000000,335,-18.5780000000,2197,-12.1430000000,111,-40.7470000000,1847,-3.8060000000,10,22026
1022600290,1611661322,1630446,3241,7.9320000000,238,-2.2800000000,2512,8.0410000000,55,5.9640000000,436,13.1220000000,10,22026
1022600290,1611661322,1631022,6159,-1.1690000000,655,-6.0580000000,2292,-11.3930000000,426,-3.0770000000,2786,8.6830000000,10,22026
1022600290,1611661317,1631118,3640,3.6870000000,534,-7.9020000000,2420,4.0110000000,127,-30.5840000000,559,21.1420000000,10,22026
1022600290,1611661322,1642781,6188,-2.0130000000,1686,-6.1140000000,3984,-1.3180000000,209,1.1470000000,309,9.2690000000,10,22026
1022600290,1611661322,1642785,6975,7.0940000000,1943,0.3610000000,3850,7.4520000000,393,14.0130000000,789,18.4850000000,10,22026
1022600290,1611661322,1642792,6440,-2.2350000000,286,-14.8190000000,2262,-12.6010000000,254,-21.0810000000,3638,6.5160000000,10,22026
1022600290,1611661317,1642818,3204,0.5130000000,136,-11.0070000000,1969,-0.9910000000,127,-9.6330000000,972,6.4980000000,10,22026
1022600290,1611661322,1643427,3486,4.3940000000,237,-10.3520000000,982,-7.9540000000,102,11.6490000000,2165,11.2670000000,10,22026
1022600290,1611661322,1643430,2450,-1.6340000000,194,-5.1630000000,1846,-1.2110000000,90,-5.6270000000,320,-0.8130000000,10,22026
1022600290,1611661317,1643470,2265,2.2260000000,515,-7.2050000000,1512,6.0040000000,94,-18.0030000000,144,9.4960000000,10,22026
1022600290,1611661317,1643493,4112,2.8350000000,458,-11.9660000000,3037,4.2380000000,136,-2.0850000000,481,9.4600000000,10,22026
1022600290,1611661322,1643644,764,-0.1280000000,240,4.6070000000,466,-4.0470000000,51,15.8610000000,7,-18.0860000000,10,22026
1022600291,1611661330,1628277,5506,0.9970000000,718,5.4120000000,4163,-1.0570000000,194,22.8910000000,431,3.6240000000,10,22026
1022600291,1611661330,1628278,304,-3.0630000000,11,-16.1000000000,257,-0.2300000000,0,0.0000000000,36,-19.3030000000,10,22026
1022600291,1611661327,1628317,1615,2.1000000000,124,-14.6150000000,1224,3.5580000000,38,-28.7030000000,229,8.4740000000,10,22026
1022600291,1611661330,1628886,4849,-2.1490000000,1156,4.3520000000,3129,-7.4800000000,206,16.9720000000,358,12.4570000000,10,22026
1022600291,1611661327,1629484,4869,-5.6520000000,286,0.6760000000,3591,-4.9110000000,10,8.1400000000,982,-10.3420000000,10,22026
1022600291,1611661327,1629524,6588,12.0320000000,568,-5.3240000000,5219,14.1390000000,135,-5.8000000000,666,13.9380000000,10,22026
1022600291,1611661327,1629539,2317,2.0870000000,20,6.2750000000,1858,1.6100000000,18,-15.6940000000,421,4.7560000000,10,22026
1022600291,1611661330,1631009,6046,5.8780000000,1625,5.6470000000,3639,1.6560000000,270,18.0630000000,512,30.1960000000,10,22026
1022600291,1611661330,1631021,304,-5.2580000000,38,-3.3760000000,193,-3.0230000000,0,0.0000000000,73,-12.1450000000,10,22026
1022600291,1611661330,1631044,5376,-7.2640000000,523,-10.4480000000,3644,-12.4060000000,102,18.2320000000,1107,8.8210000000,10,22026
1022600291,1611661327,1631083,5521,-1.5930000000,345,-12.9820000000,3523,-1.3790000000,275,-26.4790000000,1378,5.6790000000,10,22026
1022600291,1611661327,1641683,2799,-2.9300000000,467,-23.3850000000,2004,1.4310000000,83,-26.2630000000,245,8.2890000000,10,22026
1022600291,1611661330,1642291,5956,6.4590000000,696,-5.9480000000,2099,-1.7320000000,329,16.4690000000,2832,14.4150000000,10,22026
1022600291,1611661327,1642296,4674,-6.0570000000,90,-27.5080000000,3287,-5.9030000000,110,-25.0150000000,1187,-3.0990000000,10,22026
1022600291,1611661330,1642302,560,-0.0010000000,64,-8.2050000000,415,4.0460000000,27,-29.2110000000,54,-6.7780000000,10,22026
1022600291,1611661327,1642304,5425,-2.5600000000,3147,-3.3640000000,1365,4.0430000000,530,-21.2920000000,383,6.4310000000,10,22026
1022600291,1611661330,1642804,1558,2.1050000000,266,-1.4260000000,1156,1.2600000000,19,-12.4530000000,117,20.8510000000,10,22026
1022600291,1611661330,1643431,1216,7.5740000000,35,4.2030000000,310,-8.1830000000,73,23.5260000000,798,12.3840000000,10,22026
1022600291,1611661327,1643436,2969,-3.2500000000,77,-16.6260000000,902,-5.0330000000,47,-30.4550000000,1943,-1.2340000000,10,22026
1022600291,1611661330,1643469,94,12.0440000000,25,6.9240000000,40,1.7450000000,0,0.0000000000,29,30.6620000000,10,22026
1022600291,1611661327,1643527,2413,-4.8990000000,1192,-9.4970000000,817,1.9990000000,276,-15.9660000000,128,17.7500000000,10,22026
1022600292,1611661325,1628881,1488,-4.5350000000,20,-10.4950000000,600,2.2250000000,17,-31.3880000000,851,-8.6260000000,10,22026
1022600292,1611661325,1628899,491,-6.9970000000,22,-37.7410000000,232,-10.2810000000,7,17.8140000000,230,-1.5000000000,10,22026
1022600292,1611661325,1628909,4057,2.6400000000,825,-9.5810000000,2314,6.6690000000,311,-15.1100000000,607,12.9860000000,10,22026
1022600292,1611661325,1628920,1663,-3.7850000000,220,-14.2550000000,812,3.7560000000,21,-62.1900000000,610,-8.0360000000,10,22026
1022600292,1611661325,1629482,2269,-7.8740000000,67,-44.5990000000,1806,-7.6160000000,16,-16.4810000000,380,-2.2660000000,10,22026
1022600292,1611661325,1630112,2501,-0.6280000000,870,-4.4090000000,1482,1.3950000000,73,-19.7410000000,76,21.5620000000,10,22026
1022600292,1611661325,1631086,2837,-6.8730000000,141,-23.3230000000,2154,-4.4130000000,45,1.8360000000,497,-13.6520000000,10,22026
1022600292,1611661325,1641648,3291,-4.9930000000,396,-6.2870000000,1703,-2.2570000000,180,-35.9380000000,1012,-3.5860000000,10,22026
1022600292,1611661323,1641649,3379,2.2360000000,410,-3.0140000000,1989,0.5260000000,185,15.1830000000,795,6.2100000000,10,22026
1022600292,1611661325,1642286,4270,3.8910000000,1574,3.3540000000,2134,8.4690000000,302,-21.0730000000,260,-1.4320000000,10,22026
1022600292,1611661323,1642290,5195,-0.2420000000,531,-2.7040000000,2685,-0.7290000000,332,1.6780000000,1647,0.9580000000,10,22026
1022600292,1611661325,1642788,444,-9.0080000000,25,-3.3400000000,317,-3.6290000000,23,-28.9090000000,79,-26.5940000000,10,22026
1022600292,1611661323,1642809,6007,-1.6390000000,800,-8.8600000000,4207,-0.3590000000,198,-12.6170000000,802,1.5610000000,10,22026
1022600292,1611661325,1642815,3688,-2.3860000000,123,-15.1550000000,1294,-3.7650000000,62,-40.7650000000,2209,0.2100000000,10,22026
1022600292,1611661323,1642817,3801,3.5800000000,1387,3.5850000000,1912,5.0810000000,123,-18.4880000000,379,3.1570000000,10,22026
1022600292,1611661323,1643429,1883,-1.9350000000,123,3.4780000000,1228,-1.5390000000,19,20.6740000000,513,-5.0190000000,10,22026
1022600292,1611661325,1643433,444,-15.8630000000,222,-25.5600000000,103,-17.5200000000,23,-1.1350000000,96,4.8100000000,10,22026
1022600292,1611661323,1643437,2101,0.8840000000,230,6.7430000000,1672,0.9710000000,33,6.7270000000,166,-9.2640000000,10,22026
1022600292,1611661323,1643441,4340,5.4270000000,238,1.8330000000,1513,0.2190000000,150,19.5660000000,2439,8.1390000000,10,22026
1022600292,1611661323,1643448,5100,-4.5330000000,429,-5.8120000000,2944,-7.1640000000,266,-22.7370000000,1461,4.4610000000,10,22026
1022600292,1611661323,1643449,4194,7.4420000000,1628,4.4280000000,2225,8.7990000000,132,8.8980000000,209,15.5540000000,10,22026
1022600292,1611661325,1643453,444,28.1450000000,0,0.0000000000,319,33.5340000000,0,0.0000000000,125,14.3920000000,10,22026
1022600293,1611661319,203833,2052,-3.5700000000,412,-14.8000000000,1341,-3.2120000000,62,-15.2790000000,237,16.9880000000,10,22026
1022600293,1611661319,203855,1580,-3.2640000000,89,-5.1290000000,1252,-5.1650000000,19,-16.2050000000,220,9.4240000000,10,22026
1022600293,1611661319,204319,1280,10.7200000000,139,-0.0760000000,936,9.3490000000,0,0.0000000000,205,24.2970000000,10,22026
1022600293,1611661319,204323,1376,6.3910000000,176,-5.5200000000,567,6.4650000000,51,-2.1080000000,582,10.6660000000,10,22026
1022600293,1611661332,204330,3762,-5.0600000000,569,-12.3730000000,2413,-5.7320000000,225,-3.6770000000,555,4.7970000000,10,22026
1022600293,1611661332,1627701,2185,-6.9250000000,73,-20.6530000000,1082,-10.9360000000,71,-7.1210000000,959,-1.3390000000,10,22026
1022600293,1611661332,1628915,2189,2.1640000000,294,2.0310000000,1568,3.5030000000,96,2.2110000000,231,-6.7740000000,10,22026
1022600293,1611661319,1628932,2073,4.5090000000,139,9.2250000000,1008,2.5040000000,170,8.6280000000,756,5.3900000000,10,22026
1022600293,1611661319,1629488,1654,2.3030000000,15,24.7530000000,521,-3.2620000000,38,15.4760000000,1080,4.2120000000,10,22026
1022600293,1611661319,1629498,2244,3.7250000000,792,-2.3890000000,887,8.9750000000,162,-4.8480000000,403,7.6330000000,10,22026
1022600293,1611661319,1630389,366,-19.0580000000,128,-37.6580000000,197,-2.4490000000,28,-13.3140000000,13,-100.0000000000,10,22026
1022600293,1611661332,1630461,1903,4.2700000000,487,-8.3990000000,1349,9.2750000000,34,-30.3790000000,33,22.3330000000,10,22026
1022600293,1611661319,1631006,54,21.2830000000,0,0.0000000000,35,29.2030000000,0,0.0000000000,19,6.6950000000,10,22026
1022600293,1611661319,1642769,1550,0.7530000000,406,-16.5140000000,1017,7.7340000000,22,-0.0820000000,105,0.0750000000,10,22026
1022600293,1611661332,1643420,3567,-0.3380000000,286,-1.2560000000,2404,1.2730000000,166,-20.6440000000,711,-0.6750000000,10,22026
1022600293,1611661332,1643445,3015,-3.9390000000,1156,-10.0290000000,1615,-0.3350000000,171,-2.0440000000,73,8.3410000000,10,22026
1022600293,1611661332,1643457,1616,3.3670000000,46,-17.8370000000,574,-0.5520000000,66,-11.4950000000,930,7.8890000000,10,22026
1022600293,1611661332,1643706,459,7.7360000000,14,19.4710000000,383,7.6870000000,5,11.3000000000,57,4.8670000000,10,22026
1022600294,1611661320,203014,4798,-2.3160000000,715,-1.3040000000,2806,-4.9480000000,187,-14.4160000000,1090,5.8730000000,10,22026
1022600294,1611661320,204324,3739,-8.1100000000,321,-14.6540000000,1785,-12.4110000000,205,-22.5080000000,1428,0.8050000000,10,22026
1022600294,1611661322,204335,3708,-6.6790000000,535,-13.4070000000,2544,-6.5490000000,146,-15.4530000000,483,2.7400000000,10,22026
1022600294,1611661320,204365,2945,-13.5120000000,1175,-17.7850000000,1565,-11.3800000000,130,-5.0350000000,75,-5.7510000000,10,22026
1022600294,1611661320,1628878,4116,6.1460000000,178,-5.6060000000,3410,6.3380000000,66,7.1110000000,462,9.1250000000,10,22026
1022600294,1611661322,1630446,4981,2.0190000000,365,-13.3680000000,3610,1.5060000000,158,-0.7770000000,848,11.3460000000,10,22026
1022600294,1611661320,1630996,4607,7.8430000000,615,7.4010000000,3270,7.3660000000,235,1.8460000000,487,14.5020000000,10,22026
1022600294,1611661322,1631022,5943,1.8290000000,804,-7.0950000000,2518,0.0270000000,630,-2.9600000000,1991,9.2280000000,10,22026
1022600294,1611661320,1642287,3932,-1.0810000000,160,-5.4710000000,2372,-3.0500000000,264,0.7120000000,1136,3.2340000000,10,22026
1022600294,1611661320,1642324,33,35.7790000000,0,0.0000000000,33,35.7790000000,0,0.0000000000,0,0.0000000000,10,22026
1022600294,1611661320,1642777,2927,-10.4220000000,1087,-16.7930000000,1401,-7.5410000000,122,-8.9460000000,317,-1.8790000000,10,22026
1022600294,1611661322,1642781,5454,-3.9480000000,1707,-10.1320000000,3302,-2.2210000000,125,6.6050000000,320,7.0970000000,10,22026
1022600294,1611661322,1642785,7332,8.9810000000,1499,-0.1150000000,4453,10.4870000000,364,10.1210000000,1016,15.3890000000,10,22026
1022600294,1611661322,1642792,5532,6.3940000000,413,-8.8210000000,1613,-3.1690000000,233,-1.8360000000,3273,13.6130000000,10,22026
1022600294,1611661322,1643427,3383,1.8190000000,316,-12.7560000000,1094,-7.0010000000,102,4.9400000000,1871,9.2670000000,10,22026
1022600294,1611661322,1643430,2236,-1.6530000000,178,-27.2280000000,1876,-0.5730000000,26,-9.6580000000,156,15.8670000000,10,22026
1022600294,1611661320,1643439,1861,1.0920000000,452,-5.1760000000,1224,3.3600000000,81,6.6370000000,104,-2.6680000000,10,22026
1022600294,1611661322,1643455,720,10.3280000000,81,2.9940000000,319,-5.8020000000,39,28.1210000000,281,28.2830000000,10,22026
1022600294,1611661320,1643462,1812,7.8170000000,151,-11.9310000000,1441,10.2940000000,16,-58.4440000000,204,10.1310000000,10,22026
1022600294,1611661322,1643467,609,-0.0920000000,144,8.0070000000,310,-8.1330000000,50,-3.6440000000,105,14.2330000000,10,22026
1022600294,1611661322,1643644,1595,-1.4140000000,311,-10.3950000000,820,-6.8110000000,91,-5.1810000000,373,18.8590000000,10,22026
1022600295,1611661329,202664,3753,-2.3030000000,1011,-10.5390000000,2071,1.0010000000,337,-2.4350000000,334,2.2700000000,10,22026
1022600295,1611661313,203822,4426,3.1960000000,299,-4.5610000000,2756,3.6090000000,126,-8.7200000000,1245,5.3500000000,10,22026
1022600295,1611661313,204296,3782,3.8440000000,310,-8.8350000000,2776,3.9960000000,47,2.8510000000,649,9.3200000000,10,22026
1022600295,1611661329,204322,3019,-1.3500000000,257,-6.0890000000,1119,-6.1550000000,55,3.6070000000,1588,2.6310000000,10,22026
1022600295,1611661329,204333,3003,-2.8160000000,890,-10.8790000000,1799,1.0990000000,114,-22.5630000000,200,9.1060000000,10,22026
1022600295,1611661313,1627668,5293,0.4040000000,687,-9.7930000000,2801,2.3680000000,311,-10.5030000000,1494,3.6800000000,10,22026
1022600295,1611661329,1627671,3198,-0.4020000000,601,-6.6600000000,2110,2.9630000000,76,-10.2290000000,411,-6.7070000000,10,22026
1022600295,1611661313,1627673,3595,-6.9650000000,559,-4.3420000000,1811,-8.7310000000,174,-30.3520000000,1051,-1.4450000000,10,22026
1022600295,1611661329,1628922,3682,1.6050000000,322,-6.8220000000,2353,1.2790000000,159,5.1320000000,848,5.0490000000,10,22026
1022600295,1611661313,1629477,4378,9.9650000000,1446,1.6790000000,2194,13.8540000000,176,-11.5400000000,562,22.8380000000,10,22026
1022600295,1611661313,1629546,824,-5.8910000000,394,-3.9410000000,374,-10.0000000000,13,5.5230000000,43,8.5230000000,10,22026
1022600295,1611661313,1629566,3508,-5.6280000000,267,-6.1110000000,1965,-6.7600000000,37,-30.5220000000,1239,-2.9840000000,10,22026
1022600295,1611661313,1630142,5608,4.0530000000,403,-6.4530000000,3377,6.0340000000,80,-11.2740000000,1748,3.3480000000,10,22026
1022600295,1611661313,1630384,816,-13.6420000000,95,-14.3830000000,283,-13.5770000000,2,-75.3500000000,436,-13.2390000000,10,22026
1022600295,1611661313,1630469,1068,-12.8880000000,362,-6.5440000000,525,-7.7120000000,76,-18.8430000000,105,-56.3320000000,10,22026
1022600295,1611661313,1630993,1293,-10.5760000000,319,-9.7690000000,643,-20.3510000000,115,-11.1810000000,216,17.6510000000,10,22026
1022600295,1611661313,1631136,4919,-3.6130000000,1210,-10.6650000000,2276,-0.4380000000,401,-15.1630000000,1032,2.1410000000,10,22026
1022600295,1611661329,1642289,3450,-9.0530000000,182,-10.2170000000,1429,-16.1090000000,328,-14.3990000000,1511,-1.0780000000,10,22026
1022600295,1611661329,1642292,2651,-4.3080000000,559,-12.3630000000,1634,-2.8810000000,196,-14.8360000000,262,11.8580000000,10,22026
1022600295,1611661329,1642321,2858,1.6240000000,525,-3.1720000000,1972,2.2690000000,126,-11.6880000000,235,14.0630000000,10,22026
1022600295,1611661329,1642786,1505,3.4220000000,0,0.0000000000,985,2.1820000000,37,65.2430000000,483,1.2150000000,10,22026
1022600295,1611661329,1642835,577,7.7500000000,0,0.0000000000,465,7.2380000000,0,0.0000000000,112,9.8730000000,10,22026
1022600295,1611661329,1643447,2874,2.2430000000,275,-18.7230000000,2211,2.8370000000,88,-3.1070000000,300,18.6510000000,10,22026
1022600296,1611661317,203826,2475,-10.1050000000,579,-8.7240000000,1180,-9.2180000000,144,-35.9550000000,572,-6.8270000000,10,22026
1022600296,1611661332,204330,4608,-6.8100000000,551,-14.7640000000,2387,-10.1490000000,207,-0.6440000000,1463,0.7620000000,10,22026
1022600296,1611661332,1627701,3975,-5.4710000000,411,-7.0440000000,2410,-8.4030000000,41,-2.8290000000,1113,1.3610000000,10,22026
1022600296,1611661317,1628244,2169,-2.6970000000,621,-2.6450000000,1085,-3.7160000000,97,-22.4360000000,366,5.4690000000,10,22026
1022600296,1611661332,1628915,3287,9.1470000000,355,1.2640000000,2552,10.4910000000,43,-11.3810000000,337,9.8870000000,10,22026
1022600296,1611661317,1630442,2789,-1.4680000000,44,-8.8230000000,918,-4.5050000000,148,-16.5850000000,1679,1.7180000000,10,22026
1022600296,1611661332,1630461,3727,6.0340000000,1110,2.7200000000,2272,6.3950000000,165,16.5960000000,180,12.2380000000,10,22026
1022600296,1611661317,1631118,2711,-2.1800000000,373,-18.4690000000,2005,-2.0380000000,42,5.9170000000,291,16.5560000000,10,22026
1022600296,1611661332,1642791,2517,0.6570000000,214,1.6330000000,2069,1.2470000000,94,-19.3730000000,140,3.8850000000,10,22026
1022600296,1611661317,1642818,2587,-7.5470000000,126,-28.9070000000,1599,-7.4190000000,147,-25.2670000000,715,-0.4270000000,10,22026
1022600296,1611661332,1643420,5050,6.5730000000,745,1.3000000000,3186,2.9420000000,265,9.0510000000,854,23.9500000000,10,22026
1022600296,1611661317,1643438,3192,-8.2580000000,315,-6.1170000000,1602,-12.3780000000,205,5.8420000000,1070,-5.4200000000,10,22026
1022600296,1611661332,1643445,4892,0.7940000000,1875,-1.9680000000,2483,1.4740000000,225,6.8600000000,309,7.6660000000,10,22026
1022600296,1611661317,1643454,1204,-5.2390000000,105,-5.2170000000,880,-8.4030000000,0,0.0000000000,219,7.4620000000,10,22026
1022600296,1611661332,1643457,3306,5.1240000000,66,3.0950000000,1658,-3.0260000000,104,13.1730000000,1478,13.7910000000,10,22026
1022600296,1611661317,1643458,2481,9.0880000000,156,-3.4720000000,1937,9.9040000000,13,20.1380000000,375,9.7120000000,10,22026
1022600296,1611661317,1643470,3957,-4.0130000000,1635,-15.6760000000,1865,5.2820000000,244,-9.5110000000,213,10.4290000000,10,22026
1022600296,1611661317,1643493,5980,-4.3760000000,821,-14.9700000000,4246,-1.9350000000,150,-11.5090000000,763,-5.1650000000,10,22026
1022600296,1611661332,1643706,1291,1.7730000000,46,-26.0830000000,977,-0.7960000000,13,-30.4150000000,255,18.2820000000,10,22026
1022600297,1611661330,201886,2637,-1.9620000000,231,1.1380000000,1595,-4.9550000000,20,-7.8250000000,791,3.3160000000,10,22026
1022600297,1611661324,203825,5636,15.6960000000,543,-8.3030000000,4129,20.9120000000,175,-12.5770000000,789,11.1840000000,10,22026
1022600297,1611661324,203827,4604,-13.7040000000,302,-27.0640000000,1818,-13.7750000000,250,-17.2790000000,2234,-11.4400000000,10,22026
1022600297,1611661324,1627675,4504,-0.0510000000,1026,-11.7090000000,2946,4.6430000000,84,-22.9350000000,448,0.0690000000,10,22026
1022600297,1611661324,1628269,2604,-2.0380000000,162,-12.8200000000,2344,-1.0780000000,0,0.0000000000,98,-7.1790000000,10,22026
1022600297,1611661330,1628277,6810,2.7830000000,680,2.8150000000,5324,-1.1930000000,356,45.0180000000,450,16.3640000000,10,22026
1022600297,1611661330,1628278,132,-7.4440000000,47,-7.3040000000,82,-7.8550000000,0,0.0000000000,3,1.6000000000,10,22026
1022600297,1611661330,1628886,6929,-2.0460000000,2359,-4.5480000000,3757,-2.9600000000,349,7.5130000000,464,10.8780000000,10,22026
1022600297,1611661324,1629483,5669,-5.3010000000,519,-14.8720000000,3969,-3.2220000000,224,-3.8760000000,957,-9.0660000000,10,22026
1022600297,1611661324,1630471,1306,2.0650000000,158,-17.4080000000,935,7.9600000000,15,-19.7670000000,198,-8.5760000000,10,22026
1022600297,1611661330,1631009,6885,2.4940000000,1657,4.3030000000,4259,-1.9190000000,178,18.9050000000,791,18.7690000000,10,22026
1022600297,1611661330,1631021,132,-12.4400000000,85,-19.7870000000,47,0.8470000000,0,0.0000000000,0,0.0000000000,10,22026
1022600297,1611661330,1631044,5899,-5.0470000000,496,0.1830000000,3984,-8.2460000000,125,-0.6260000000,1294,2.3690000000,10,22026
1022600297,1611661324,1631064,1114,-4.7840000000,91,-5.3550000000,919,-4.7110000000,15,-39.2200000000,89,0.8550000000,10,22026
1022600297,1611661330,1642291,6431,8.0560000000,508,2.9740000000,2372,1.1390000000,212,23.4260000000,3339,12.7670000000,10,22026
1022600297,1611661330,1642302,1316,0.5880000000,234,4.3940000000,1014,-0.8660000000,29,-1.0660000000,39,16.7920000000,10,22026
1022600297,1611661324,1642797,65,-27.1780000000,0,0.0000000000,44,-24.7930000000,0,0.0000000000,21,-32.1760000000,10,22026
1022600297,1611661330,1642804,943,-8.4300000000,131,-8.0250000000,753,-9.8070000000,0,0.0000000000,59,8.2420000000,10,22026
1022600297,1611661324,1642820,65,-11.3430000000,16,-9.7750000000,31,-11.9320000000,18,-11.7220000000,0,0.0000000000,10,22026
1022600297,1611661324,1643426,5004,-6.7610000000,2120,-14.7370000000,2288,2.4160000000,384,-24.6820000000,212,6.4040000000,10,22026
1022600297,1611661330,1643431,273,-12.6240000000,0,0.0000000000,121,-14.6490000000,0,0.0000000000,152,-11.0120000000,10,22026
1022600297,1611661330,1643469,6,20.7000000000,0,0.0000000000,0,0.0000000000,0,0.0000000000,6,20.7000000000,10,22026
1022600297,1611661324,1643490,65,-14.3180000000,31,-22.2030000000,34,-7.1290000000,0,0.0000000000,0,0.0000000000,10,22026
1022600299,1611661331,203026,5636,6.9640000000,1149,6.5240000000,2341,0.8600000000,365,26.7510000000,1781,11.2150000000,10,22026
1022600299,1611661331,203866,4621,-4.4650000000,106,-0.4240000000,3320,-8.6300000000,65,17.4740000000,1130,6.1300000000,10,22026
1022600299,1611661331,204329,2954,11.6100000000,27,-14.3110000000,1047,16.7550000000,5,-29.7400000000,1875,9.2200000000,10,22026
1022600299,1611661327,1628317,2584,1.2510000000,139,2.5760000000,2172,-0.7810000000,17,49.9820000000,256,14.5330000000,10,22026
1022600299,1611661327,1629484,3780,-1.3760000000,109,-2.1420000000,2140,-4.2860000000,114,2.1570000000,1417,2.7930000000,10,22026
1022600299,1611661327,1629524,5313,3.5520000000,859,-2.2220000000,3928,2.5840000000,103,27.7010000000,423,18.3870000000,10,22026
1022600299,1611661327,1629539,2138,-2.0970000000,125,12.3900000000,1601,-7.5140000000,22,4.2770000000,390,15.1380000000,10,22026
1022600299,1611661331,1630097,5518,-0.9330000000,509,-3.1210000000,4102,-3.3000000000,186,12.0740000000,721,10.7280000000,10,22026
1022600299,1611661331,1631007,5425,2.9730000000,1801,4.8900000000,2810,-0.2680000000,263,3.1400000000,551,13.1500000000,10,22026
1022600299,1611661331,1631039,701,-13.2060000000,181,-3.8900000000,494,-16.7350000000,7,-43.9570000000,19,1.1470000000,10,22026
1022600299,1611661327,1631083,3731,5.3750000000,301,4.6100000000,2298,2.5740000000,150,8.9490000000,982,11.6170000000,10,22026
1022600299,1611661331,1641656,2139,0.9620000000,267,-11.7680000000,637,1.4250000000,36,-13.3500000000,1199,3.9800000000,10,22026
1022600299,1611661327,1641683,3623,-0.2470000000,371,13.1040000000,2539,-1.5790000000,143,4.1270000000,570,-4.0970000000,10,22026
1022600299,1611661331,1641695,180,3.1350000000,17,-87.7240000000,76,9.8070000000,12,-30.4250000000,75,22.3390000000,10,22026
1022600299,1611661327,1642296,5051,-5.5720000000,828,-5.1920000000,3168,-8.5680000000,137,20.7430000000,918,0.4960000000,10,22026
1022600299,1611661331,1642794,4058,1.4100000000,579,14.2530000000,2802,-3.0520000000,139,12.2710000000,538,8.0200000000,10,22026
1022600299,1611661331,1642822,4970,-2.1740000000,1440,-1.5050000000,3168,-3.6060000000,173,6.0870000000,189,9.1580000000,10,22026
1022600299,1611661327,1643436,2725,6.3290000000,105,0.4330000000,988,-1.2070000000,140,6.5730000000,1492,11.7110000000,10,22026
1022600299,1611661327,1643506,3458,-2.8270000000,1949,-2.4910000000,1118,-3.3620000000,253,-0.2530000000,138,-7.9490000000,10,22026
1022600299,1611661327,1643527,1461,-15.4810000000,811,-11.3170000000,519,-18.6440000000,77,-28.7420000000,54,-28.7280000000,10,22026
1022600299,1611661331,1643686,642,-3.2260000000,10,-58.4500000000,388,5.0300000000,16,-30.8060000000,228,-12.9180000000,10,22026
1022600324,1611661330,201886,1214,6.1400000000,140,-15.8770000000,773,4.0650000000,25,8.4160000000,276,22.9140000000,10,22026
1022600324,1611661313,203822,3353,2.1560000000,448,-2.7300000000,2330,2.7040000000,49,-33.7450000000,526,7.2360000000,10,22026
1022600324,1611661313,204296,3938,1.9240000000,173,-12.4240000000,3059,1.1480000000,10,-2.5400000000,696,8.9680000000,10,22026
1022600324,1611661313,1627673,4598,-5.7180000000,502,-11.7400000000,2535,-2.7460000000,235,-4.0800000000,1326,-9.4120000000,10,22026
1022600324,1611661330,1628277,6352,4.5470000000,923,-8.6670000000,4711,5.3730000000,184,1.0640000000,534,21.3010000000,10,22026
1022600324,1611661330,1628278,192,4.9920000000,0,0.0000000000,150,-8.2270000000,0,0.0000000000,42,52.2000000000,10,22026
1022600324,1611661330,1628886,5212,-13.1280000000,1390,-32.2880000000,3060,-8.4470000000,259,-9.9310000000,503,9.6900000000,10,22026
1022600324,1611661313,1629477,5364,-2.1150000000,1703,-11.2920000000,2868,7.2310000000,193,-25.5120000000,600,-13.2160000000,10,22026
1022600324,1611661313,1629546,2893,-1.1250000000,599,-13.1010000000,1909,2.2470000000,25,-11.0280000000,360,1.6050000000,10,22026
1022600324,1611661313,1629566,4494,-14.0880000000,286,-19.2950000000,2373,-15.1850000000,124,-14.3150000000,1711,-11.6810000000,10,22026
1022600324,1611661313,1630142,4153,1.5160000000,306,-2.8780000000,2796,1.6720000000,58,-13.2400000000,993,3.2910000000,10,22026
1022600324,1611661313,1630384,6100,-5.7610000000,640,-6.5850000000,2722,-7.5370000000,170,-8.8290000000,2568,-3.4700000000,10,22026
1022600324,1611661313,1630469,2686,-2.2610000000,1223,-2.5940000000,909,-1.2610000000,275,-12.1980000000,279,5.7400000000,10,22026
1022600324,1611661313,1630993,1184,-1.0070000000,52,7.2150000000,791,-3.2200000000,21,9.0620000000,320,2.4650000000,10,22026
1022600324,1611661330,1631009,6194,8.1920000000,1429,-2.5950000000,3829,10.0570000000,185,21.9520000000,751,15.8150000000,10,22026
1022600324,1611661330,1631021,192,11.8360000000,0,0.0000000000,157,10.9680000000,0,0.0000000000,35,15.7310000000,10,22026
1022600324,1611661330,1631044,6491,-1.2330000000,669,-5.2620000000,3901,-4.2920000000,128,-28.4050000000,1793,8.8670000000,10,22026
1022600324,1611661313,1631136,4932,-5.6760000000,1383,-13.6340000000,2234,-1.5230000000,287,-22.6940000000,1028,0.7560000000,10,22026
1022600324,1611661330,1642291,5007,7.0350000000,395,-6.7060000000,2421,-0.3410000000,163,17.2420000000,2028,17.6950000000,10,22026
1022600324,1611661330,1642302,1917,0.3010000000,233,-18.0760000000,1435,4.5030000000,103,-2.1720000000,146,-9.9330000000,10,22026
1022600324,1611661330,1642804,3162,-1.3670000000,724,-13.3700000000,1995,1.4230000000,101,2.8520000000,342,6.5180000000,10,22026
1022600324,1611661313,1642810,71,30.1070000000,0,0.0000000000,71,30.1070000000,0,0.0000000000,0,0.0000000000,10,22026
1022600324,1611661330,1643431,525,-16.0970000000,108,-46.8030000000,177,-33.1190000000,0,0.0000000000,240,10.2750000000,10,22026
1022600324,1611661330,1643469,192,34.3790000000,174,38.7410000000,0,0.0000000000,18,-7.7830000000,0,0.0000000000,10,22026
1022600325,1611661321,203824,2031,-12.5330000000,558,-10.7580000000,1038,1.6970000000,286,-81.3750000000,149,13.8220000000,10,22026
1022600325,1611661328,203828,618,-5.8500000000,54,0.5070000000,548,-5.4140000000,0,0.0000000000,16,-42.2440000000,10,22026
1022600325,1611661321,1629481,7485,0.6850000000,1219,3.8140000000,4944,0.0140000000,425,0.2670000000,897,0.3300000000,10,22026
1022600325,1611661321,1629490,1591,-10.9780000000,129,-8.1020000000,1001,-5.8780000000,33,-2.5580000000,428,-24.4210000000,10,22026
1022600325,1611661321,1629491,6920,-0.6970000000,1386,3.2620000000,2034,2.0950000000,584,-5.4960000000,2916,-3.5660000000,10,22026
1022600325,1611661328,1629567,5044,-4.2210000000,2205,-10.9970000000,2245,2.5120000000,358,-19.8410000000,236,18.7330000000,10,22026
1022600325,1611661321,1629574,1756,1.7460000000,142,3.8200000000,891,3.7970000000,30,-27.0500000000,693,-0.0710000000,10,22026
1022600325,1611661321,1630386,6830,-3.1200000000,478,-7.5840000000,4291,-3.6420000000,53,-43.8080000000,2008,0.1340000000,10,22026
1022600325,1611661321,1631090,153,-11.9980000000,0,0.0000000000,153,-11.9980000000,0,0.0000000000,0,0.0000000000,10,22026
1022600325,1611661328,1631141,3165,-9.9070000000,669,-22.4260000000,2234,-3.8780000000,118,-55.5970000000,144,-7.8440000000,10,22026
1022600325,1611661321,1641650,1233,-8.2630000000,96,-17.8850000000,871,-6.3600000000,37,30.6300000000,229,-17.7500000000,10,22026
1022600325,1611661328,1641651,3031,-3.3430000000,108,-34.8800000000,2501,-4.3190000000,38,-24.1820000000,384,13.9490000000,10,22026
1022600325,1611661321,1641652,6078,2.9950000000,359,-5.3580000000,3756,2.2370000000,128,-5.2320000000,1835,6.7530000000,10,22026
1022600325,1611661328,1642307,1187,7.3840000000,81,3.1300000000,839,3.7370000000,0,0.0000000000,267,20.1340000000,10,22026
1022600325,1611661321,1642784,6406,11.5520000000,1701,3.1040000000,2960,13.5420000000,454,21.5390000000,1291,14.6080000000,10,22026
1022600325,1611661321,1642793,2883,-4.2380000000,464,9.3910000000,1806,-6.5720000000,114,19.9180000000,499,-13.9830000000,10,22026
1022600325,1611661328,1642798,5189,1.8810000000,313,-14.2100000000,2139,0.3400000000,491,-10.0300000000,2246,8.1950000000,10,22026
1022600325,1611661328,1642814,2114,10.3350000000,112,-13.3480000000,1502,9.1230000000,27,-28.4070000000,473,22.0030000000,10,22026
1022600325,1611661328,1643428,5479,8.9590000000,898,-13.8370000000,3115,12.0700000000,327,-11.4090000000,1139,24.2710000000,10,22026
1022600325,1611661328,1643443,5605,2.4700000000,346,-11.6250000000,3533,0.4740000000,144,-10.3280000000,1582,11.1740000000,10,22026
1022600326,1611661323,203398,24,30.2040000000,0,0.0000000000,0,0.0000000000,0,0.0000000000,24,30.2040000000,10,22026
1022600326,1611661332,204330,4125,0.8160000000,452,-11.7910000000,1585,-6.7230000000,298,-0.5650000000,1790,10.9040000000,10,22026
1022600326,1611661332,1627700,5387,-9.4220000000,1333,-20.4270000000,3668,-4.5630000000,107,-52.3060000000,279,-4.2830000000,10,22026
1022600326,1611661332,1628915,5157,-1.9670000000,924,-4.7560000000,3316,-0.2070000000,123,-12.9240000000,794,-4.3730000000,10,22026
1022600326,1611661323,1641649,3005,-4.9810000000,243,-16.2190000000,2032,-7.9110000000,66,0.7240000000,664,7.5310000000,10,22026
1022600326,1611661323,1642290,2602,1.0660000000,216,-12.4780000000,970,-3.0100000000,254,1.3020000000,1162,6.9340000000,10,22026
1022600326,1611661323,1642303,2800,-7.5810000000,995,-17.7800000000,1334,-3.9510000000,132,-14.1040000000,339,10.6080000000,10,22026
1022600326,1611661332,1642791,3909,-0.0130000000,428,-6.5310000000,2916,-0.8480000000,111,-0.6420000000,454,11.6480000000,10,22026
1022600326,1611661323,1642796,78,-12.4500000000,0,0.0000000000,61,-4.0340000000,0,0.0000000000,17,-42.6470000000,10,22026
1022600326,1611661323,1642809,55,6.1560000000,0,0.0000000000,55,6.1560000000,0,0.0000000000,0,0.0000000000,10,22026
1022600326,1611661323,1642817,5080,-7.0490000000,2019,-11.5260000000,2321,-2.2140000000,222,-19.3360000000,518,-6.0040000000,10,22026
1022600326,1611661332,1643420,5791,1.2360000000,665,-1.4250000000,3291,1.3090000000,478,-9.5010000000,1357,6.1460000000,10,22026
1022600326,1611661323,1643429,4721,4.5630000000,564,-8.4550000000,3396,5.6940000000,61,2.2900000000,700,9.7670000000,10,22026
1022600326,1611661323,1643437,5120,-4.4290000000,909,-14.4570000000,3778,-1.2390000000,55,-12.4510000000,378,-11.0310000000,10,22026
1022600326,1611661323,1643441,5811,0.3920000000,349,-6.0570000000,2305,-1.0530000000,83,5.9700000000,3074,2.0570000000,10,22026
1022600326,1611661332,1643445,5463,0.5670000000,1853,-2.6020000000,3073,1.6490000000,218,-2.6510000000,319,10.7490000000,10,22026
1022600326,1611661323,1643448,4978,1.2340000000,518,-25.0030000000,2798,-0.7580000000,184,-4.1490000000,1478,14.8710000000,10,22026
1022600326,1611661323,1643449,2767,-2.0490000000,423,-10.3010000000,1922,3.4820000000,141,-51.5810000000,281,-2.6110000000,10,22026
1022600326,1611661332,1643457,4920,6.1690000000,232,7.1420000000,2457,4.2900000000,204,-9.9970000000,2027,9.9610000000,10,22026
1022600326,1611661332,1643706,3870,1.8350000000,232,-3.7930000000,2795,-0.1990000000,70,1.1410000000,773,10.9450000000,10,22026
1022600328,1611661324,203825,4477,3.6030000000,548,4.5530000000,3222,6.3080000000,74,-2.1260000000,633,-10.3190000000,10,22026
1022600328,1611661324,203827,4070,-4.2520000000,338,-6.5140000000,1447,2.5670000000,402,-18.4850000000,1883,-6.0480000000,10,22026
1022600328,1611661324,1627675,4266,5.5700000000,1651,-1.8050000000,1984,12.4040000000,216,1.3710000000,415,4.4240000000,10,22026
1022600328,1611661324,1628269,2632,-0.0220000000,367,-1.7340000000,1668,-0.0580000000,6,-75.2170000000,591,1.9060000000,10,22026
1022600328,1611661325,1628881,2980,-0.8720000000,153,23.8480000000,1205,-7.4950000000,38,1.2450000000,1584,1.7280000000,10,22026
1022600328,1611661325,1628899,3464,-4.2550000000,504,9.4040000000,1861,-9.3550000000,330,-14.2190000000,769,3.4100000000,10,22026
1022600328,1611661325,1628909,3938,5.2110000000,777,0.4290000000,2178,3.2690000000,178,19.9980000000,805,11.8110000000,10,22026
1022600328,1611661325,1629482,3267,1.9710000000,318,2.0010000000,2419,1.2230000000,38,-78.5030000000,492,11.8480000000,10,22026
1022600328,1611661324,1629483,4595,0.8180000000,370,-10.2430000000,2894,2.0940000000,95,11.8290000000,1236,0.2940000000,10,22026
1022600328,1611661325,1630112,2132,3.9840000000,927,1.0590000000,811,2.6660000000,103,16.6660000000,291,12.4810000000,10,22026
1022600328,1611661324,1630462,4188,2.0850000000,1270,-12.5130000000,2455,9.6830000000,144,-4.0890000000,319,4.5150000000,10,22026
1022600328,1611661324,1630471,5092,-2.8710000000,828,-16.2050000000,3569,0.7560000000,97,-15.4330000000,598,-4.0220000000,10,22026
1022600328,1611661324,1631064,2627,10.2530000000,296,7.8080000000,1528,10.1330000000,31,23.5840000000,772,10.8940000000,10,22026
1022600328,1611661325,1631086,2682,-2.4000000000,118,-7.2030000000,2345,-2.2770000000,29,-23.4070000000,190,2.2710000000,10,22026
1022600328,1611661325,1641648,2532,4.7540000000,415,11.9790000000,977,-1.6250000000,234,-1.1400000000,906,9.8450000000,10,22026
1022600328,1611661324,1641657,2592,7.6490000000,220,-4.0380000000,1112,9.7810000000,133,5.8040000000,1127,8.0450000000,10,22026
1022600328,1611661325,1642286,2917,7.1300000000,810,9.0860000000,1640,4.9870000000,176,1.5030000000,291,17.1720000000,10,22026
1022600328,1611661325,1642788,2369,-0.8940000000,219,-6.7420000000,1844,-3.9420000000,68,56.5930000000,238,11.6710000000,10,22026
1022600328,1611661325,1642803,2031,2.1730000000,36,17.9310000000,1257,3.1010000000,12,8.3580000000,726,-0.3160000000,10,22026
1022600328,1611661325,1642815,1492,-6.2710000000,28,-10.0070000000,605,-5.4810000000,20,1.2150000000,839,-6.8940000000,10,22026
1022600328,1611661324,1642820,2240,-1.9490000000,288,-42.0820000000,1532,5.0110000000,110,-11.4250000000,310,4.2970000000,10,22026
1022600328,1611661325,1643433,4013,5.8950000000,1046,3.7860000000,2003,4.8300000000,296,6.3460000000,668,12.1910000000,10,22026
1022600328,1611661325,1643453,1768,9.0590000000,170,32.9450000000,926,5.0690000000,84,22.0930000000,588,6.5760000000,10,22026
1022600328,1611661324,1643489,4503,-0.9910000000,587,-3.4660000000,3056,-1.7640000000,187,-4.0130000000,673,5.5200000000,10,22026
1022600329,1611661320,203014,6851,4.8520000000,530,-2.1380000000,3444,0.7430000000,611,10.5160000000,2266,11.2040000000,10,22026
1022600329,1611661331,203026,2457,-10.8820000000,627,-23.4150000000,1378,-3.8000000000,184,-33.4100000000,268,-2.5140000000,10,22026
1022600329,1611661331,203866,4697,4.7850000000,114,-23.7060000000,3651,7.7380000000,53,-50.8490000000,879,-0.4340000000,10,22026
1022600329,1611661320,204324,5657,-3.7700000000,420,-13.5530000000,3150,-7.1380000000,260,4.8840000000,1827,3.0540000000,10,22026
1022600329,1611661331,204329,6457,-0.8790000000,219,-40.5460000000,3475,-5.1220000000,121,-17.9550000000,2642,8.7710000000,10,22026
1022600329,1611661320,204365,4058,-6.0980000000,1607,-4.4410000000,1945,-6.8920000000,224,-6.5490000000,282,-9.7000000000,10,22026
1022600329,1611661331,1628508,2999,1.0760000000,328,-21.6250000000,2449,5.2460000000,77,-42.4220000000,145,5.0870000000,10,22026
1022600329,1611661320,1628878,5457,0.3480000000,514,-5.9910000000,3073,-2.5310000000,206,6.7610000000,1664,6.8280000000,10,22026
1022600329,1611661331,1628931,5070,-10.4090000000,843,-16.3400000000,3215,-8.7230000000,152,-16.1480000000,860,-9.8840000000,10,22026
1022600329,1611661331,1630097,3998,-7.1290000000,353,-43.5650000000,2772,-3.8020000000,63,-60.5080000000,810,1.5170000000,10,22026
1022600329,1611661320,1630148,827,-6.7970000000,12,-1.1830000000,695,-9.1090000000,0,0.0000000000,120,6.0320000000,10,22026
1022600329,1611661331,1630387,34,-16.3000000000,0,0.0000000000,21,-6.8520000000,0,0.0000000000,13,-31.5620000000,10,22026
1022600329,1611661320,1630996,6525,8.7980000000,603,-2.9550000000,4537,9.6720000000,280,6.6510000000,1105,12.1710000000,10,22026
1022600329,1611661331,1631007,6129,-3.8490000000,2550,-11.5020000000,2553,5.6240000000,527,-11.4540000000,499,-5.1690000000,10,22026
1022600329,1611661331,1641656,168,3.8060000000,12,-12.7670000000,17,-12.7530000000,19,19.4370000000,120,5.3340000000,10,22026
1022600329,1611661331,1641695,38,6.9790000000,0,0.0000000000,34,9.3910000000,0,0.0000000000,4,-13.5250000000,10,22026
1022600329,1611661331,1642767,2532,-2.2410000000,142,-11.5560000000,1576,-7.4720000000,108,-17.9130000000,706,13.7090000000,10,22026
1022600329,1611661320,1642777,2116,1.5950000000,411,2.4520000000,1340,-0.7900000000,37,3.3620000000,328,10.0670000000,10,22026
1022600329,1611661331,1642822,4788,-9.9630000000,1169,-15.3460000000,2708,-10.4180000000,309,-15.9470000000,602,5.6090000000,10,22026
1022600329,1611661320,1643439,2883,-1.3270000000,1202,-1.6880000000,1350,-2.9320000000,106,-0.9030000000,225,10.0270000000,10,22026
1022600329,1611661320,1643462,1419,-5.1800000000,141,-23.3860000000,1030,-5.2890000000,12,1.8580000000,236,5.8170000000,10,22026
1022600329,1611661331,1643832,705,6.4900000000,48,-46.8960000000,231,-1.2910000000,11,-5.2820000000,415,17.3070000000,10,22026
1022600330,1611661317,203826,4477,-12.0860000000,1157,-21.8510000000,1679,-4.6820000000,382,-30.1920000000,1259,-7.4930000000,10,22026
1022600330,1611661319,203833,6770,-3.6330000000,2363,-7.0460000000,3330,-5.3380000000,480,1.9730000000,597,14.8760000000,10,22026
1022600330,1611661319,203855,5981,4.6320000000,95,-14.3020000000,4517,4.8040000000,77,-6.0190000000,1292,6.0610000000,10,22026
1022600330,1611661319,204319,4731,0.5720000000,425,-3.9800000000,3183,1.7860000000,106,-4.1650000000,1017,-0.8330000000,10,22026
1022600330,1611661319,204323,1537,-7.1250000000,45,3.2620000000,390,-14.7810000000,1,7.9000000000,1101,-4.8500000000,10,22026
1022600330,1611661317,204468,2210,0.3260000000,231,-18.2720000000,1273,3.5940000000,253,-24.8760000000,453,14.6990000000,10,22026
1022600330,1611661317,1627674,5075,15.4970000000,614,13.8520000000,3493,17.0730000000,223,-4.7740000000,745,15.5300000000,10,22026
1022600330,1611661317,1628244,3512,-4.2130000000,677,-16.1330000000,2503,-4.2370000000,0,0.0000000000,332,20.2720000000,10,22026
1022600330,1611661317,1628276,7,-100.0000000000,0,0.0000000000,0,0.0000000000,0,0.0000000000,7,-100.0000000000,10,22026
1022600330,1611661319,1628932,6859,3.8950000000,571,-1.0950000000,2765,1.2680000000,589,-4.6680000000,2934,9.0610000000,10,22026
1022600330,1611661319,1629480,658,10.5420000000,7,7.0860000000,222,-0.2440000000,47,-8.3150000000,382,19.1940000000,10,22026
1022600330,1611661319,1629488,2135,-5.8710000000,28,-62.7250000000,714,-8.5640000000,0,0.0000000000,1393,-3.3480000000,10,22026
1022600330,1611661319,1629498,6510,1.8220000000,1991,-3.7680000000,3537,3.8330000000,231,-6.7410000000,751,9.8070000000,10,22026
1022600330,1611661317,1630442,4762,0.6450000000,323,-13.6160000000,1698,-4.1510000000,174,-12.8660000000,2567,6.5290000000,10,22026
1022600330,1611661317,1631118,1938,5.6830000000,395,-7.7620000000,1349,11.6050000000,37,-18.1950000000,157,-5.7450000000,10,22026
1022600330,1611661317,1642768,1,8.2000000000,0,0.0000000000,1,8.2000000000,0,0.0000000000,0,0.0000000000,10,22026
1022600330,1611661319,1642769,2873,5.3900000000,531,1.6050000000,1914,6.1610000000,29,15.0380000000,399,6.0290000000,10,22026
1022600330,1611661317,1642818,2514,-7.9010000000,225,-14.4300000000,1386,-3.3290000000,158,-24.7850000000,745,-10.8540000000,10,22026
1022600330,1611661317,1643438,2345,-8.8670000000,163,-22.1570000000,1258,-7.6300000000,50,3.4980000000,874,-8.8760000000,10,22026
1022600330,1611661317,1643454,64,-43.0690000000,30,-67.4330000000,5,-56.9400000000,0,0.0000000000,29,-15.4720000000,10,22026
1022600330,1611661317,1643470,3510,0.7040000000,1011,-5.9380000000,1613,4.0920000000,331,-14.2810000000,555,11.8930000000,10,22026
1022600330,1611661317,1643493,4779,-1.6150000000,415,-11.9230000000,3425,-0.8470000000,200,-24.2850000000,739,6.7450000000,10,22026
